-- phpMyAdmin SQL Dump
-- version 4.9.7
-- https://www.phpmyadmin.net/
--
-- Hôte : localhost:3306
-- Généré le : mer. 13 oct. 2021 à 08:37
-- Version du serveur :  10.5.12-MariaDB
-- Version de PHP : 7.3.30

SET SQL_MODE = "NO_AUTO_VALUE_ON_ZERO";
SET AUTOCOMMIT = 0;
START TRANSACTION;
SET time_zone = "+00:00";


/*!40101 SET @OLD_CHARACTER_SET_CLIENT=@@CHARACTER_SET_CLIENT */;
/*!40101 SET @OLD_CHARACTER_SET_RESULTS=@@CHARACTER_SET_RESULTS */;
/*!40101 SET @OLD_COLLATION_CONNECTION=@@COLLATION_CONNECTION */;
/*!40101 SET NAMES utf8mb4 */;

--
-- Base de données : `fwpa6521_sy`
--

-- --------------------------------------------------------

--
-- Structure de la table `authtoken_token`
--

CREATE TABLE `authtoken_token` (
  `key` varchar(40) NOT NULL,
  `created` datetime(6) NOT NULL,
  `user_id` int(11) NOT NULL
) ENGINE=InnoDB DEFAULT CHARSET=latin1;

-- --------------------------------------------------------

--
-- Structure de la table `auth_group`
--

CREATE TABLE `auth_group` (
  `id` int(11) NOT NULL,
  `name` varchar(150) NOT NULL
) ENGINE=InnoDB DEFAULT CHARSET=latin1;

--
-- Déchargement des données de la table `auth_group`
--

INSERT INTO `auth_group` (`id`, `name`) VALUES
(2, 'Enseignants'),
(1, 'moderator');

-- --------------------------------------------------------

--
-- Structure de la table `auth_group_permissions`
--

CREATE TABLE `auth_group_permissions` (
  `id` int(11) NOT NULL,
  `group_id` int(11) NOT NULL,
  `permission_id` int(11) NOT NULL
) ENGINE=InnoDB DEFAULT CHARSET=latin1;

--
-- Déchargement des données de la table `auth_group_permissions`
--

INSERT INTO `auth_group_permissions` (`id`, `group_id`, `permission_id`) VALUES
(9, 1, 19),
(10, 1, 20),
(11, 1, 21),
(12, 1, 22),
(13, 1, 23),
(14, 1, 24),
(15, 1, 25),
(16, 1, 26),
(17, 1, 27),
(18, 1, 28),
(19, 1, 29),
(20, 1, 30),
(21, 1, 31),
(22, 1, 32),
(23, 1, 33),
(24, 1, 34),
(25, 1, 35),
(26, 1, 36),
(27, 1, 37),
(28, 1, 38),
(29, 1, 39),
(30, 1, 40),
(31, 1, 41),
(32, 1, 42),
(33, 1, 43),
(4, 1, 44),
(3, 1, 45),
(34, 1, 46),
(35, 1, 47),
(36, 1, 48),
(37, 1, 49),
(38, 1, 50),
(39, 1, 51),
(40, 1, 52),
(41, 1, 53),
(42, 1, 54),
(43, 1, 55),
(44, 1, 56),
(45, 1, 57),
(46, 1, 58),
(47, 1, 59),
(48, 1, 60),
(49, 1, 61),
(50, 1, 62),
(51, 1, 63),
(52, 1, 64),
(53, 1, 65),
(54, 1, 66),
(6, 2, 41),
(7, 2, 44),
(8, 2, 45),
(5, 2, 48);

-- --------------------------------------------------------

--
-- Structure de la table `auth_permission`
--

CREATE TABLE `auth_permission` (
  `id` int(11) NOT NULL,
  `name` varchar(255) NOT NULL,
  `content_type_id` int(11) NOT NULL,
  `codename` varchar(100) NOT NULL
) ENGINE=InnoDB DEFAULT CHARSET=latin1;

--
-- Déchargement des données de la table `auth_permission`
--

INSERT INTO `auth_permission` (`id`, `name`, `content_type_id`, `codename`) VALUES
(1, 'Can add log entry', 1, 'add_logentry'),
(2, 'Can change log entry', 1, 'change_logentry'),
(3, 'Can delete log entry', 1, 'delete_logentry'),
(4, 'Can view log entry', 1, 'view_logentry'),
(5, 'Can add permission', 2, 'add_permission'),
(6, 'Can change permission', 2, 'change_permission'),
(7, 'Can delete permission', 2, 'delete_permission'),
(8, 'Can view permission', 2, 'view_permission'),
(9, 'Can add group', 3, 'add_group'),
(10, 'Can change group', 3, 'change_group'),
(11, 'Can delete group', 3, 'delete_group'),
(12, 'Can view group', 3, 'view_group'),
(13, 'Can add user', 4, 'add_user'),
(14, 'Can change user', 4, 'change_user'),
(15, 'Can delete user', 4, 'delete_user'),
(16, 'Can view user', 4, 'view_user'),
(17, 'Can add content type', 5, 'add_contenttype'),
(18, 'Can change content type', 5, 'change_contenttype'),
(19, 'Can delete content type', 5, 'delete_contenttype'),
(20, 'Can view content type', 5, 'view_contenttype'),
(21, 'Can add session', 6, 'add_session'),
(22, 'Can change session', 6, 'change_session'),
(23, 'Can delete session', 6, 'delete_session'),
(24, 'Can view session', 6, 'view_session'),
(25, 'Can add answer', 7, 'add_answer'),
(26, 'Can change answer', 7, 'change_answer'),
(27, 'Can delete answer', 7, 'delete_answer'),
(28, 'Can view answer', 7, 'view_answer'),
(29, 'Can add answer paper', 8, 'add_answerpaper'),
(30, 'Can change answer paper', 8, 'change_answerpaper'),
(31, 'Can delete answer paper', 8, 'delete_answerpaper'),
(32, 'Can view answer paper', 8, 'view_answerpaper'),
(33, 'Can add assignment upload', 9, 'add_assignmentupload'),
(34, 'Can change assignment upload', 9, 'change_assignmentupload'),
(35, 'Can delete assignment upload', 9, 'delete_assignmentupload'),
(36, 'Can view assignment upload', 9, 'view_assignmentupload'),
(37, 'Can add concurrent user', 10, 'add_concurrentuser'),
(38, 'Can change concurrent user', 10, 'change_concurrentuser'),
(39, 'Can delete concurrent user', 10, 'delete_concurrentuser'),
(40, 'Can view concurrent user', 10, 'view_concurrentuser'),
(41, 'Can add course', 11, 'add_course'),
(42, 'Can change course', 11, 'change_course'),
(43, 'Can delete course', 11, 'delete_course'),
(44, 'Can view course', 11, 'view_course'),
(45, 'Can add file upload', 12, 'add_fileupload'),
(46, 'Can change file upload', 12, 'change_fileupload'),
(47, 'Can delete file upload', 12, 'delete_fileupload'),
(48, 'Can view file upload', 12, 'view_fileupload'),
(49, 'Can add profile', 13, 'add_profile'),
(50, 'Can change profile', 13, 'change_profile'),
(51, 'Can delete profile', 13, 'delete_profile'),
(52, 'Can view profile', 13, 'view_profile'),
(53, 'Can add question', 14, 'add_question'),
(54, 'Can change question', 14, 'change_question'),
(55, 'Can delete question', 14, 'delete_question'),
(56, 'Can view question', 14, 'view_question'),
(57, 'Can add question paper', 15, 'add_questionpaper'),
(58, 'Can change question paper', 15, 'change_questionpaper'),
(59, 'Can delete question paper', 15, 'delete_questionpaper'),
(60, 'Can view question paper', 15, 'view_questionpaper'),
(61, 'Can add question set', 16, 'add_questionset'),
(62, 'Can change question set', 16, 'change_questionset'),
(63, 'Can delete question set', 16, 'delete_questionset'),
(64, 'Can view question set', 16, 'view_questionset'),
(65, 'Can add quiz', 17, 'add_quiz'),
(66, 'Can change quiz', 17, 'change_quiz'),
(67, 'Can delete quiz', 17, 'delete_quiz'),
(68, 'Can view quiz', 17, 'view_quiz'),
(69, 'Can add test case', 18, 'add_testcase'),
(70, 'Can change test case', 18, 'change_testcase'),
(71, 'Can delete test case', 18, 'delete_testcase'),
(72, 'Can view test case', 18, 'view_testcase'),
(73, 'Can add hook test case', 19, 'add_hooktestcase'),
(74, 'Can change hook test case', 19, 'change_hooktestcase'),
(75, 'Can delete hook test case', 19, 'delete_hooktestcase'),
(76, 'Can view hook test case', 19, 'view_hooktestcase'),
(77, 'Can add mcq test case', 20, 'add_mcqtestcase'),
(78, 'Can change mcq test case', 20, 'change_mcqtestcase'),
(79, 'Can delete mcq test case', 20, 'delete_mcqtestcase'),
(80, 'Can view mcq test case', 20, 'view_mcqtestcase'),
(81, 'Can add standard test case', 21, 'add_standardtestcase'),
(82, 'Can change standard test case', 21, 'change_standardtestcase'),
(83, 'Can delete standard test case', 21, 'delete_standardtestcase'),
(84, 'Can view standard test case', 21, 'view_standardtestcase'),
(85, 'Can add std io based test case', 22, 'add_stdiobasedtestcase'),
(86, 'Can change std io based test case', 22, 'change_stdiobasedtestcase'),
(87, 'Can delete std io based test case', 22, 'delete_stdiobasedtestcase'),
(88, 'Can view std io based test case', 22, 'view_stdiobasedtestcase'),
(89, 'Can add float test case', 23, 'add_floattestcase'),
(90, 'Can change float test case', 23, 'change_floattestcase'),
(91, 'Can delete float test case', 23, 'delete_floattestcase'),
(92, 'Can view float test case', 23, 'view_floattestcase'),
(93, 'Can add integer test case', 24, 'add_integertestcase'),
(94, 'Can change integer test case', 24, 'change_integertestcase'),
(95, 'Can delete integer test case', 24, 'delete_integertestcase'),
(96, 'Can view integer test case', 24, 'view_integertestcase'),
(97, 'Can add string test case', 25, 'add_stringtestcase'),
(98, 'Can change string test case', 25, 'change_stringtestcase'),
(99, 'Can delete string test case', 25, 'delete_stringtestcase'),
(100, 'Can view string test case', 25, 'view_stringtestcase'),
(101, 'Can add course status', 26, 'add_coursestatus'),
(102, 'Can change course status', 26, 'change_coursestatus'),
(103, 'Can delete course status', 26, 'delete_coursestatus'),
(104, 'Can view course status', 26, 'view_coursestatus'),
(105, 'Can add learning module', 27, 'add_learningmodule'),
(106, 'Can change learning module', 27, 'change_learningmodule'),
(107, 'Can delete learning module', 27, 'delete_learningmodule'),
(108, 'Can view learning module', 27, 'view_learningmodule'),
(109, 'Can add learning unit', 28, 'add_learningunit'),
(110, 'Can change learning unit', 28, 'change_learningunit'),
(111, 'Can delete learning unit', 28, 'delete_learningunit'),
(112, 'Can view learning unit', 28, 'view_learningunit'),
(113, 'Can add lesson', 29, 'add_lesson'),
(114, 'Can change lesson', 29, 'change_lesson'),
(115, 'Can delete lesson', 29, 'delete_lesson'),
(116, 'Can view lesson', 29, 'view_lesson'),
(117, 'Can add lesson file', 30, 'add_lessonfile'),
(118, 'Can change lesson file', 30, 'change_lessonfile'),
(119, 'Can delete lesson file', 30, 'delete_lessonfile'),
(120, 'Can view lesson file', 30, 'view_lessonfile'),
(121, 'Can add arrange test case', 31, 'add_arrangetestcase'),
(122, 'Can change arrange test case', 31, 'change_arrangetestcase'),
(123, 'Can delete arrange test case', 31, 'delete_arrangetestcase'),
(124, 'Can view arrange test case', 31, 'view_arrangetestcase'),
(125, 'Can add test case order', 32, 'add_testcaseorder'),
(126, 'Can change test case order', 32, 'change_testcaseorder'),
(127, 'Can delete test case order', 32, 'delete_testcaseorder'),
(128, 'Can view test case order', 32, 'view_testcaseorder'),
(129, 'Can add forum base', 33, 'add_forumbase'),
(130, 'Can change forum base', 33, 'change_forumbase'),
(131, 'Can delete forum base', 33, 'delete_forumbase'),
(132, 'Can view forum base', 33, 'view_forumbase'),
(133, 'Can add post', 34, 'add_post'),
(134, 'Can change post', 34, 'change_post'),
(135, 'Can delete post', 34, 'delete_post'),
(136, 'Can view post', 34, 'view_post'),
(137, 'Can add comment', 35, 'add_comment'),
(138, 'Can change comment', 35, 'change_comment'),
(139, 'Can delete comment', 35, 'delete_comment'),
(140, 'Can view comment', 35, 'view_comment'),
(141, 'Can add micro manager', 36, 'add_micromanager'),
(142, 'Can change micro manager', 36, 'change_micromanager'),
(143, 'Can delete micro manager', 36, 'delete_micromanager'),
(144, 'Can view micro manager', 36, 'view_micromanager'),
(145, 'Can add topic', 37, 'add_topic'),
(146, 'Can change topic', 37, 'change_topic'),
(147, 'Can delete topic', 37, 'delete_topic'),
(148, 'Can view topic', 37, 'view_topic'),
(149, 'Can add table of contents', 38, 'add_tableofcontents'),
(150, 'Can change table of contents', 38, 'change_tableofcontents'),
(151, 'Can delete table of contents', 38, 'delete_tableofcontents'),
(152, 'Can view table of contents', 38, 'view_tableofcontents'),
(153, 'Can add lesson quiz answer', 39, 'add_lessonquizanswer'),
(154, 'Can change lesson quiz answer', 39, 'change_lessonquizanswer'),
(155, 'Can delete lesson quiz answer', 39, 'delete_lessonquizanswer'),
(156, 'Can view lesson quiz answer', 39, 'view_lessonquizanswer'),
(157, 'Can add q rcode handler', 40, 'add_qrcodehandler'),
(158, 'Can change q rcode handler', 40, 'change_qrcodehandler'),
(159, 'Can delete q rcode handler', 40, 'delete_qrcodehandler'),
(160, 'Can view q rcode handler', 40, 'view_qrcodehandler'),
(161, 'Can add q rcode', 41, 'add_qrcode'),
(162, 'Can change q rcode', 41, 'change_qrcode'),
(163, 'Can delete q rcode', 41, 'delete_qrcode'),
(164, 'Can view q rcode', 41, 'view_qrcode'),
(165, 'Can add Tag', 42, 'add_tag'),
(166, 'Can change Tag', 42, 'change_tag'),
(167, 'Can delete Tag', 42, 'delete_tag'),
(168, 'Can view Tag', 42, 'view_tag'),
(169, 'Can add Tagged Item', 43, 'add_taggeditem'),
(170, 'Can change Tagged Item', 43, 'change_taggeditem'),
(171, 'Can delete Tagged Item', 43, 'delete_taggeditem'),
(172, 'Can view Tagged Item', 43, 'view_taggeditem'),
(173, 'Can add association', 44, 'add_association'),
(174, 'Can change association', 44, 'change_association'),
(175, 'Can delete association', 44, 'delete_association'),
(176, 'Can view association', 44, 'view_association'),
(177, 'Can add code', 45, 'add_code'),
(178, 'Can change code', 45, 'change_code'),
(179, 'Can delete code', 45, 'delete_code'),
(180, 'Can view code', 45, 'view_code'),
(181, 'Can add nonce', 46, 'add_nonce'),
(182, 'Can change nonce', 46, 'change_nonce'),
(183, 'Can delete nonce', 46, 'delete_nonce'),
(184, 'Can view nonce', 46, 'view_nonce'),
(185, 'Can add user social auth', 47, 'add_usersocialauth'),
(186, 'Can change user social auth', 47, 'change_usersocialauth'),
(187, 'Can delete user social auth', 47, 'delete_usersocialauth'),
(188, 'Can view user social auth', 47, 'view_usersocialauth'),
(189, 'Can add partial', 48, 'add_partial'),
(190, 'Can change partial', 48, 'change_partial'),
(191, 'Can delete partial', 48, 'delete_partial'),
(192, 'Can view partial', 48, 'view_partial'),
(193, 'Can add grade range', 49, 'add_graderange'),
(194, 'Can change grade range', 49, 'change_graderange'),
(195, 'Can delete grade range', 49, 'delete_graderange'),
(196, 'Can view grade range', 49, 'view_graderange'),
(197, 'Can add grading system', 50, 'add_gradingsystem'),
(198, 'Can change grading system', 50, 'change_gradingsystem'),
(199, 'Can delete grading system', 50, 'delete_gradingsystem'),
(200, 'Can view grading system', 50, 'view_gradingsystem'),
(201, 'Can add track lesson', 51, 'add_tracklesson'),
(202, 'Can change track lesson', 51, 'change_tracklesson'),
(203, 'Can delete track lesson', 51, 'delete_tracklesson'),
(204, 'Can view track lesson', 51, 'view_tracklesson'),
(205, 'Can add lesson log', 52, 'add_lessonlog'),
(206, 'Can change lesson log', 52, 'change_lessonlog'),
(207, 'Can delete lesson log', 52, 'delete_lessonlog'),
(208, 'Can view lesson log', 52, 'view_lessonlog'),
(209, 'Can add crontab', 53, 'add_crontabschedule'),
(210, 'Can change crontab', 53, 'change_crontabschedule'),
(211, 'Can delete crontab', 53, 'delete_crontabschedule'),
(212, 'Can view crontab', 53, 'view_crontabschedule'),
(213, 'Can add interval', 54, 'add_intervalschedule'),
(214, 'Can change interval', 54, 'change_intervalschedule'),
(215, 'Can delete interval', 54, 'delete_intervalschedule'),
(216, 'Can view interval', 54, 'view_intervalschedule'),
(217, 'Can add periodic task', 55, 'add_periodictask'),
(218, 'Can change periodic task', 55, 'change_periodictask'),
(219, 'Can delete periodic task', 55, 'delete_periodictask'),
(220, 'Can view periodic task', 55, 'view_periodictask'),
(221, 'Can add periodic tasks', 56, 'add_periodictasks'),
(222, 'Can change periodic tasks', 56, 'change_periodictasks'),
(223, 'Can delete periodic tasks', 56, 'delete_periodictasks'),
(224, 'Can view periodic tasks', 56, 'view_periodictasks'),
(225, 'Can add solar event', 57, 'add_solarschedule'),
(226, 'Can change solar event', 57, 'change_solarschedule'),
(227, 'Can delete solar event', 57, 'delete_solarschedule'),
(228, 'Can view solar event', 57, 'view_solarschedule'),
(229, 'Can add clocked', 58, 'add_clockedschedule'),
(230, 'Can change clocked', 58, 'change_clockedschedule'),
(231, 'Can delete clocked', 58, 'delete_clockedschedule'),
(232, 'Can view clocked', 58, 'view_clockedschedule'),
(233, 'Can add task result', 59, 'add_taskresult'),
(234, 'Can change task result', 59, 'change_taskresult'),
(235, 'Can delete task result', 59, 'delete_taskresult'),
(236, 'Can view task result', 59, 'view_taskresult'),
(237, 'Can add notification message', 60, 'add_notificationmessage'),
(238, 'Can change notification message', 60, 'change_notificationmessage'),
(239, 'Can delete notification message', 60, 'delete_notificationmessage'),
(240, 'Can view notification message', 60, 'view_notificationmessage'),
(241, 'Can add notification', 61, 'add_notification'),
(242, 'Can change notification', 61, 'change_notification'),
(243, 'Can delete notification', 61, 'delete_notification'),
(244, 'Can view notification', 61, 'view_notification'),
(245, 'Can add Token', 62, 'add_token'),
(246, 'Can change Token', 62, 'change_token'),
(247, 'Can delete Token', 62, 'delete_token'),
(248, 'Can view Token', 62, 'view_token'),
(249, 'Can add Language backup', 63, 'add_translationbackup'),
(250, 'Can change Language backup', 63, 'change_translationbackup'),
(251, 'Can delete Language backup', 63, 'delete_translationbackup'),
(252, 'Can view Language backup', 63, 'view_translationbackup'),
(253, 'Can add Translation entry', 64, 'add_translationentry'),
(254, 'Can change Translation entry', 64, 'change_translationentry'),
(255, 'Can delete Translation entry', 64, 'delete_translationentry'),
(256, 'Can view Translation entry', 64, 'view_translationentry'),
(257, 'admin-translation_entry-load-from-po', 64, 'load'),
(258, 'Can add remote translation entry', 65, 'add_remotetranslationentry'),
(259, 'Can change remote translation entry', 65, 'change_remotetranslationentry'),
(260, 'Can delete remote translation entry', 65, 'delete_remotetranslationentry'),
(261, 'Can view remote translation entry', 65, 'view_remotetranslationentry'),
(262, 'admin-translation_entry-sync', 65, 'sync'),
(263, 'Can add proxy translation entry', 66, 'add_proxytranslationentry'),
(264, 'Can change proxy translation entry', 66, 'change_proxytranslationentry'),
(265, 'Can delete proxy translation entry', 66, 'delete_proxytranslationentry'),
(266, 'Can view proxy translation entry', 66, 'view_proxytranslationentry'),
(267, 'Can add Forum', 67, 'add_forum'),
(268, 'Can change Forum', 67, 'change_forum'),
(269, 'Can delete Forum', 67, 'delete_forum'),
(270, 'Can view Forum', 67, 'view_forum'),
(271, 'Can add Post', 68, 'add_post'),
(272, 'Can change Post', 68, 'change_post'),
(273, 'Can delete Post', 68, 'delete_post'),
(274, 'Can view Post', 68, 'view_post'),
(275, 'Can add Topic', 69, 'add_topic'),
(276, 'Can change Topic', 69, 'change_topic'),
(277, 'Can delete Topic', 69, 'delete_topic'),
(278, 'Can view Topic', 69, 'view_topic'),
(279, 'Can add Attachment', 70, 'add_attachment'),
(280, 'Can change Attachment', 70, 'change_attachment'),
(281, 'Can delete Attachment', 70, 'delete_attachment'),
(282, 'Can view Attachment', 70, 'view_attachment'),
(283, 'Can add Topic poll', 71, 'add_topicpoll'),
(284, 'Can change Topic poll', 71, 'change_topicpoll'),
(285, 'Can delete Topic poll', 71, 'delete_topicpoll'),
(286, 'Can view Topic poll', 71, 'view_topicpoll'),
(287, 'Can add Topic poll option', 72, 'add_topicpolloption'),
(288, 'Can change Topic poll option', 72, 'change_topicpolloption'),
(289, 'Can delete Topic poll option', 72, 'delete_topicpolloption'),
(290, 'Can view Topic poll option', 72, 'view_topicpolloption'),
(291, 'Can add Topic poll vote', 73, 'add_topicpollvote'),
(292, 'Can change Topic poll vote', 73, 'change_topicpollvote'),
(293, 'Can delete Topic poll vote', 73, 'delete_topicpollvote'),
(294, 'Can view Topic poll vote', 73, 'view_topicpollvote'),
(295, 'Can add Forum track', 74, 'add_forumreadtrack'),
(296, 'Can change Forum track', 74, 'change_forumreadtrack'),
(297, 'Can delete Forum track', 74, 'delete_forumreadtrack'),
(298, 'Can view Forum track', 74, 'view_forumreadtrack'),
(299, 'Can add Topic track', 75, 'add_topicreadtrack'),
(300, 'Can change Topic track', 75, 'change_topicreadtrack'),
(301, 'Can delete Topic track', 75, 'delete_topicreadtrack'),
(302, 'Can view Topic track', 75, 'view_topicreadtrack'),
(303, 'Can add Forum profile', 76, 'add_forumprofile'),
(304, 'Can change Forum profile', 76, 'change_forumprofile'),
(305, 'Can delete Forum profile', 76, 'delete_forumprofile'),
(306, 'Can view Forum profile', 76, 'view_forumprofile'),
(307, 'Can add Forum permission', 77, 'add_forumpermission'),
(308, 'Can change Forum permission', 77, 'change_forumpermission'),
(309, 'Can delete Forum permission', 77, 'delete_forumpermission'),
(310, 'Can view Forum permission', 77, 'view_forumpermission'),
(311, 'Can add Group forum permission', 78, 'add_groupforumpermission'),
(312, 'Can change Group forum permission', 78, 'change_groupforumpermission'),
(313, 'Can delete Group forum permission', 78, 'delete_groupforumpermission'),
(314, 'Can view Group forum permission', 78, 'view_groupforumpermission'),
(315, 'Can add User forum permission', 79, 'add_userforumpermission'),
(316, 'Can change User forum permission', 79, 'change_userforumpermission'),
(317, 'Can delete User forum permission', 79, 'delete_userforumpermission'),
(318, 'Can view User forum permission', 79, 'view_userforumpermission');

-- --------------------------------------------------------

--
-- Structure de la table `auth_user`
--

CREATE TABLE `auth_user` (
  `id` int(11) NOT NULL,
  `password` varchar(128) NOT NULL,
  `last_login` datetime(6) DEFAULT NULL,
  `is_superuser` tinyint(1) NOT NULL,
  `username` varchar(150) NOT NULL,
  `first_name` varchar(150) NOT NULL,
  `last_name` varchar(150) NOT NULL,
  `email` varchar(254) NOT NULL,
  `is_staff` tinyint(1) NOT NULL,
  `is_active` tinyint(1) NOT NULL,
  `date_joined` datetime(6) NOT NULL
) ENGINE=InnoDB DEFAULT CHARSET=latin1;

--
-- Déchargement des données de la table `auth_user`
--

INSERT INTO `auth_user` (`id`, `password`, `last_login`, `is_superuser`, `username`, `first_name`, `last_name`, `email`, `is_staff`, `is_active`, `date_joined`) VALUES
(1, 'pbkdf2_sha256$216000$XMfLEtMfa07C$Jms3Il+RtSyLXnzSHQwTum+WDv8N5T35jvhuru8xJVw=', '2021-10-12 18:23:55.516596', 1, 'admin', '', '', 'admin@mail.com', 1, 1, '2017-01-09 05:53:08.743000'),
(2, 'pbkdf2_sha256$216000$wjBSJHs3eN2w$myz3+8rV3irFljn/nNznGlsjEdzEMjh6PMnw0tV4ktA=', '2021-08-06 16:10:52.254471', 0, 'teacher', 'Teacher', 'Teacher', 'teacher@mail.com', 0, 1, '2017-01-09 05:55:19.000000'),
(3, 'pbkdf2_sha256$216000$oSGfD91kSOAA$iwISGZJBhGAvJdqKUoNN60Y4sXMvQg2qC1KXS8EWSy4=', '2021-08-18 21:26:32.454662', 0, 'student', 'Student', 'Student', 'student@mail.com', 0, 1, '2017-01-09 05:57:02.954000'),
(4, 'pbkdf2_sha256$216000$gSWVWIuPGTsr$jJ3yTJgEI2HbjU58jC4uthmO/oPi1wX5TFCRtbXkGzM=', '2021-07-21 17:07:28.941855', 0, 'sya', 'Ala', 'BA', 'baala376@gmail.com', 0, 1, '2021-07-15 19:00:16.000000'),
(5, 'pbkdf2_sha256$216000$I8RSqAi1ISnm$2dOtJct2Q+eMnDsOMQmgBdF2kOmLXlQb9YPpGpJJ0j8=', '2021-07-28 17:32:00.605796', 0, 'olfa', 'olfa', 'chaieb', 'sampleuser@xyz.com', 0, 1, '2021-07-16 12:12:59.391342'),
(6, 'pbkdf2_sha256$216000$MVHdHSShlAXc$uYZ1psSIo1e+6F6F5JVVKURecrFLAba68Ei0GTrlnEw=', '2021-09-29 18:09:12.687582', 0, 'CHAIEB', 'Adel', 'CHAIEB', 'adel.chaieb@gmail.com', 0, 1, '2021-07-16 17:59:55.000000'),
(7, 'pbkdf2_sha256$216000$H2AY5me4s05V$6R2zQKv7LPGqG8Mq6cODx0oAKgfhx5/meRZuH+i8KVo=', '2021-07-16 18:34:51.000000', 1, 'syaliou', 'Aliou', 'SY', '', 1, 1, '2021-07-16 18:34:53.000000'),
(8, 'pbkdf2_sha256$216000$iEuH88pZPXge$XErVYgpfRNRF1e4GrYWiww40lofMNu0WxIKj3aRzyTg=', '2021-07-23 16:14:10.209339', 0, 'petty', 'Petty', 'Martin', 'pettymartin3@gmail.com', 0, 1, '2021-07-23 13:33:32.210848'),
(9, 'pbkdf2_sha256$216000$yqh0FcYcE4vT$nqSS2xKHvfXDvqHCXHyVVcOg/W8fikYmUQqwbtXAagc=', '2021-09-29 13:26:33.289736', 0, 'Zeinabou', 'ABDEL GHADER', 'Zeinabou', 'ABDEL-GHADER@iziklasse.net', 0, 1, '2021-09-29 13:19:04.308258'),
(10, 'pbkdf2_sha256$216000$7u78wQOX15gd$uR2QrZqnvrIXqZVkyjlcx46xZlwNkntGeKyhGBn0EMg=', NULL, 0, 'Reva', 'ABDELLAHI', 'Reva', 'ABDELLAHI@iziklasse.net', 0, 1, '2021-09-29 13:19:04.630101'),
(11, 'pbkdf2_sha256$216000$Oo3HU5Aw0jAo$m5canQt/jqytgtFV1XlS5lQRvoOGgYjynlaghn84Z8Q=', NULL, 0, 'Mariem', 'AHMED EL MOCTAR', 'Mariem', 'AHMED-EL-MOCTAR@iziklasse.net', 0, 1, '2021-09-29 13:19:05.038253'),
(12, 'pbkdf2_sha256$216000$ZsrcOfHLX9mT$YF6K8lQ1ZDH8LHrbXuIFTAtg0Ipqg0LoIlPVPdm1zSw=', NULL, 0, 'Mamoudou', 'BA', 'Mamoudou', 'BA@iziklasse.net', 0, 1, '2021-09-29 13:19:05.298094'),
(13, 'pbkdf2_sha256$216000$Lzz9QiV9dOo5$IcHJHEXpINAwYcTQ9unBGljd2BkQ0gwtGYJ2DLvSzr8=', NULL, 0, 'Deyina', 'BAYA', 'Deyina', 'BAYA@iziklasse.net', 0, 1, '2021-09-29 13:19:05.568705'),
(14, 'pbkdf2_sha256$216000$3DnKpFjO8mmC$bVkm2RlbGdoPMx3Nd/cDO95eRLPAsgV3xcphgjnRg1g=', NULL, 0, 'Fatimetou', 'BELLAHI', 'Fatimetou', 'BELLAHI@iziklasse.net', 0, 1, '2021-09-29 13:19:05.826147'),
(15, 'pbkdf2_sha256$216000$5JUSLi2fD6iC$uSEGgAiPYhtuHC9o79nzDcayflw7WogIehSnyCIM0c8=', NULL, 0, 'Mohamed El Mehdi', 'BENHMEIDA', 'Mohamed El Mehdi', 'BENHMEIDA@iziklasse.net', 0, 1, '2021-09-29 13:19:06.070734'),
(16, 'pbkdf2_sha256$216000$u1r2nsq3yfVq$jzaL+TfFko7sZKWF01++bW7UXYnInuSzB3PP70Hlc3A=', NULL, 0, 'Mohamed El Hacen', 'BOUKHREISS', 'Mohamed El Hacen', 'BOUKHREISS@iziklasse.net', 0, 1, '2021-09-29 13:19:06.325364'),
(17, 'pbkdf2_sha256$216000$NEIqy7mFSF9I$cC2QeXH86LpRmQCtWYi1K+ZsBBkD+XiagSn2SjOTep0=', NULL, 0, 'Abdel-Majid', 'CHROUGHA', 'Abdel-Majid', 'CHROUGHA@iziklasse.net', 0, 1, '2021-09-29 13:19:06.568408'),
(18, 'pbkdf2_sha256$216000$2IsLNZC2ukET$rcboew6VYwKf3GU9R0PXdhOrs6tvaJS0ZdBotj47i/s=', NULL, 0, 'Ely', 'DENEBJA', 'Ely', 'DENEBJA@iziklasse.net', 0, 1, '2021-09-29 13:19:06.823428'),
(19, 'pbkdf2_sha256$216000$PM13wtKyMWqZ$I1RPKPnIrhOF8Y8RouywUKUmN31HaMtswrlaL7BL/20=', NULL, 0, 'Rokhya', 'DIABY', 'Rokhya', 'DIABY@iziklasse.net', 0, 1, '2021-09-29 13:19:07.069970'),
(20, 'pbkdf2_sha256$216000$YcHFepi79TO2$rQ0YH5XJySxto9MecJ/szCnBHl4GGD8suORBYov8oEk=', NULL, 0, 'Mohamed', 'DIDI', 'Mohamed', 'DIDI@iziklasse.net', 0, 1, '2021-09-29 13:19:07.326665'),
(21, 'pbkdf2_sha256$216000$OIry7ZEIJ6hM$QZdF0FFP7kW8dAuPlEIXqLIr1FbzeCQXgCU8QXw//yU=', NULL, 0, 'Scheima', 'DIDI', 'Scheima', 'DIDI.scheima@iziklasse.net', 0, 1, '2021-09-29 13:19:07.569073'),
(22, 'pbkdf2_sha256$216000$cvsFYdq2HggK$qbiQYdkubj5PEN/jLctlx7JCV9eTnI2DBBsU6YYWbTU=', NULL, 0, 'El Hadrami', 'HADRAMI', 'El Hadrami', 'HADRAMI@iziklasse.net', 0, 1, '2021-09-29 13:19:07.830113'),
(23, 'pbkdf2_sha256$216000$kX5lrAXEhSda$EjYqDKXAp82JJGnJj1V1FgTOtcuSiGGtF7/R8QcdM3U=', NULL, 0, 'Nouma', 'HAIDALLA', 'Nouma', 'HAIDALLA@iziklasse.net', 0, 1, '2021-09-29 13:19:08.074432'),
(24, 'pbkdf2_sha256$216000$sMuRmoTHspD6$Gga7pe0OKN3//Owl+JtLoDvRIs7i00DB6VTPSd7dc54=', NULL, 0, 'Imane', 'HAMMONY', 'Imane', 'HAMMONY@iziklasse.net', 0, 1, '2021-09-29 13:19:08.327472'),
(25, 'pbkdf2_sha256$216000$aGI70he4Yjlr$Xs3QErliMyPte1qoeXEd3HjctlwYhET//nhNtui6whE=', NULL, 0, 'Ayoub', 'HAMROUNI', 'Ayoub', 'HAMROUNI@iziklasse.net', 0, 1, '2021-09-29 13:19:08.566544'),
(26, 'pbkdf2_sha256$216000$tNJuJRZrKfpG$PkLYeMbmSyVQVDJ8vV7m8MlbUnxqehPGcrTPi6krbeE=', NULL, 0, 'Wedou', 'LEMGHAMBEJ', 'Wedou', 'LEMGHAMBEJ@iziklasse.net', 0, 1, '2021-09-29 13:19:08.825069'),
(27, 'pbkdf2_sha256$216000$KDphWCZGG6zr$6N1w4fykvsisCSKMXveMs3ugBCW+Zwn942Z3mOwaP+I=', NULL, 0, 'Aichetou', 'LIMAM', 'Aichetou', 'LIMAM@iziklasse.net', 0, 1, '2021-09-29 13:19:09.066653'),
(28, 'pbkdf2_sha256$216000$rrXtov299lZl$Zjv3jtIugXdXuqWVAf4bgLbaItWtUGcCP4mO3oXGuhk=', NULL, 0, 'Iman', 'MOHAMED SALECK', 'Iman', 'MOHAMED-SALECK@iziklasse.net', 0, 1, '2021-09-29 13:19:09.321982'),
(29, 'pbkdf2_sha256$216000$z2nTRBzcFJjW$nzYYxecFM664j9IRocXosWXrPhpCtqO8mQt2qHwwBWY=', NULL, 0, 'Erwan', 'MORAIS', 'Erwan', 'MORAIS@iziklasse.net', 0, 1, '2021-09-29 13:19:09.568507'),
(30, 'pbkdf2_sha256$216000$x5PyKMR7puLE$u+TT6mwqU0JwavxZbpmmSBlNXf2rG21gM00nmfacl1c=', NULL, 0, 'Lalla', 'NE', 'Lalla', 'NE@iziklasse.net', 0, 1, '2021-09-29 13:19:09.828496'),
(31, 'pbkdf2_sha256$216000$o66VaOl3Rg9h$iFuHfOE4InUVPacGcT+3naJ6l8IdHOx98WI6OnOkepc=', NULL, 0, 'Yasmine', 'OULD DIE', 'Yasmine', 'OULD-DIE@iziklasse.net', 0, 1, '2021-09-29 13:19:10.072383'),
(32, 'pbkdf2_sha256$216000$JrqG1wl1mMk0$gl9qBf1jBzDhQYP+WskVLkMitfOVVCs2OJFpDxy18ec=', NULL, 0, 'Bill Marie Mike', 'RUHUMURIZA', 'Bill Marie Mike', 'RUHUMURIZA@iziklasse.net', 0, 1, '2021-09-29 13:19:10.361659'),
(33, 'pbkdf2_sha256$216000$JK2UTkHTzlG6$IVh26Prs+X6zZX3GtXvfgReFWKr9Wkoqk4KrOFU0/ts=', NULL, 0, 'Sidi Abdoullah', 'ZEIN', 'Sidi Abdoullah', 'ZEIN@iziklasse.net', 0, 1, '2021-09-29 13:19:10.647032');

-- --------------------------------------------------------

--
-- Structure de la table `auth_user_groups`
--

CREATE TABLE `auth_user_groups` (
  `id` int(11) NOT NULL,
  `user_id` int(11) NOT NULL,
  `group_id` int(11) NOT NULL
) ENGINE=InnoDB DEFAULT CHARSET=latin1;

--
-- Déchargement des données de la table `auth_user_groups`
--

INSERT INTO `auth_user_groups` (`id`, `user_id`, `group_id`) VALUES
(11, 2, 1),
(6, 4, 1),
(14, 6, 1),
(10, 8, 1);

-- --------------------------------------------------------

--
-- Structure de la table `auth_user_user_permissions`
--

CREATE TABLE `auth_user_user_permissions` (
  `id` int(11) NOT NULL,
  `user_id` int(11) NOT NULL,
  `permission_id` int(11) NOT NULL
) ENGINE=InnoDB DEFAULT CHARSET=latin1;

-- --------------------------------------------------------

--
-- Structure de la table `django_admin_log`
--

CREATE TABLE `django_admin_log` (
  `id` int(11) NOT NULL,
  `action_time` datetime(6) NOT NULL,
  `object_id` longtext DEFAULT NULL,
  `object_repr` varchar(200) NOT NULL,
  `action_flag` smallint(5) UNSIGNED NOT NULL CHECK (`action_flag` >= 0),
  `change_message` longtext NOT NULL,
  `content_type_id` int(11) DEFAULT NULL,
  `user_id` int(11) NOT NULL
) ENGINE=InnoDB DEFAULT CHARSET=latin1;

--
-- Déchargement des données de la table `django_admin_log`
--

INSERT INTO `django_admin_log` (`id`, `action_time`, `object_id`, `object_repr`, `action_flag`, `change_message`, `content_type_id`, `user_id`) VALUES
(1, '2017-01-09 05:53:57.249000', '1', 'moderator', 2, 'No fields changed.', 3, 1),
(2, '2017-01-09 05:55:45.973000', '2', 'teacher', 2, 'Changed groups.', 4, 1),
(3, '2021-07-15 12:03:25.339339', '2', 'CHAIEB', 2, '[{\"changed\": {\"fields\": [\"password\"]}}]', 4, 1),
(4, '2021-07-15 12:12:52.955206', '2', 'CHAIEB', 2, '[{\"changed\": {\"fields\": [\"User permissions\"]}}]', 4, 2),
(5, '2021-07-15 13:48:19.753482', '1', 'Élèves', 1, '[{\"added\": {}}]', 3, 2),
(6, '2021-07-15 13:51:02.605679', '2', 'Enseignants', 1, '[{\"added\": {}}]', 3, 2),
(7, '2021-07-15 13:55:01.674852', '3', 'prof', 1, '[{\"added\": {}}]', 4, 2),
(8, '2021-07-16 17:59:56.186025', '6', 'CHAIEB', 1, '[{\"added\": {}}]', 4, 1),
(9, '2021-07-16 18:00:28.986982', '6', 'CHAIEB', 2, '[{\"changed\": {\"fields\": [\"First name\", \"Last name\", \"Email address\", \"Groups\"]}}]', 4, 1),
(10, '2021-07-16 18:34:56.304085', '7', 'syaliou', 2, '[{\"changed\": {\"fields\": [\"Last login\", \"Date joined\"]}}]', 4, 1),
(11, '2021-07-16 18:37:49.370224', '7', 'syaliou', 2, '[{\"changed\": {\"fields\": [\"password\"]}}]', 4, 1),
(12, '2021-07-16 18:45:38.461174', '6', 'CHAIEB', 2, '[]', 4, 1),
(13, '2021-07-16 18:50:27.112272', '6', 'CHAIEB', 2, '[]', 4, 1),
(14, '2021-07-17 17:12:52.067208', '4', 'sya', 2, '[]', 4, 1),
(15, '2021-07-17 17:13:13.836771', '6', 'CHAIEB', 2, '[]', 4, 1),
(16, '2021-07-17 17:14:24.164137', '4', 'sya', 2, '[]', 4, 1),
(17, '2021-07-21 16:52:43.586588', '6', 'CHAIEB', 2, '[{\"changed\": {\"fields\": [\"Groups\"]}}]', 4, 1),
(18, '2021-07-21 17:05:45.413629', '4', 'sya', 2, '[{\"changed\": {\"fields\": [\"Groups\"]}}]', 4, 1),
(19, '2021-07-21 22:07:40.263267', '1', 'test', 1, '[{\"added\": {}}]', 14, 1),
(20, '2021-07-22 00:01:12.951336', '2', 'Cours et Exercices  Mathématiques 2nd', 2, '[{\"changed\": {\"fields\": [\"Requests\", \"Rejected\", \"Teachers\", \"Grading system\"]}}]', 11, 1),
(21, '2021-07-23 12:23:11.965730', '541', '(541:Enter course code to search:fr:yaksh/locale)', 2, '[{\"changed\": {\"fields\": [\"Admin-translation_entry-translation-label\"]}}]', 64, 1),
(22, '2021-07-23 12:58:51.279783', '285', '(285:Enroll :fr:yaksh/locale)', 2, '[{\"changed\": {\"fields\": [\"Admin-translation_entry-translation-label\"]}}]', 64, 1),
(23, '2021-07-23 13:39:36.225578', '7', 'Petty Martin', 2, '[{\"changed\": {\"fields\": [\"Is moderator\"]}}]', 13, 1),
(24, '2021-07-23 16:08:01.721171', '16', 'Histoire 3e', 2, '[{\"changed\": {\"fields\": [\"Students\", \"Requests\", \"Rejected\", \"Teachers\", \"Grading system\"]}}]', 11, 1),
(25, '2021-07-23 16:09:02.063723', '9', 'Chapitre 1: la démocratie.', 2, '[]', 27, 1),
(26, '2021-07-23 16:11:10.535077', '1', 'TOC for Cours : Ensembles de nombres et intervalles with Topic', 1, '[{\"added\": {}}]', 38, 1),
(27, '2021-07-23 16:13:55.424921', '15', 'Print Hello, World!', 2, '[{\"changed\": {\"fields\": [\"User\"]}}]', 14, 1),
(28, '2021-07-28 09:56:14.345392', '1', 'Soutien Scolaire', 1, '[{\"added\": {}}]', 67, 1),
(29, '2021-07-28 09:58:10.862404', '2', 'Sixième', 1, '[{\"added\": {}}]', 67, 1),
(30, '2021-07-28 09:58:30.492861', '3', 'Cinquième', 1, '[{\"added\": {}}]', 67, 1),
(31, '2021-07-28 09:58:51.829073', '4', 'Quatrième', 1, '[{\"added\": {}}]', 67, 1),
(32, '2021-07-28 09:59:09.462750', '5', 'Troisième', 1, '[{\"added\": {}}]', 67, 1),
(33, '2021-07-28 09:59:37.295562', '6', 'Seconde', 1, '[{\"added\": {}}]', 67, 1),
(34, '2021-07-28 09:59:55.202416', '7', 'Première', 1, '[{\"added\": {}}]', 67, 1),
(35, '2021-07-28 10:00:12.372567', '8', 'Terminale', 1, '[{\"added\": {}}]', 67, 1),
(36, '2021-07-28 10:01:52.195840', '9', 'Cours moyen 2e année (CM2)', 1, '[{\"added\": {}}]', 67, 1),
(37, '2021-07-28 10:02:07.513038', '10', 'Cours moyen 1re année (CM1)', 1, '[{\"added\": {}}]', 67, 1),
(38, '2021-07-28 10:02:23.146773', '11', 'Cours élémentaire 2e année (CE2)', 1, '[{\"added\": {}}]', 67, 1),
(39, '2021-07-28 10:02:36.774041', '12', 'Cours élémentaire 1re année (CE1)', 1, '[{\"added\": {}}]', 67, 1),
(40, '2021-07-28 10:02:51.803833', '13', 'Cours préparatoire (CP)', 1, '[{\"added\": {}}]', 67, 1),
(41, '2021-07-28 10:05:54.326621', '14', '[TEST] - Déposez vos tests ici', 1, '[{\"added\": {}}]', 67, 1),
(42, '2021-07-28 16:03:49.436181', '15', 'Updates', 1, '[{\"added\": {}}]', 67, 1),
(43, '2021-07-28 16:05:05.893407', '15', 'Updates', 2, '[{\"changed\": {\"fields\": [\"Description\"]}}]', 67, 1),
(44, '2021-07-28 16:05:52.227461', '16', 'Bugtrack', 1, '[{\"added\": {}}]', 67, 1),
(45, '2021-07-28 16:05:56.826071', '16', 'Bugtrack', 2, '[{\"changed\": {\"fields\": [\"Description\"]}}]', 67, 1),
(46, '2021-07-28 16:06:55.629179', '17', 'News', 1, '[{\"added\": {}}]', 67, 1),
(47, '2021-07-28 16:08:33.101347', '18', 'Espace développeurs', 1, '[{\"added\": {}}]', 67, 1),
(48, '2021-07-28 16:09:20.070561', '19', 'Communauté des utilisateurs', 1, '[{\"added\": {}}]', 67, 1),
(49, '2021-07-28 16:09:47.551881', '15', 'Updates', 2, '[{\"changed\": {\"fields\": [\"Parent\", \"Description\"]}}]', 67, 1),
(50, '2021-07-28 16:10:03.007049', '17', 'News', 2, '[{\"changed\": {\"fields\": [\"Parent\", \"Description\"]}}]', 67, 1),
(51, '2021-07-28 16:10:18.291156', '16', 'Bugtrack', 2, '[{\"changed\": {\"fields\": [\"Parent\", \"Description\"]}}]', 67, 1),
(52, '2021-07-28 16:10:34.759276', '18', 'Espace développeurs', 2, '[{\"changed\": {\"fields\": [\"Parent\", \"Description\"]}}]', 67, 1),
(53, '2021-07-28 16:13:54.797915', '20', 'Général', 1, '[{\"added\": {}}]', 67, 1),
(54, '2021-07-28 16:28:42.005365', '2', 'Sixième', 2, '[{\"changed\": {\"fields\": [\"Description\", \"Forum image\"]}}]', 67, 1),
(55, '2021-07-28 16:28:57.538824', '3', 'Cinquième', 2, '[{\"changed\": {\"fields\": [\"Description\", \"Forum image\"]}}]', 67, 1),
(56, '2021-07-28 16:29:13.896691', '4', 'Quatrième', 2, '[{\"changed\": {\"fields\": [\"Description\", \"Forum image\"]}}]', 67, 1),
(57, '2021-07-28 16:29:26.178884', '5', 'Troisième', 2, '[{\"changed\": {\"fields\": [\"Description\", \"Forum image\"]}}]', 67, 1),
(58, '2021-07-28 16:29:42.766450', '6', 'Seconde', 2, '[{\"changed\": {\"fields\": [\"Description\", \"Forum image\"]}}]', 67, 1),
(59, '2021-07-28 16:30:00.447457', '7', 'Première', 2, '[{\"changed\": {\"fields\": [\"Description\", \"Forum image\"]}}]', 67, 1),
(60, '2021-07-28 16:35:01.004108', '2', 'Sixième', 2, '[{\"changed\": {\"fields\": [\"Description\", \"Forum image\"]}}]', 67, 1),
(61, '2021-07-28 16:35:32.454962', '2', 'Sixième', 2, '[{\"changed\": {\"fields\": [\"Description\", \"Forum image\"]}}]', 67, 1),
(62, '2021-07-28 16:36:14.871826', '3', 'Cinquième', 2, '[{\"changed\": {\"fields\": [\"Description\", \"Forum image\"]}}]', 67, 1),
(63, '2021-07-28 16:36:30.257497', '3', 'Cinquième', 2, '[{\"changed\": {\"fields\": [\"Description\", \"Forum image\"]}}]', 67, 1),
(64, '2021-07-28 16:36:43.022994', '4', 'Quatrième', 2, '[{\"changed\": {\"fields\": [\"Description\", \"Forum image\"]}}]', 67, 1),
(65, '2021-07-28 16:36:57.960324', '4', 'Quatrième', 2, '[{\"changed\": {\"fields\": [\"Description\", \"Forum image\"]}}]', 67, 1),
(66, '2021-07-28 16:37:10.316137', '5', 'Troisième', 2, '[{\"changed\": {\"fields\": [\"Description\", \"Forum image\"]}}]', 67, 1),
(67, '2021-07-28 16:37:24.570888', '5', 'Troisième', 2, '[{\"changed\": {\"fields\": [\"Description\", \"Forum image\"]}}]', 67, 1),
(68, '2021-07-28 16:39:45.373836', '1', 'Collège', 2, '[{\"changed\": {\"fields\": [\"Name\", \"Description\"]}}]', 67, 1),
(69, '2021-07-28 16:41:01.991629', '21', 'Le soutien scolaire niveau lycée', 1, '[{\"added\": {}}]', 67, 1),
(70, '2021-07-28 16:41:29.372814', '6', 'Seconde', 2, '[{\"changed\": {\"fields\": [\"Parent\", \"Description\", \"Forum image\"]}}]', 67, 1),
(71, '2021-07-28 16:41:50.796837', '7', 'Première', 2, '[{\"changed\": {\"fields\": [\"Parent\", \"Description\", \"Forum image\"]}}]', 67, 1),
(72, '2021-07-28 16:42:06.218301', '8', 'Terminale', 2, '[{\"changed\": {\"fields\": [\"Parent\", \"Description\"]}}]', 67, 1),
(73, '2021-07-28 16:43:09.745784', '1', 'Le soutien scolaire niveau Collège', 2, '[{\"changed\": {\"fields\": [\"Name\", \"Description\"]}}]', 67, 1),
(74, '2021-07-28 16:50:04.848812', '22', 'Niveau Primaire', 1, '[{\"added\": {}}]', 67, 1),
(75, '2021-07-28 16:50:19.704341', '9', 'Cours moyen 2e année (CM2)', 2, '[{\"changed\": {\"fields\": [\"Parent\", \"Description\"]}}]', 67, 1),
(76, '2021-07-28 16:50:32.874923', '10', 'Cours moyen 1re année (CM1)', 2, '[{\"changed\": {\"fields\": [\"Parent\", \"Description\"]}}]', 67, 1),
(77, '2021-07-28 16:50:46.741389', '11', 'Cours élémentaire 2e année (CE2)', 2, '[{\"changed\": {\"fields\": [\"Parent\", \"Description\"]}}]', 67, 1),
(78, '2021-07-28 16:51:05.583260', '12', 'Cours élémentaire 1re année (CE1)', 2, '[{\"changed\": {\"fields\": [\"Parent\", \"Description\"]}}]', 67, 1),
(79, '2021-07-28 16:51:35.218027', '13', 'Cours préparatoire (CP)', 2, '[{\"changed\": {\"fields\": [\"Parent\", \"Description\"]}}]', 67, 1),
(80, '2021-07-28 16:52:41.798400', '23', 'Zone de Test', 1, '[{\"added\": {}}]', 67, 1),
(81, '2021-07-28 16:52:55.796547', '14', '[TEST] - Déposez vos tests ici', 2, '[{\"changed\": {\"fields\": [\"Parent\", \"Description\"]}}]', 67, 1),
(82, '2021-07-28 16:59:32.814077', '24', 'Nouveaux membres : présentez-vous ici !', 1, '[{\"added\": {}}]', 67, 1),
(83, '2021-07-28 17:09:21.267285', '25', 'Comment faire ?', 1, '[{\"added\": {}}]', 67, 1),
(84, '2021-07-28 17:15:20.052976', '24', 'Nouveaux membres : présentez-vous ici !', 2, '[{\"changed\": {\"fields\": [\"Description\", \"Forum image\"]}}]', 67, 1),
(85, '2021-07-28 17:17:52.320503', '6', 'Seconde', 2, '[{\"changed\": {\"fields\": [\"Description\", \"Forum image\"]}}]', 67, 1),
(86, '2021-07-28 17:18:11.997339', '7', 'Première', 2, '[{\"changed\": {\"fields\": [\"Description\", \"Forum image\"]}}]', 67, 1),
(87, '2021-07-28 17:24:02.654713', '8', 'Terminale', 2, '[{\"changed\": {\"fields\": [\"Description\", \"Forum image\"]}}]', 67, 1);

-- --------------------------------------------------------

--
-- Structure de la table `django_celery_beat_clockedschedule`
--

CREATE TABLE `django_celery_beat_clockedschedule` (
  `id` int(11) NOT NULL,
  `clocked_time` datetime(6) NOT NULL,
  `enabled` tinyint(1) NOT NULL
) ENGINE=InnoDB DEFAULT CHARSET=latin1;

-- --------------------------------------------------------

--
-- Structure de la table `django_celery_beat_crontabschedule`
--

CREATE TABLE `django_celery_beat_crontabschedule` (
  `id` int(11) NOT NULL,
  `minute` varchar(240) NOT NULL,
  `hour` varchar(96) NOT NULL,
  `day_of_week` varchar(64) NOT NULL,
  `day_of_month` varchar(124) NOT NULL,
  `month_of_year` varchar(64) NOT NULL,
  `timezone` varchar(63) NOT NULL
) ENGINE=InnoDB DEFAULT CHARSET=latin1;

-- --------------------------------------------------------

--
-- Structure de la table `django_celery_beat_intervalschedule`
--

CREATE TABLE `django_celery_beat_intervalschedule` (
  `id` int(11) NOT NULL,
  `every` int(11) NOT NULL,
  `period` varchar(24) NOT NULL
) ENGINE=InnoDB DEFAULT CHARSET=latin1;

-- --------------------------------------------------------

--
-- Structure de la table `django_celery_beat_periodictask`
--

CREATE TABLE `django_celery_beat_periodictask` (
  `id` int(11) NOT NULL,
  `name` varchar(200) NOT NULL,
  `task` varchar(200) NOT NULL,
  `args` longtext NOT NULL,
  `kwargs` longtext NOT NULL,
  `queue` varchar(200) DEFAULT NULL,
  `exchange` varchar(200) DEFAULT NULL,
  `routing_key` varchar(200) DEFAULT NULL,
  `expires` datetime(6) DEFAULT NULL,
  `enabled` tinyint(1) NOT NULL,
  `last_run_at` datetime(6) DEFAULT NULL,
  `total_run_count` int(10) UNSIGNED NOT NULL CHECK (`total_run_count` >= 0),
  `date_changed` datetime(6) NOT NULL,
  `description` longtext NOT NULL,
  `crontab_id` int(11) DEFAULT NULL,
  `interval_id` int(11) DEFAULT NULL,
  `solar_id` int(11) DEFAULT NULL,
  `one_off` tinyint(1) NOT NULL,
  `start_time` datetime(6) DEFAULT NULL,
  `priority` int(10) UNSIGNED DEFAULT NULL CHECK (`priority` >= 0),
  `headers` longtext NOT NULL,
  `clocked_id` int(11) DEFAULT NULL,
  `expire_seconds` int(10) UNSIGNED DEFAULT NULL CHECK (`expire_seconds` >= 0)
) ENGINE=InnoDB DEFAULT CHARSET=latin1;

-- --------------------------------------------------------

--
-- Structure de la table `django_celery_beat_periodictasks`
--

CREATE TABLE `django_celery_beat_periodictasks` (
  `ident` smallint(6) NOT NULL,
  `last_update` datetime(6) NOT NULL
) ENGINE=InnoDB DEFAULT CHARSET=latin1;

-- --------------------------------------------------------

--
-- Structure de la table `django_celery_beat_solarschedule`
--

CREATE TABLE `django_celery_beat_solarschedule` (
  `id` int(11) NOT NULL,
  `event` varchar(24) NOT NULL,
  `latitude` decimal(9,6) NOT NULL,
  `longitude` decimal(9,6) NOT NULL
) ENGINE=InnoDB DEFAULT CHARSET=latin1;

-- --------------------------------------------------------

--
-- Structure de la table `django_celery_results_taskresult`
--

CREATE TABLE `django_celery_results_taskresult` (
  `id` int(11) NOT NULL,
  `task_id` varchar(255) NOT NULL,
  `status` varchar(50) NOT NULL,
  `content_type` varchar(128) NOT NULL,
  `content_encoding` varchar(64) NOT NULL,
  `result` longtext DEFAULT NULL,
  `date_done` datetime(6) NOT NULL,
  `traceback` longtext DEFAULT NULL,
  `meta` longtext DEFAULT NULL,
  `task_args` longtext DEFAULT NULL,
  `task_kwargs` longtext DEFAULT NULL,
  `task_name` varchar(255) DEFAULT NULL,
  `worker` varchar(100) DEFAULT NULL,
  `date_created` datetime(6) NOT NULL
) ENGINE=InnoDB DEFAULT CHARSET=latin1;

-- --------------------------------------------------------

--
-- Structure de la table `django_content_type`
--

CREATE TABLE `django_content_type` (
  `id` int(11) NOT NULL,
  `app_label` varchar(100) NOT NULL,
  `model` varchar(100) NOT NULL
) ENGINE=InnoDB DEFAULT CHARSET=latin1;

--
-- Déchargement des données de la table `django_content_type`
--

INSERT INTO `django_content_type` (`id`, `app_label`, `model`) VALUES
(1, 'admin', 'logentry'),
(3, 'auth', 'group'),
(2, 'auth', 'permission'),
(4, 'auth', 'user'),
(62, 'authtoken', 'token'),
(5, 'contenttypes', 'contenttype'),
(58, 'django_celery_beat', 'clockedschedule'),
(53, 'django_celery_beat', 'crontabschedule'),
(54, 'django_celery_beat', 'intervalschedule'),
(55, 'django_celery_beat', 'periodictask'),
(56, 'django_celery_beat', 'periodictasks'),
(57, 'django_celery_beat', 'solarschedule'),
(59, 'django_celery_results', 'taskresult'),
(67, 'forum', 'forum'),
(70, 'forum_attachments', 'attachment'),
(68, 'forum_conversation', 'post'),
(69, 'forum_conversation', 'topic'),
(76, 'forum_member', 'forumprofile'),
(77, 'forum_permission', 'forumpermission'),
(78, 'forum_permission', 'groupforumpermission'),
(79, 'forum_permission', 'userforumpermission'),
(71, 'forum_polls', 'topicpoll'),
(72, 'forum_polls', 'topicpolloption'),
(73, 'forum_polls', 'topicpollvote'),
(74, 'forum_tracking', 'forumreadtrack'),
(75, 'forum_tracking', 'topicreadtrack'),
(49, 'grades', 'graderange'),
(50, 'grades', 'gradingsystem'),
(61, 'notifications_plugin', 'notification'),
(60, 'notifications_plugin', 'notificationmessage'),
(6, 'sessions', 'session'),
(44, 'social_django', 'association'),
(45, 'social_django', 'code'),
(46, 'social_django', 'nonce'),
(48, 'social_django', 'partial'),
(47, 'social_django', 'usersocialauth'),
(52, 'stats', 'lessonlog'),
(51, 'stats', 'tracklesson'),
(42, 'taggit', 'tag'),
(43, 'taggit', 'taggeditem'),
(66, 'translation_manager', 'proxytranslationentry'),
(65, 'translation_manager', 'remotetranslationentry'),
(63, 'translation_manager', 'translationbackup'),
(64, 'translation_manager', 'translationentry'),
(7, 'yaksh', 'answer'),
(8, 'yaksh', 'answerpaper'),
(31, 'yaksh', 'arrangetestcase'),
(9, 'yaksh', 'assignmentupload'),
(35, 'yaksh', 'comment'),
(10, 'yaksh', 'concurrentuser'),
(11, 'yaksh', 'course'),
(26, 'yaksh', 'coursestatus'),
(12, 'yaksh', 'fileupload'),
(23, 'yaksh', 'floattestcase'),
(33, 'yaksh', 'forumbase'),
(19, 'yaksh', 'hooktestcase'),
(24, 'yaksh', 'integertestcase'),
(27, 'yaksh', 'learningmodule'),
(28, 'yaksh', 'learningunit'),
(29, 'yaksh', 'lesson'),
(30, 'yaksh', 'lessonfile'),
(39, 'yaksh', 'lessonquizanswer'),
(20, 'yaksh', 'mcqtestcase'),
(36, 'yaksh', 'micromanager'),
(34, 'yaksh', 'post'),
(13, 'yaksh', 'profile'),
(41, 'yaksh', 'qrcode'),
(40, 'yaksh', 'qrcodehandler'),
(14, 'yaksh', 'question'),
(15, 'yaksh', 'questionpaper'),
(16, 'yaksh', 'questionset'),
(17, 'yaksh', 'quiz'),
(21, 'yaksh', 'standardtestcase'),
(22, 'yaksh', 'stdiobasedtestcase'),
(25, 'yaksh', 'stringtestcase'),
(38, 'yaksh', 'tableofcontents'),
(18, 'yaksh', 'testcase'),
(32, 'yaksh', 'testcaseorder'),
(37, 'yaksh', 'topic');

-- --------------------------------------------------------

--
-- Structure de la table `django_migrations`
--

CREATE TABLE `django_migrations` (
  `id` int(11) NOT NULL,
  `app` varchar(255) NOT NULL,
  `name` varchar(255) NOT NULL,
  `applied` datetime(6) NOT NULL
) ENGINE=InnoDB DEFAULT CHARSET=latin1;

--
-- Déchargement des données de la table `django_migrations`
--

INSERT INTO `django_migrations` (`id`, `app`, `name`, `applied`) VALUES
(1, 'contenttypes', '0001_initial', '2021-07-15 08:58:58.828241'),
(2, 'auth', '0001_initial', '2021-07-15 08:58:59.874965'),
(3, 'admin', '0001_initial', '2021-07-15 08:59:00.443765'),
(4, 'admin', '0002_logentry_remove_auto_add', '2021-07-15 08:59:00.592793'),
(5, 'admin', '0003_logentry_add_action_flag_choices', '2021-07-15 08:59:00.611402'),
(6, 'contenttypes', '0002_remove_content_type_name', '2021-07-15 08:59:00.686652'),
(7, 'auth', '0002_alter_permission_name_max_length', '2021-07-15 08:59:00.701869'),
(8, 'auth', '0003_alter_user_email_max_length', '2021-07-15 08:59:00.716480'),
(9, 'auth', '0004_alter_user_username_opts', '2021-07-15 08:59:00.728551'),
(10, 'auth', '0005_alter_user_last_login_null', '2021-07-15 08:59:00.760003'),
(11, 'auth', '0006_require_contenttypes_0002', '2021-07-15 08:59:00.761113'),
(12, 'auth', '0007_alter_validators_add_error_messages', '2021-07-15 08:59:00.771496'),
(13, 'auth', '0008_alter_user_username_max_length', '2021-07-15 08:59:00.785719'),
(14, 'auth', '0009_alter_user_last_name_max_length', '2021-07-15 08:59:00.799502'),
(15, 'auth', '0010_alter_group_name_max_length', '2021-07-15 08:59:00.813677'),
(16, 'auth', '0011_update_proxy_permissions', '2021-07-15 08:59:00.826378'),
(17, 'auth', '0012_alter_user_first_name_max_length', '2021-07-15 08:59:00.840495'),
(18, 'authtoken', '0001_initial', '2021-07-15 08:59:00.990875'),
(19, 'authtoken', '0002_auto_20160226_1747', '2021-07-15 08:59:01.111860'),
(20, 'django_celery_beat', '0001_initial', '2021-07-15 08:59:02.046700'),
(21, 'django_celery_beat', '0002_auto_20161118_0346', '2021-07-15 08:59:02.326936'),
(22, 'django_celery_beat', '0003_auto_20161209_0049', '2021-07-15 08:59:02.342166'),
(23, 'django_celery_beat', '0004_auto_20170221_0000', '2021-07-15 08:59:02.346957'),
(24, 'django_celery_beat', '0005_add_solarschedule_events_choices', '2021-07-15 08:59:02.351329'),
(25, 'django_celery_beat', '0006_auto_20180322_0932', '2021-07-15 08:59:02.417867'),
(26, 'django_celery_beat', '0007_auto_20180521_0826', '2021-07-15 08:59:02.511334'),
(27, 'django_celery_beat', '0008_auto_20180914_1922', '2021-07-15 08:59:02.536882'),
(28, 'django_celery_beat', '0006_auto_20180210_1226', '2021-07-15 08:59:02.550914'),
(29, 'django_celery_beat', '0006_periodictask_priority', '2021-07-15 08:59:02.587523'),
(30, 'django_celery_beat', '0009_periodictask_headers', '2021-07-15 08:59:02.625212'),
(31, 'django_celery_beat', '0010_auto_20190429_0326', '2021-07-15 08:59:02.953494'),
(32, 'django_celery_beat', '0011_auto_20190508_0153', '2021-07-15 08:59:03.188556'),
(33, 'django_celery_beat', '0012_periodictask_expire_seconds', '2021-07-15 08:59:03.227468'),
(34, 'django_celery_results', '0001_initial', '2021-07-15 08:59:03.626511'),
(35, 'django_celery_results', '0002_add_task_name_args_kwargs', '2021-07-15 08:59:03.749529'),
(36, 'django_celery_results', '0003_auto_20181106_1101', '2021-07-15 08:59:03.755845'),
(37, 'django_celery_results', '0004_auto_20190516_0412', '2021-07-15 08:59:03.834291'),
(38, 'django_celery_results', '0005_taskresult_worker', '2021-07-15 08:59:03.872321'),
(39, 'django_celery_results', '0006_taskresult_date_created', '2021-07-15 08:59:03.939022'),
(40, 'django_celery_results', '0007_remove_taskresult_hidden', '2021-07-15 08:59:03.993172'),
(41, 'grades', '0001_initial', '2021-07-15 08:59:04.437131'),
(42, 'grades', 'default_grading_system', '2021-07-15 08:59:04.509813'),
(43, 'sessions', '0001_initial', '2021-07-15 08:59:04.633563'),
(44, 'default', '0001_initial', '2021-07-15 08:59:05.535088'),
(45, 'social_auth', '0001_initial', '2021-07-15 08:59:05.536627'),
(46, 'default', '0002_add_related_name', '2021-07-15 08:59:05.651103'),
(47, 'social_auth', '0002_add_related_name', '2021-07-15 08:59:05.652411'),
(48, 'default', '0003_alter_email_max_length', '2021-07-15 08:59:05.662334'),
(49, 'social_auth', '0003_alter_email_max_length', '2021-07-15 08:59:05.663794'),
(50, 'default', '0004_auto_20160423_0400', '2021-07-15 08:59:05.676079'),
(51, 'social_auth', '0004_auto_20160423_0400', '2021-07-15 08:59:05.677302'),
(52, 'social_auth', '0005_auto_20160727_2333', '2021-07-15 08:59:05.688431'),
(53, 'social_django', '0006_partial', '2021-07-15 08:59:05.874463'),
(54, 'social_django', '0007_code_timestamp', '2021-07-15 08:59:05.920771'),
(55, 'social_django', '0008_partial_timestamp', '2021-07-15 08:59:05.966552'),
(56, 'taggit', '0001_initial', '2021-07-15 08:59:06.274907'),
(57, 'taggit', '0002_auto_20150616_2121', '2021-07-15 08:59:06.368907'),
(58, 'yaksh', '0001_initial', '2021-07-15 08:59:12.625864'),
(59, 'yaksh', '0002_questionpaper_fixed_question_order', '2021-07-15 08:59:13.997027'),
(60, 'yaksh', '0003_auto_20170321_0917', '2021-07-15 08:59:14.550966'),
(61, 'yaksh', '0004_auto_20170331_0632', '2021-07-15 08:59:14.822826'),
(62, 'yaksh', '0005_auto_20170410_1024', '2021-07-15 08:59:14.970795'),
(63, 'yaksh', '0006_release_0_6_0', '2021-07-15 08:59:15.365875'),
(64, 'yaksh', '0007_alter_profile_activation_key', '2021-07-15 08:59:15.399926'),
(65, 'yaksh', '0008_release_0_7_0', '2021-07-15 08:59:15.559172'),
(66, 'yaksh', '0009_auto_20180113_1124', '2021-07-15 08:59:18.747191'),
(67, 'yaksh', '0010_auto_20180226_1324', '2021-07-15 08:59:19.444725'),
(68, 'yaksh', '0011_release_0_8_0', '2021-07-15 08:59:20.451159'),
(69, 'yaksh', '0012_release_0_8_1', '2021-07-15 08:59:20.694964'),
(70, 'yaksh', '0013_release_0_9_0', '2021-07-15 08:59:21.006200'),
(71, 'yaksh', '0014_release_0_9_1', '2021-07-15 08:59:21.176773'),
(72, 'yaksh', '0015_release_0_10_0', '2021-07-15 08:59:21.388929'),
(73, 'yaksh', '0016_release_0_12_0', '2021-07-15 08:59:21.451903'),
(74, 'yaksh', '0017_release_0_14_0', '2021-07-15 08:59:21.490825'),
(75, 'yaksh', '0018_auto_20200408_1206', '2021-07-15 08:59:21.575027'),
(76, 'yaksh', '0019_release_0_20_0', '2021-07-15 08:59:22.597820'),
(77, 'yaksh', '0020_release_0_21_0', '2021-07-15 08:59:22.958863'),
(78, 'yaksh', '0021_auto_20200703_1556', '2021-07-15 08:59:23.047891'),
(79, 'yaksh', '0022_release_0_22_1', '2021-07-15 08:59:23.210766'),
(80, 'yaksh', '0023_release_0_23_0', '2021-07-15 08:59:23.854175'),
(81, 'yaksh', '0024_release_0_24_0', '2021-07-15 08:59:24.205185'),
(82, 'yaksh', '0025_release_0_26', '2021-07-15 08:59:25.197957'),
(83, 'yaksh', '0026_release_0_27_0', '2021-07-15 08:59:25.955191'),
(84, 'yaksh', '0027_release_0_28_0', '2021-07-15 08:59:26.059344'),
(85, 'stats', '0001_initial', '2021-07-15 08:59:26.704483'),
(86, 'stats', '0002_release_0_29_1', '2021-07-15 08:59:27.059269'),
(87, 'taggit', '0003_taggeditem_add_unique_index', '2021-07-15 08:59:27.088604'),
(88, 'translation_manager', '0001_initial', '2021-07-15 08:59:27.693927'),
(89, 'translation_manager', '0002_auto_20160920_1155', '2021-07-15 08:59:27.764581'),
(90, 'translation_manager', '0003_auto_20160926_0856', '2021-07-15 08:59:27.781057'),
(91, 'translation_manager', '0004_set_new_relative_paths', '2021-07-15 08:59:27.875760'),
(92, 'translation_manager', '0005_auto_20170915_1458', '2021-07-15 08:59:28.127349'),
(93, 'translation_manager', '0006_auto_20170915_1529', '2021-07-15 08:59:28.290922'),
(94, 'translation_manager', '0007_auto_20170918_1731', '2021-07-15 08:59:28.302990'),
(95, 'translation_manager', '0008_auto_20200120_1735', '2021-07-15 08:59:28.368983'),
(96, 'yaksh', '0028_auto_20210112_1039', '2021-07-15 08:59:28.485785'),
(97, 'yaksh', '0029_release_0_31_0', '2021-07-15 08:59:29.913698'),
(98, 'yaksh', '0030_alter_answerpaper_user_ip_max_len', '2021-07-15 08:59:30.184050'),
(99, 'social_django', '0002_add_related_name', '2021-07-15 08:59:30.191382'),
(100, 'social_django', '0004_auto_20160423_0400', '2021-07-15 08:59:30.193327'),
(101, 'social_django', '0003_alter_email_max_length', '2021-07-15 08:59:30.195189'),
(102, 'social_django', '0005_auto_20160727_2333', '2021-07-15 08:59:30.197192'),
(103, 'social_django', '0001_initial', '2021-07-15 08:59:30.199207'),
(104, 'notifications_plugin', '0001_initial', '2021-07-15 09:58:03.876331'),
(105, 'forum', '0001_initial', '2021-07-27 19:23:20.714466'),
(106, 'forum_conversation', '0001_initial', '2021-07-27 19:23:22.373282'),
(107, 'forum_conversation', '0002_post_anonymous_key', '2021-07-27 19:23:22.726271'),
(108, 'forum_conversation', '0003_auto_20160228_2051', '2021-07-27 19:23:22.778319'),
(109, 'forum_conversation', '0004_auto_20160427_0502', '2021-07-27 19:23:22.948506'),
(110, 'forum_conversation', '0005_auto_20160607_0455', '2021-07-27 19:23:23.063948'),
(111, 'forum_conversation', '0006_post_enable_signature', '2021-07-27 19:23:23.166088'),
(112, 'forum_conversation', '0007_auto_20160903_0450', '2021-07-27 19:23:23.541703'),
(113, 'forum_conversation', '0008_auto_20160903_0512', '2021-07-27 19:23:23.666122'),
(114, 'forum_conversation', '0009_auto_20160925_2126', '2021-07-27 19:23:23.717501'),
(115, 'forum_conversation', '0010_auto_20170120_0224', '2021-07-27 19:23:23.975300'),
(116, 'forum', '0002_auto_20150725_0512', '2021-07-27 19:23:23.994320'),
(117, 'forum', '0003_remove_forum_is_active', '2021-07-27 19:23:24.052237'),
(118, 'forum', '0004_auto_20170504_2108', '2021-07-27 19:23:24.185211'),
(119, 'forum', '0005_auto_20170504_2113', '2021-07-27 19:23:24.307867'),
(120, 'forum', '0006_auto_20170523_2036', '2021-07-27 19:23:24.425729'),
(121, 'forum', '0007_auto_20170523_2140', '2021-07-27 19:23:24.547376'),
(122, 'forum', '0008_forum_last_post', '2021-07-27 19:23:24.751077'),
(123, 'forum', '0009_auto_20170928_2327', '2021-07-27 19:23:24.876443'),
(124, 'forum', '0010_auto_20181103_1401', '2021-07-27 19:23:24.894901'),
(125, 'forum', '0011_auto_20190627_2132', '2021-07-27 19:23:24.980669'),
(126, 'forum_attachments', '0001_initial', '2021-07-27 19:23:25.195468'),
(127, 'forum_attachments', '0002_auto_20181103_1404', '2021-07-27 19:23:25.248270'),
(128, 'forum_conversation', '0011_remove_post_poster_ip', '2021-07-27 19:23:25.335561'),
(129, 'forum_conversation', '0012_auto_20200423_1049', '2021-07-27 19:23:25.396431'),
(130, 'forum_conversation', '0013_auto_20201220_1745', '2021-07-27 19:23:25.743495'),
(131, 'forum_member', '0001_initial', '2021-07-27 19:23:26.055610'),
(132, 'forum_member', '0002_auto_20160225_0515', '2021-07-27 19:23:26.163594'),
(133, 'forum_member', '0003_auto_20160227_2122', '2021-07-27 19:23:26.215657'),
(134, 'forum_member', '0004_auto_20181103_1406', '2021-07-27 19:23:26.265548'),
(135, 'forum_member', '0005_auto_20200423_1049', '2021-07-27 19:23:26.318532'),
(136, 'forum_permission', '0001_initial', '2021-07-27 19:23:27.198549'),
(137, 'forum_permission', '0002_auto_20160607_0500', '2021-07-27 19:23:27.653161'),
(138, 'forum_permission', '0003_remove_forumpermission_name', '2021-07-27 19:23:27.691157'),
(139, 'forum_permission', '0004_auto_20190319_2240', '2021-07-27 19:23:27.775514'),
(140, 'forum_permission', '0005_userforumpermission_authenticated_user', '2021-07-27 19:23:27.900496'),
(141, 'forum_polls', '0001_initial', '2021-07-27 19:23:28.786802'),
(142, 'forum_polls', '0002_auto_20151105_0029', '2021-07-27 19:23:29.195720'),
(143, 'forum_tracking', '0001_initial', '2021-07-27 19:23:29.935660'),
(144, 'forum_tracking', '0002_auto_20160607_0502', '2021-07-27 19:23:30.253549');

-- --------------------------------------------------------

--
-- Structure de la table `django_session`
--

CREATE TABLE `django_session` (
  `session_key` varchar(40) NOT NULL,
  `session_data` longtext NOT NULL,
  `expire_date` datetime(6) NOT NULL
) ENGINE=InnoDB DEFAULT CHARSET=latin1;

--
-- Déchargement des données de la table `django_session`
--

INSERT INTO `django_session` (`session_key`, `session_data`, `expire_date`) VALUES
('08e155zmx9lefrb6zpmjtzcbjr2ecyz4', '.eJxVjMsOgyAQRf-FdWNkGBC67L7fQMAZqrVC4mNhmv57NXHj9p5z7lf4kEvexrLOPpVpHf3Am7iLBM421gTFGBHJOGBZWwtOUwRKLG57uS6dX2eefE974q5bDO3A-QD0DvlVqrbkZepjdSjVSefqWYg_j9O9HHRh7va6JUDWirgx1JBpQYYGXbB10pqcBgxgDEgJSoFE5SSrhFLqaI3DhLX4_QExzEiS:1mVZbV:Isg6Cz8GA65nneM6yGjOGU2IGRf3eRPaolTvVgWdXT8', '2021-10-13 13:26:33.296368'),
('09fvs6fqidvbloi7qaqf6ufo6drw6thv', 'eyJfYW5vbnltb3VzX2ZvcnVtX2tleSI6IjQ5M2M2ZmFlMWIzYTRlNjg5YjI1YjhjOTVhYTM5MDQ4In0:1mKMb5:YFr8v4jLNVnY3aVXfBhvJKdr8dKLNRPLI33JlstBmDo', '2021-09-12 15:19:47.249515'),
('168jm4ab7q35raq5cefjq2gxoizk26vn', 'eyJfYW5vbnltb3VzX2ZvcnVtX2tleSI6ImE3NGY1MGViNDE0YzQwNjFiMTdjOTE2ZTBiYWE2MGIwIn0:1mR7fA:av_AYh5LitnMde9MJuB1c5WbG6MAM3XdOqMoXiBddYU', '2021-10-01 06:47:56.382415'),
('1gof7qn9tgd8yts4gkyjvben6d7b2l8b', 'eyJfYW5vbnltb3VzX2ZvcnVtX2tleSI6ImM5NmZkZTk2YTI2ZTQ3MTc5YmVlZjIwZTcwYjVjYzJhIn0:1m8T1e:H-Vi9XDjxdciBEqkdNYzWSSuq0Sh3A-Hobi8lbPy328', '2021-08-10 19:46:02.446510'),
('1j2f4jpvwxydbwiksd5cf5ov1r5vcrl7', 'eyJfYW5vbnltb3VzX2ZvcnVtX2tleSI6ImJmNDE5NTRhMzI5ZjQzZTZiNDVhYzA5MzFiNWE2M2FiIn0:1mUIZF:IcHnRJJuAKTfMNoHNCe-zNwpShTnuCKuxvkVq-VNflg', '2021-10-10 01:02:57.530555'),
('2ygwj7yd5m75ah0jgu943imxg9ulc3y9', 'eyJfYW5vbnltb3VzX2ZvcnVtX2tleSI6IjY2MDRjMTg1NmZmMjRhNGY5NjZjOWJiZjk3NjBhYjY5In0:1mKMb5:qxM_PhFJRRgxydNLWFYlj5y5B0fM2vG-X4iSa7Kv0X0', '2021-09-12 15:19:47.256741'),
('36eak22uwfmkwoels6qumf3rfg6dygkb', 'eyJnb29nbGUtb2F1dGgyX3N0YXRlIjoibWZ6cTU1bTlOWTlWeHdoQ1dBd1pVMG8xV0s2blB2dlYifQ:1m4NLh:s38R6nlDSlPcP8oHDkkAjST8P462DLrAOhD4_NgWWpU', '2021-07-30 12:53:49.039066'),
('3nt6cqyt6cx4zom9bc0t063bjg1tcfwo', 'eyJfYW5vbnltb3VzX2ZvcnVtX2tleSI6Ijg2MTMyMmQ0NGNjODRlMTRhNjg2YWNiZmE0N2FmNTgzIn0:1mRUsB:3TCIou-cDok0dFTqSZ2ETzmtzT4w5JjuVm4tGZ52bh4', '2021-10-02 07:34:55.942409'),
('43drwvs4q0nm18uu8uepabuqsjot5lcz', 'eyJfYW5vbnltb3VzX2ZvcnVtX2tleSI6IjE2YjA3OGExZWUzNDQ1ZjJhN2E3MGM4OTZmMTc2NTIxIn0:1mVVT6:G0xtFZEP0mDPMIyq_FhS9qs9OG8K9aPP6b3Lmx_zZ28', '2021-10-13 09:01:36.274423'),
('59k5igx681mm997e3r6sa56pkfuw4wu6', '.eJxVjEsOwjAMBe-SNaoap01dluw5Q2Q7DoXSROpngRB3p5XYsH0z894mUC75NZVtCanM2xRGfZmzAc8tJOwB1TZoI7voayZQENc7aM1pL7d1CNuic7jHI_nfmGTUfID4oHwrlZS8zneuDqX60aW6lqjPy8_9OxhoGfbaNeQSYK0iBFJHJFRNig0pW2FJXdQOWBV73ws4kpp32lmfLLYYzecLUtdLHA:1mC2Qu:9zdpklbi4aB5ne-SC2TGiUeXZFoY8xSXGPmheSyZgWE', '2021-08-20 16:10:52.266994'),
('5b0sxrez9qr4zl6caqeb8kx59a0ut5qp', 'eyJfYW5vbnltb3VzX2ZvcnVtX2tleSI6IjQ2MWY4ODA3M2UxNDQwODM5YTg2OTdhMWQ0OTJhODk2In0:1mVe0O:d0JVJA36ge2gBz9GQDJDQCrLYALl76RiccZqaahzWVU', '2021-10-13 18:08:32.726577'),
('5e8iqvdhyfd6cg9jkbuj59wx7iu98oi0', 'eyJfYW5vbnltb3VzX2ZvcnVtX2tleSI6IjE4Y2FkMjZjYWRhMDQ2NjM5NDg0OWMwZGU3ZDBlNTlkIn0:1m8T1e:fgyeHNtY-V0KPeNxEyQxtT5uGqQDdjLTZOjjwMUqbDo', '2021-08-10 19:46:02.320329'),
('6ts3molhuyxhj26x83l58zxicfdaovgy', 'eyJfYW5vbnltb3VzX2ZvcnVtX2tleSI6ImI0NmJiMzZlMGIzZDQ0NGQ5MjVmMmJiZGVhOTVhMTY2In0:1mVVT8:Nru_Svpv9wQ-H0T1Tt3SN9fzwEnpQrKoKYR-Kx62uFU', '2021-10-13 09:01:38.850265'),
('879b77qc8f4kyhbu0f4qkb225oo1qys5', 'eyJfYW5vbnltb3VzX2ZvcnVtX2tleSI6ImQ5MWE3Y2VlYTAyNzRlNmJhZDg4MDZiNmU4MzFhZjgwIn0:1m8T1e:OiWhQUbLwpkoR_dMG0FayOUL55R6IteisNaH_1fpSU0', '2021-08-10 19:46:02.349585'),
('9101hozzmq7hnrl6lovfrcpkd5c5ndha', 'eyJfYW5vbnltb3VzX2ZvcnVtX2tleSI6ImFiYzMyMThiOTYxZTRkZjVhMWVjZTZkNDU4YWU2YjBiIn0:1mBj4j:mdRBfpBMAALLtyLD97Strinb6dsxdUCiVCetY9OzagI', '2021-08-19 19:30:41.646547'),
('9di5ygb1r1q0b7lfxi4dexx4ne22o6ye', 'eyJfYW5vbnltb3VzX2ZvcnVtX2tleSI6IjAzMjRlNjM5YTUxNDQ0ZDZiMGI5Yzg3ZTBmNGU2YmMzIn0:1maMQK:JY6hzosoMAzHzSrn16_XAeiqY6OmsxGN-kT3O8wwBLg', '2021-10-26 18:22:48.889987'),
('9p8msr54puqv1x7mdb05ezg5q0ptw3jk', 'eyJfYW5vbnltb3VzX2ZvcnVtX2tleSI6ImUwMGNhMjIzODhiMDRmOWI5MmJhMDY3Y2RiOWY4Yjc5In0:1m8T1e:SeFFgl0FZKeM4UfYsqMFKj37MQBk2T383DXEGO3mTuQ', '2021-08-10 19:46:02.396801'),
('a8z6t8792p3cxbi43by43i11d60ui7iu', 'eyJfYW5vbnltb3VzX2ZvcnVtX2tleSI6IjVlYjg5MjU2NGZkOTQxMWU5YmM3YjkyZDgwMjlmNTNjIn0:1mR7fA:sOVx7zgmXUrslLEnTfpVplr0p1By6g92G_-GSTTKN7U', '2021-10-01 06:47:56.867031'),
('afy1zungkmhpmvh76avskqc3ma7dltrx', 'eyJfYW5vbnltb3VzX2ZvcnVtX2tleSI6IjJjN2JkMTZiOWFjMzQ4MTQ5YWRhOGEzZDMwODhjNDFhIn0:1m8T1e:FP9Q39vTPkBGnHKq1nuSbqrOh-3AnwODZ8I6BWCNDhg', '2021-08-10 19:46:02.372148'),
('bzs81g4kaj841vhszhnm4ic7e53q1kje', 'eyJfYW5vbnltb3VzX2ZvcnVtX2tleSI6IjE1M2FlOTBiYzFhZDRjNWY4NDczZmQxNzYzOGEyNDQ3In0:1mVVT6:4NeJhh1T5EWNxQuq83VExkWSUZTpdtfArfbhvNnR2pk', '2021-10-13 09:01:36.093059'),
('db7ru4gfpb8oup54xycvjnx96cmuj5ju', '.eJxVjDsOwjAQBe_iGlm7_sVQ0nMGa21vSAjYUj5FhLg7iZQm7ZuZ9xWBSi3rpy5TaOu4fMLAq7gJC95oMEpDVEbnSIR8VS2h5iaB0uKylcvchWXiMfR5S9x5i5QGLjvILyrPKlMt89hHuSvyoJN81Mzv--GeDjqauv0WPSBqhUiKXVbegPcE0FhyxC5CRkbVWu0SsIMIQMZ6m70G9hac-P0Bu1VIAQ:1mVe12:3tuBuCGF1abkSNx9myDWyUBau-swqgWGDL-jlX9e1sU', '2021-10-13 18:09:12.705417'),
('dhdevkgbjjw1pn6nhf14v8txmdaef203', 'eyJfYW5vbnltb3VzX2ZvcnVtX2tleSI6ImUxNDBjYWI0MDM1YzRiODk4ZGY3NWVjYzE0OGIwOGNjIn0:1m8T1e:ZjYlfhNgZgO6yUKLeShlstuEc0v8zX6SuxFGSkZLlF4', '2021-08-10 19:46:02.362189'),
('dzokocfx366qn3w2deqbnqe1u8bfe2ix', 'eyJfYW5vbnltb3VzX2ZvcnVtX2tleSI6IjgzNGRiMmQ3ZWEwMjQ3ZGFiY2ZhNTM0NmQzYTdjZWI2In0:1m8T1e:jsMOd09mqus-wLB1bu8gJv2CD6cuFPNJv_q9KbD7W8w', '2021-08-10 19:46:02.339065'),
('eg8be36kpwizjvw792ldbi7id0i1hu79', 'eyJfYW5vbnltb3VzX2ZvcnVtX2tleSI6IjIyMjA3MTExYTQxYjQyNGI4Y2E4ZTJjNjIyYTE0MWQxIn0:1m8T1e:p8B1TbEz7wgsInJnTDntBHxFeNCPT7JoIhhW9ud-9b8', '2021-08-10 19:46:02.435131'),
('fxhwqgtwclbiiibpwmhslbik3zh6twvg', 'eyJfYW5vbnltb3VzX2ZvcnVtX2tleSI6ImNiZDQ1YzQyZDJjYjRmZjZhMmUzZmU3Y2FhYjUwMTY3In0:1m8T1e:EAopmoMiiVsDfVqrdF3mkKOGK5QklsL0S6zXiHYT_FU', '2021-08-10 19:46:02.461413'),
('gj2jex8uwewv5usv0n9eayydtrtxghnq', 'eyJfYW5vbnltb3VzX2ZvcnVtX2tleSI6ImNiMWEzMTk2ODU0YTQ1OWJiN2EyMGNlYjc4YjE3NzcwIn0:1m8T1e:nfrdzLNL7R5pN2gLOZnr1sRIAQI_LwGH7CwEyjsNaYA', '2021-08-10 19:46:02.411453'),
('gj7ynove2a7n1qslpgee9xt0wgxwcd4a', 'eyJfYW5vbnltb3VzX2ZvcnVtX2tleSI6IjVhOWUyOWMwMTZmMjQ3OGZiMDljODBmNTIzMDQxNjNmIn0:1m8T1e:3uWOtAsBwJ92LG2P1VWbJJ9ghSrm4BmxOzwaU_8Xe8E', '2021-08-10 19:46:02.425167'),
('hino7ugc2vrombly3tghyeqi9sxlyh2x', 'eyJfYW5vbnltb3VzX2ZvcnVtX2tleSI6ImZiMjVmODA3YmU2NjRmOTFhY2Q5MTQwYTEyMGI4ZDI3In0:1m8T1e:jB7aZj2XfjF4EFzVLWQiws8uSuwgDdFfj5HebPI3e2E', '2021-08-10 19:46:02.301495'),
('j0s3gwht26nhh72xfocni59ueplxikht', 'eyJfYW5vbnltb3VzX2ZvcnVtX2tleSI6IjA0MGRlMmRlN2ZiOTQwZGQ5NjJiZTZlODczYjkyMTg3In0:1mVVT8:p9VZAAwZ5e50fipYMt8O1ADSjwF1Y3xh-H8XDnvbVWc', '2021-10-13 09:01:38.876081'),
('j43hetw3oxycvkojzmlpjfcg4x99d6wq', 'eyJfYW5vbnltb3VzX2ZvcnVtX2tleSI6ImZhMDMxZTAzMTJmNDRkM2I4YmQ4YjAxMWJiNzBmM2I1In0:1mCKFa:lp0Yx-WXVgU5tuUyNuCtTh_fRK9DwzB7f3nDJOlli7E', '2021-08-21 11:12:22.159170'),
('kahbirittj5gfbulm25hkcb8kdpkd5i8', 'eyJfYW5vbnltb3VzX2ZvcnVtX2tleSI6Ijc3ODE0NzkzZTZlNDRhYmViNmRjOWE1NTVhNDk0NzcyIn0:1mYv8O:ITf3clGTmKUNiOxlzzwOs7bX_KXv90BAaGB38tNdIZk', '2021-10-22 19:02:20.624873'),
('karwrj5fy5v31zwz6v6qmjzgnk64i1ro', 'eyJfYW5vbnltb3VzX2ZvcnVtX2tleSI6IjZlODZhNDNlMWYwYzQ0NDZiYjA0N2QxNGE3OTNkYTdjIn0:1mCKFa:Naug2zD36-IzlU4tON2a-nlEK-_mZw5Hg__4XinwWx4', '2021-08-21 11:12:22.351609'),
('kg4azltihnt1ewfcnezkr6qc4hmei51o', 'eyJfYW5vbnltb3VzX2ZvcnVtX2tleSI6ImJiOTVlY2ZlY2RjYzQyZDM5NWI4ZjY2NjM5MmZhYzY3In0:1m8T1e:JiWCvC9Weq8542YsYS-JFNoMAfmhfjDHHjJm3xbmugM', '2021-08-10 19:46:02.273179'),
('ktmk45rilrmsqixk7ac8v6irrgghskqj', 'eyJfYW5vbnltb3VzX2ZvcnVtX2tleSI6ImRlMTBlNDJkYjVlNjQ2ZWQ5NWQ0MGY4ZGE3ZDljMDk3In0:1m8T1e:e7qvPEuzZA2Q2qyqhlXZ4wpZyytUQwHrVVodrn1Tp5I', '2021-08-10 19:46:02.290007'),
('m0lp15dnzb3oznxmni7okcog66fyk18p', 'eyJfYW5vbnltb3VzX2ZvcnVtX2tleSI6IjlkZDA3ZTExYTNmNzQyY2E5YjgwNjM1ZmFmMTkxNzMzIn0:1maOKm:V9wv3mhQCwEe1Pfwk5A0yAWlEV1cYRbP7O9SzGwkX8s', '2021-10-26 20:25:12.682494'),
('n7qss363a2fbi8avhxt948o62zopttif', 'eyJfYW5vbnltb3VzX2ZvcnVtX2tleSI6ImZjNDUzYzI5MTQxNTQ5MmVhMjRiMzY4MjZkNDQ0NjlhIn0:1m8T1e:f9tMpS4PQTROJvc6YvuKFvC4VzDzkorUL-I81FRu0Zo', '2021-08-10 19:46:02.249145'),
('n93p8eqw6qzae5y7b4vakyjxqk2pkyqr', 'eyJfYW5vbnltb3VzX2ZvcnVtX2tleSI6ImM4NmE3MDQyOTY4ZjQwZmI4ZTI0NDg3MTMzZTAyZmVmIn0:1m8T1e:KQw1JkXvNA-4np1MYx8GbhYRVb4ZT5LS2H1pxULgk8E', '2021-08-10 19:46:02.388110'),
('od72umxmle46led5n0jn3nx1upxv3x5l', 'eyJfYW5vbnltb3VzX2ZvcnVtX2tleSI6IjE0YjFkODg4MjVhNTQ3N2NhNjgwNzEzOTRkZTVhYjljIn0:1m8T1e:WkWRgWN8zUMrR9ZTc5ivPTLPYmnpgrPzbpWSS_7PXVg', '2021-08-10 19:46:02.240036'),
('oey76xlx4oq2a9zxvvdodw6qn8j912ad', 'eyJfYW5vbnltb3VzX2ZvcnVtX2tleSI6Ijg0NjA5YjMyM2QyZDQzZWNiZjU2NDk0OWFlMWE3NzQ3In0:1m8T1e:N7lKouUeQ8AHpuiWml3tmFICyOOx5_h9fDR1160FYYU', '2021-08-10 19:46:02.327615'),
('oo6viqm3w7rr5yqjwev388hhrwh9z6k8', 'eyJnb29nbGUtb2F1dGgyX3N0YXRlIjoia0FUNGp2bU1acXBZMlNJYzBhZUVyWEJJZ0RkUk5CeFAiLCJmYWNlYm9va19zdGF0ZSI6InRIQWRFekhtd1RkNm11ZUpPZ0dWSzc5dzFxNzE4Y3BpIn0:1m4MAB:5NorHMm23B_IGipDojRAG0UG3AXxQaKRgr8Ac8bq0mQ', '2021-07-30 11:37:51.515971'),
('ophq0ktzc6yqo8wxfwdcu9r8vdcpzyo2', 'eyJfYW5vbnltb3VzX2ZvcnVtX2tleSI6IjI1ZDUyYjk2OTI2NTRhMjhhNmI0MGJjNTc5OGFiYjlmIiwiZ29vZ2xlLW9hdXRoMl9zdGF0ZSI6Im9sS2ZOYkgxMlZYcE8zQVhJWFhhVDBDUE8wZkV6a0FZIn0:1mDsgJ:iySO2M-i0V8cpvh-IpvJIEBdF74R1mDsPbArnJDJWWs', '2021-08-25 18:10:23.762511'),
('p4k6i5rju9ly74i8cwgrw7eltr2dnajf', 'eyJfYW5vbnltb3VzX2ZvcnVtX2tleSI6Ijk2YzM0NGVmYTI2NTRlZGE5YjQ4YjdmYjEwZTQ3NmE5In0:1mDsgF:TW-EyQaH_3qFQnDEozkDbgr7e7OgwBBICSpaLxa8NCI', '2021-08-25 18:10:19.005462'),
('s0mu56dtri41o4d65j1ilpwj89ii9hce', '.eJxVjjsOwjAQRO_iGkWOP7sJJT1nsNbrNQkhtpRPgRB3J0g0tPPmjealApVannPd15Drss9hkqc6KwKH1PqcestOdx3lPhMmkzwLYyZ1Osx9G8K-yhLGdCj2P4vEk5QvSHcqt9pwLdsyxuZbaX50ba41yePy6_4NDLQOh81gEIWjz2KjOLIROnAuAoBF3zpBduzBmLa1kK1O2hznRUcNHQuien8A4jpKMQ:1mGT4y:JYGN5G_6E2iry7votMMQvZWyHUStFlnR4yoQjsWr78Q', '2021-09-01 21:26:32.460206'),
('urvmmonhet38hm5nl4s2sm64jl92zttn', 'eyJfYW5vbnltb3VzX2ZvcnVtX2tleSI6ImI5MDU1ODVmN2I1OTRhMjJiZDJkYmE5N2U3NGZlNTFmIn0:1mVVTS:4yrjFjAtDt_LNo7x572Xr1oji7uRDIsXWxSmMCJyzJY', '2021-10-13 09:01:58.266763'),
('wcf419wdp9krd3dfnyr0rl7r1g2bepcq', 'eyJnb29nbGUtb2F1dGgyX3N0YXRlIjoiQVRFaG5uOE5vWTVzeEVKWDlFb2ZxTnZoTW1VOTBwVHcifQ:1m4Ab1:InhTzKWaXuA7GuxUqtoqa9JVa0W1OszvZ5BESAd9psk', '2021-07-29 23:16:47.716143'),
('wdxak09shjrim3qc75nqytmb4o5mridh', 'eyJfYW5vbnltb3VzX2ZvcnVtX2tleSI6IjdmZDYxZWI1Y2I0NTRlYjk5MWE3MzFkMjVmMzYyNGI0In0:1m8T1e:jhUHhpEM6kF91LXTI7LNMDQ21NW93A1VDjoux9Xr3B8', '2021-08-10 19:46:02.264240'),
('wr23zfohfn6hnm8ceelxr5cwxe3kb462', 'eyJfYW5vbnltb3VzX2ZvcnVtX2tleSI6IjZjOTVjODJmZDA2YTQxMjQ5ZGZmODc0MTQwOTI4Mzc0In0:1mRUsB:I4Qbo9Y3VKPsbTEVqX0jZO1iyIxFRZDHrqXUpBar06w', '2021-10-02 07:34:55.931389'),
('yke6mm1b5bry3qd00wlpzf7zfbrhc6fo', 'eyJfYW5vbnltb3VzX2ZvcnVtX2tleSI6IjI4ZTVmNmE1YmYxMTQ4Y2VhMjUzMTBkMzQ3Mzc0OTI5In0:1mQigX:jrnliJpZaY5nH92GWTmr7XqvlVtyX19qFbJfQEpHxxg', '2021-09-30 04:07:41.155835'),
('z5d9tw2vcj4081gtsge6i45k3o8bwj11', '.eJxVjDsOgzAQBe_iOrL8w3hTps8ZrDVeB0KwJQwFinL3gERD-2bmfZnHXPI2lbX6VOZ18iNt7M66TkiDBBKSMwHbEJxWFhA0ELpGsdterkvv10qzH-KeyOsWsBspHyC-Mb8K70pe5iHwQ-EnrfxZIn0ep3s56LH2e91YACcUKRFE0oRolYtSABogI23rLOgQjCAESA1Ji9qiRdO6aBREYL8_RpJJVw:1maMRP:xwh9wed2gjGw7mOBEdK3YEgWxq2CLQMZ5z20v4_p_fE', '2021-10-26 18:23:55.518814'),
('z6rhp2rrkz0zod87vp71ek1ghwq45xaz', 'eyJfYW5vbnltb3VzX2ZvcnVtX2tleSI6IjZiZTYyNTU2ZTE3OTQ1ODQ4YmEyOGMzZjZlNjIxNzczIn0:1mDsgF:BQAftf5H48mYXXONkj1jxTS_Px6ZpKB_SSM4ucGKGUE', '2021-08-25 18:10:19.934008'),
('ztuslvlp2xd37mjhieyiaec86wu3aelx', '.eJxVjDsOwyAQBe9CHSG-XkiZ3mdAwC7BSYQlY1dR7h4huUjaNzPvzUI89hqOTltYkF2ZYZffLcX8pDYAPmK7rzyvbd-WxIfCT9r5vCK9bqf7d1Bjr6OOPimnLRShVZEewJkpA0nSJpcCCkUCLbT3GS0lFEimaGUnlZ0BL9nnC9s0N4k:1m6Fgu:abOIebnmYIpzRLKglJEmqL0km0XQX83qF99m-yb0Gn0', '2021-08-04 17:07:28.945583');

-- --------------------------------------------------------

--
-- Structure de la table `forum_attachments_attachment`
--

CREATE TABLE `forum_attachments_attachment` (
  `id` int(11) NOT NULL,
  `file` varchar(100) NOT NULL,
  `comment` varchar(255) DEFAULT NULL,
  `post_id` int(11) NOT NULL
) ENGINE=InnoDB DEFAULT CHARSET=latin1;

--
-- Déchargement des données de la table `forum_attachments_attachment`
--

INSERT INTO `forum_attachments_attachment` (`id`, `file`, `comment`, `post_id`) VALUES
(1, 'machina/attachments/set_new_password.png', NULL, 8),
(2, 'machina/attachments/password_reset.png', NULL, 8),
(3, 'machina/attachments/password_change.png', NULL, 8),
(4, 'machina/attachments/login.png', NULL, 8),
(5, 'machina/attachments/create_an_account.png', NULL, 8),
(6, 'machina/attachments/authorized_page.png', NULL, 8);

-- --------------------------------------------------------

--
-- Structure de la table `forum_conversation_post`
--

CREATE TABLE `forum_conversation_post` (
  `id` int(11) NOT NULL,
  `created` datetime(6) NOT NULL,
  `updated` datetime(6) NOT NULL,
  `subject` varchar(255) NOT NULL,
  `content` longtext NOT NULL,
  `username` varchar(155) DEFAULT NULL,
  `approved` tinyint(1) NOT NULL,
  `update_reason` varchar(255) DEFAULT NULL,
  `updates_count` int(10) UNSIGNED NOT NULL CHECK (`updates_count` >= 0),
  `_content_rendered` longtext DEFAULT NULL,
  `poster_id` int(11) DEFAULT NULL,
  `topic_id` int(11) NOT NULL,
  `updated_by_id` int(11) DEFAULT NULL,
  `anonymous_key` varchar(100) DEFAULT NULL,
  `enable_signature` tinyint(1) NOT NULL
) ENGINE=InnoDB DEFAULT CHARSET=latin1;

--
-- Déchargement des données de la table `forum_conversation_post`
--

INSERT INTO `forum_conversation_post` (`id`, `created`, `updated`, `subject`, `content`, `username`, `approved`, `update_reason`, `updates_count`, `_content_rendered`, `poster_id`, `topic_id`, `updated_by_id`, `anonymous_key`, `enable_signature`) VALUES
(1, '2021-07-28 10:06:42.996434', '2021-07-28 10:06:42.996473', 'test', 'test', NULL, 1, NULL, 0, '<p>test</p>', 1, 1, NULL, NULL, 1),
(2, '2021-07-28 10:14:26.320322', '2021-07-28 10:14:26.320363', 'Re: test', '$x^2$', NULL, 1, NULL, 0, '<p>$x^2$</p>', 1, 1, NULL, NULL, 1),
(3, '2021-07-28 10:23:31.757218', '2021-07-28 18:22:53.932925', 'Tutoriel Markdown : la bonne syntaxe pour vos documents', 'Markdown étant conçu pour être un langage de balisage simple, la syntaxe Markdown est très intuitive. Pour pouvoir l’utiliser, vous devez cependant connaître les éléments de balisage. Nous avons réuni ci-dessous les principales fonctions.\r\n\r\n**Gras et italique**\r\nÉcrire en gras et en italique est particulièrement facile avec Markdown. Il suffit d’utiliser les étoiles, appelées aussi astérisques. Pour écrire en italique, insérez tout simplement une étoile devant et derrière l’expression le mot ou concerné. Pour le gras, insérez deux étoiles avant et après. Pour le gras et l’italique, vous devrez opter pour trois étoiles. Une autre option consiste à utiliser les tirets bas.\r\n\r\n```\r\nfunction fancyAlert(arg) {\r\n  if(arg) {\r\n    $.facebox({div:\'#foo\'})\r\n  }\r\n}\r\n```\r\n\r\n` Texte en italique `  donne   *Texte en italique*\r\n_Texte en italique_\r\n**Texte en gras**\r\n__Texte en gras__\r\n***Texte en italique et en gras***\r\n___Texte en italique et en gras___\r\n\r\n**Barré**\r\nPour barrer un texte avec Markdown, précédez-le de deux tildes et refermez la chaîne avec deux autres tildes.\r\n\r\n~~Ce texte est barré.~~ mais pas celui-là.\r\n Remarque\r\nMarkdown ne permet pas de souligner du texte. En HTML, on utilise la balise \'<u>\' pour souligner. Cette forme de typographie est cependant progressivement délaissée. Les hyperliens du net étant généralement représentés sous forme de texte souligné, on a tendance à ne pas souligner d’autres segments pour éviter toute confusion.\r\n\r\n**Les titres**\r\nPar défaut, pour rédiger un titre avec Markdown, on utilise le dièse. On le sépare du texte avec une espace. Pour créer des sous-titres de hiérarchie inférieure, et donc rédigés en plus petits, il suffit d’insérer des dièses supplémentaires. Comme pour l’édition HTML, vous pourrez créer jusque 6 niveaux de sous-titres.\r\n\r\n#  Titre 1\r\n## Titre 2\r\n###  Titre 3\r\n#### Titre 4\r\n#####  Titre 5\r\n###### Titre 6\r\n Note\r\nCertains ajoutent des dièses derrière les titres. Cela peut améliorer la lisibilité, bien que ce soit absolument superflu sur le plan technique. Au moment de la conversion, ces dièses seront de toute manière ignorés.\r\n\r\nUne autre option consiste à utiliser le signe égal et le tiret pour délimiter les titres. Il suffit dans ce cas de les insérer en dessous de la ligne du titre. Cette variante ne permet cependant de créer qu’un titre et un seul niveau de sous-titre. Un seul caractère par titre suffit, bien qu’on ait tendance à en aligner plusieurs les uns derrière les autres. La raison est purement esthétique. Plusieurs caractères successifs donnent l’impression d’un soulignement simple ou double.\r\n\r\nTitre 1\r\n=\r\nTitre 2\r\n-\r\n**Paragraphes**\r\nLe langage Markdown utilise des sauts de lignes pour créer des paragraphes séparés. Pour rédiger un nouveau paragraphe (balise), il suffit d’insérer tout simplement une ligne vierge. Attention cependant : Markdown considère comme ligne vierge toute ligne vide sur le plan purement visuel. Si cette ligne comprend des espaces invisibles, comme des tabulations ou des espaces, l’analyseur syntaxique les ignorera et interprétera toute la ligne comme étant vierge. Si l’on souhaite insérer un saut de ligne correspondant à la balise\r\n, il vous faudra insérer deux espaces à la fin d’une ligne.\r\n\r\n**Les citations**\r\nPour transformer une zone de texte en citation, il est possible de créer un élément de type Blockquote avec Markdown. Pour ce faire, vous utiliserez le signe supérieur à (>). Vous pourrez soit précéder chaque ligne de ce signe, soit en insérer un au début du paragraphe et terminer le paragraphe à mettre en exergue par une ligne vierge. D’autres éléments de formatage sont possibles dans un blockquote.\r\n\r\n>Ceci est une **zone en retrait**.\r\n>La zone continue ici\r\n\r\n>Ceci est une autre **zone de retrait**.\r\nCette zone continue également dans la ligne suivante.\r\nCependan, cette ligne n’est plus en retrait\r\n\r\nLes listes\r\nSi vous souhaitez établir une liste simple avec Markdown, vous avez le choix entre le signe plus, le tiret ou un astérisque. Ces trois options donnent le même rendu.\r\n\r\n- Liste1\r\n- Liste 2\r\n- Liste 3\r\nPour créer une liste numérotée, il vous suffira d’inscrire un chiffre suivi d’un point.\r\n\r\n1. Liste 1\r\n2. Liste 2\r\n3. Liste 3\r\n \r\n	Conseil\r\nLe chiffre employé n’a aucune importance pour Markdown. Que vous écriviez trois fois le chiffre 1, ou que vous commenciez par le chiffre 3, le langage Markdown rédigera dans tous les cas une liste correctement numérotée.\r\n\r\nMarkdown permet aussi d’éditer des listes à cocher. Ces listes sont précédées d’une case à cocher pouvant être activée par clic. Ces cases peuvent d’ailleurs être cochées par défaut au moment de la création de la liste. Pour ce faire, vous devez utiliser les crochets et le X.\r\n\r\n[ ] A\r\n[x] B\r\n[ ] C\r\n Note\r\nPour des cases à cocher vides, n’oubliez pas de laisser une espace entre les deux crochets. Sinon Markdown n’identifiera pas votre texte comme étant une liste.\r\n\r\nCode\r\nPour écrire un morceau de code dans un texte, Markdown l’identifie au moyen du caractère appelé le Backtick ou apostrophe inversée. Attention, à ne pas confondre avec les guillemets. Le marquage est donc constitué d’une apostrophe inversée au début et à la fin du segment correspondant au code. C’est ainsi que vous pourrez incorporer directement le code source ou une commande logicielle dans le texte.\r\n\r\nC’est le `code`.\r\n Note\r\nAttention cependant à ne pas écrire par mégarde un accent grave, par exemple : à. C’est ce qui risque d’arriver si vous insérez ce caractère devant une voyelle. Pour éviter ce problème, pensez à insérer une espace entre l’apostrophe inversée et la voyelle.\r\n\r\nSi votre codage renferme déjà l’apostrophe inversée, vous devez précéder la zone de code de deux fois ce caractère. Dans ce cas, Markdown n’interprétera pas l’apostrophe inversée comme une balise.\r\n\r\n``C’est tout le `code`.``\r\nPour identifier tout un bloc de texte comme du code source, vous pourrez utiliser soit la touche de tabulation ou quatre espaces consécutives, et ce pour chaque ligne concernée. Pour indenter davantage certaines lignes, il vous suffira d’insérer des tabulations ou des espaces.\r\n\r\nEncore écrit ici en texte ordinaire\r\n  Ceci est la première ligne du bloc de code\r\n  La seconde ligne est encore plus en retrait\r\n  C’est une autre ligne du bloc de code\r\nC’est ici que le texte ordinaire recommence\r\nSi vous préférez utiliser des caractères pour introduire et refermer des blocs de codage, il est possible d’utiliser trois apostrophes inversées au début et à la fin du bloc. Plusieurs éditeurs Markdown offrent par ailleurs la possibilité d’opter automatiquement pour un balisage de couleur. Pour ce faire, il vous faut préciser, juste après les trois apostrophes d\'introduction, le langage dans lequel vous avez édité le code source.\r\n\r\n```html\r\n<html>\r\n  <head>\r\n  </head>\r\n</html>\r\n```\r\n\r\n  \r\n  \r\nImages et hyperliens\r\nMarkdown permet aussi d’insérer des images et des hyperliens dans votre texte. Cette insertion se fait en combinant des parenthèses et des crochets. Pour créer un lien, vous devrez écrire les mots ou les phrases visibles dans le texte entre crochets, suivis directement de l’adresse URL entre parenthèses. Si vous souhaitez ajouter au lien un titre facultatif, visible par l’utilisateur au survol de la souris, c’est tout à fait possible : ce texte devra être ajouté à l’adresse URL entre les parenthèses, mais sera séparé d’une espace de l’URL, et inscrit entre guillemets doubles.\r\n\r\nIci ce qui suit [Lien](https://example.com/ \"titre de lien optionnel\").\r\nSi vous insérez une adresse URL ou une adresse électronique dans votre texte ordinaire, la plupart des éditeurs Markdown créeront automatiquement un hyperlien accessible par clic. Pour forcer cette fonction, utilisez les signes inférieur et supérieur à. Si, en revanche, vous souhaitez empêcher les éditeurs d’activer cette fonction, marquez l’URL comme code, et utilisez à nouveau les apostrophes inversées.\r\n\r\n<https://example.com>\r\n`https://example.com`\r\nLa syntaxe permettant d’insérer des images est semblable à celle des liens. On commence cependant par insérer un point d’exclamation. Suivent ensuite les crochets entre lesquels on insère le texte alternatif de l’image, puis l’URL de l’image entre parenthèses. L’image sera dans ce cas directement affichée dans le texte.\r\n\r\n![Ceci est un exemple d’image](https://example.com/bild.jpg)\r\n Conseil\r\nVous pouvez bien sûr créer des liens vers des pages HTML ou des images se trouvant sur votre propre serveur. Si le document concerné se trouve sur le même serveur, vous pouvez vous contenter de liens relatifs.\r\n\r\nVous pouvez aussi combiner des images et des hyperliens. Si vous souhaitez insérer un lien cliquable derrière l’image, vous devez combiner les deux fonctions. L’image devient dans ce cas le texte d’ancrage et s’affiche donc entre les crochets.\r\n\r\n[![Ceci est un exemple d’image](https://example.com/bild.jpg)](https://example.com)\r\nLes tableaux\r\nLes barres verticales (|) permettent d’éditer des tableaux avec Markdown. Chaque cellule du tableau est séparée d’une barre verticale. Pour créer des lignes de titre qui se distinguent du reste du tableau, vous devrez souligner les cellules concernées avec les tirets du 6.\r\n--------|--------\r\ncellule 1|cellule 2\r\n   A    |    B    \r\n    C    |    D    \r\nIl n’est pas nécessaire d’aligner les barres verticales les unes en dessous des autres. Si elles sont alignées, la lisibilité du tableau est cependant meilleure dans la version brute du document Markdown. La même chose s’applique aux barres verticales latérales. Elles n’ont aucune utilité pour la compilation du document.\r\n\r\nLes notes de bas de page\r\nMarkdown vous permet aussi d’éditer des notes de bas de page. Ajoutez tout simplement dans votre texte un numéro d’annotation, et reprenez ce numéro en bas de votre page dans une note de bas de page. Markdown créera alors automatiquement une ligne. Le chiffre correspondant à l’annotation est automatiquement formaté en lien, ce qui vous permet d’atteindre la note de bas de page par un simple clic. Pour pouvoir bénéficier de cet automatisme, commencez par inscrire le numéro de l’annotation derrière le mot souhaité : commencez par écrire un accent circonflexe entre les crochets, suivi du numéro.\r\n\r\nLe choix du chiffre (ou autres valeurs) n’a aucune espèce d’importance. Comme pour la création de liste, Markdown se charge de la numérotation. Ce qui est important, c’est de créer ensuite un renvoi vers la désignation que vous aurez sélectionnée. Pour ce faire, vous devez reprendre le même chiffre dans une nouvelle ligne, inséré à nouveau entre crochets avec un accent circonflexe, vous ajoutez le signe des deux points, et vous rédigez le texte de l’annotation. Ce texte pourra d’ailleurs faire l’objet d’un formatage de votre choix, et s’étendre sur plusieurs lignes.\r\n\r\nDans le texte ordinaire [^1] vous pouvez facilement placer des notes de bas de page [^2]\r\n[^1]: Vous trouverez ici le texte de la note de bas de page.\r\n [^2]: **Note de page de page** peut aussi être *formatée*.\r\nEt celles-ci comprennent même plusieurs lignes\r\nEt celles-ci comprennent même plusieurs lignes\r\n\r\n Conseil\r\nL’endroit où vous l’implantez dans le texte n’a pas d’importance. Markdown le placera dans tous les cas à la fin du document. Pour clore l’annotation et poursuivre la rédaction du corps de texte, ajoutez tout simplement une ligne vierge.\r\n\r\n& et <>\r\nMarkdown étant très proche de HTML, il convient de regarder de plus près à l’usage du « et commercial » ainsi que les signes supérieur et inférieur. Ces caractères sont employés en HTML pour ouvrir et fermer des balises (<>) ou pour travailler avec des entités (&). Si l’on veut utiliser ces caractères dans leur signification d’origine, il faudra les masquer en HTML : &, < et >. Avec Markdown, il n’y a normalement aucune raison de ne pas utiliser ces caractères tels quels. Mais comme il est possible pour les utilisateurs de combiner Markdown et HTML, la situation est un peu complexe. Pour vous éviter de devoir faire face à de tels problèmes, l’analyseur syntaxique sait faire la différence entre les moments où vous souhaitez utiliser ces caractères et les situations de code HTML.\r\n\r\nA & B\r\n&alpha;\r\n1 < 2\r\n<p>\r\nMasquer les barres obliques inversées\r\nEn plus des caractères spéciaux imposés par HTML, Markdown utilise quelques autres caractères pour le formatage. Si l’on insère ces caractères, l’analyseur syntaxique en tiendra compte au moment de la conversion. Voici les caractères concernés :\r\n\r\nAstérisque : *\r\nTrait d’union : -\r\nSouligné : _\r\nParenthèses : ()\r\nCrochets : []\r\nAccolades : {}\r\nPoint : .\r\nPoint d’exclamation : !\r\nDièse : #\r\nAccent grave : `\r\nBarre oblique inversée : \\\r\nSi l’on veut utiliser ces caractères dans leur sens premier, il suffit de les précéder d’une barre oblique inversée. Important : Cette barre oblique inversée doit impérativement précéder chacun de ces caractères. Cela concerne donc autant une parenthèse ouvrante qu’une parenthèse fermante.\r\n\r\nCeci est un \\*exemple avec des astérisques\\*.\r\nCeci est un \\*exemple avec des astérisques\\*.\r\n\r\n Conseil\r\nVous aimeriez tester Markdown ? Dans notre article portant sur les éditeurs Markdown, découvrez quel logiciel est compatible avec votre système.', NULL, 1, NULL, 6, '<p>Markdown étant conçu pour être un langage de balisage simple, la syntaxe Markdown est très intuitive. Pour pouvoir l’utiliser, vous devez cependant connaître les éléments de balisage. Nous avons réuni ci-dessous les principales fonctions.</p>\n\n<p><strong>Gras et italique</strong><br />\nÉcrire en gras et en italique est particulièrement facile avec Markdown. Il suffit d’utiliser les étoiles, appelées aussi astérisques. Pour écrire en italique, insérez tout simplement une étoile devant et derrière l’expression le mot ou concerné. Pour le gras, insérez deux étoiles avant et après. Pour le gras et l’italique, vous devrez opter pour trois étoiles. Une autre option consiste à utiliser les tirets bas.</p>\n\n<p><code>\nfunction fancyAlert(arg) {\n  if(arg) {\n    $.facebox({div:\'#foo\'})\n  }\n}\n</code></p>\n\n<p><code>Texte en italique</code>  donne   <em>Texte en italique</em><br />\n<em>Texte en italique</em><br />\n<strong>Texte en gras</strong><br />\n<strong>Texte en gras</strong><br />\n<strong><em>Texte en italique et en gras</em></strong><br />\n<strong><em>Texte en italique et en gras</em></strong></p>\n\n<p><strong>Barré</strong><br />\nPour barrer un texte avec Markdown, précédez-le de deux tildes et refermez la chaîne avec deux autres tildes.</p>\n\n<p>~~Ce texte est barré.~~ mais pas celui-là.<br />\n Remarque<br />\nMarkdown ne permet pas de souligner du texte. En HTML, on utilise la balise \'[HTML_REMOVED]\' pour souligner. Cette forme de typographie est cependant progressivement délaissée. Les hyperliens du net étant généralement représentés sous forme de texte souligné, on a tendance à ne pas souligner d’autres segments pour éviter toute confusion.</p>\n\n<p><strong>Les titres</strong><br />\nPar défaut, pour rédiger un titre avec Markdown, on utilise le dièse. On le sépare du texte avec une espace. Pour créer des sous-titres de hiérarchie inférieure, et donc rédigés en plus petits, il suffit d’insérer des dièses supplémentaires. Comme pour l’édition HTML, vous pourrez créer jusque 6 niveaux de sous-titres.</p>\n\n<h1>Titre 1</h1>\n\n<h2>Titre 2</h2>\n\n<h3>Titre 3</h3>\n\n<h4>Titre 4</h4>\n\n<h5>Titre 5</h5>\n\n<h6>Titre 6</h6>\n\n<p>Note<br />\nCertains ajoutent des dièses derrière les titres. Cela peut améliorer la lisibilité, bien que ce soit absolument superflu sur le plan technique. Au moment de la conversion, ces dièses seront de toute manière ignorés.</p>\n\n<p>Une autre option consiste à utiliser le signe égal et le tiret pour délimiter les titres. Il suffit dans ce cas de les insérer en dessous de la ligne du titre. Cette variante ne permet cependant de créer qu’un titre et un seul niveau de sous-titre. Un seul caractère par titre suffit, bien qu’on ait tendance à en aligner plusieurs les uns derrière les autres. La raison est purement esthétique. Plusieurs caractères successifs donnent l’impression d’un soulignement simple ou double.</p>\n\n<h1>Titre 1</h1>\n\n<p>Titre 2<br />\n-<br />\n<strong>Paragraphes</strong><br />\nLe langage Markdown utilise des sauts de lignes pour créer des paragraphes séparés. Pour rédiger un nouveau paragraphe (balise), il suffit d’insérer tout simplement une ligne vierge. Attention cependant : Markdown considère comme ligne vierge toute ligne vide sur le plan purement visuel. Si cette ligne comprend des espaces invisibles, comme des tabulations ou des espaces, l’analyseur syntaxique les ignorera et interprétera toute la ligne comme étant vierge. Si l’on souhaite insérer un saut de ligne correspondant à la balise<br />\n, il vous faudra insérer deux espaces à la fin d’une ligne.</p>\n\n<p><strong>Les citations</strong><br />\nPour transformer une zone de texte en citation, il est possible de créer un élément de type Blockquote avec Markdown. Pour ce faire, vous utiliserez le signe supérieur à (&gt;). Vous pourrez soit précéder chaque ligne de ce signe, soit en insérer un au début du paragraphe et terminer le paragraphe à mettre en exergue par une ligne vierge. D’autres éléments de formatage sont possibles dans un blockquote.</p>\n\n<blockquote>\n  <p>Ceci est une <strong>zone en retrait</strong>.<br />\n  La zone continue ici</p>\n</blockquote>\n\n<blockquote>\n  <p>Ceci est une autre <strong>zone de retrait</strong>.<br />\n  Cette zone continue également dans la ligne suivante.<br />\n  Cependan, cette ligne n’est plus en retrait</p>\n</blockquote>\n\n<p>Les listes<br />\nSi vous souhaitez établir une liste simple avec Markdown, vous avez le choix entre le signe plus, le tiret ou un astérisque. Ces trois options donnent le même rendu.</p>\n\n<ul>\n<li>Liste1</li>\n<li>Liste 2</li>\n<li>Liste 3<br />\nPour créer une liste numérotée, il vous suffira d’inscrire un chiffre suivi d’un point.</li>\n</ul>\n\n<ol>\n<li>Liste 1</li>\n<li>Liste 2</li>\n<li><p>Liste 3</p>\n\n<p>Conseil<br />\nLe chiffre employé n’a aucune importance pour Markdown. Que vous écriviez trois fois le chiffre 1, ou que vous commenciez par le chiffre 3, le langage Markdown rédigera dans tous les cas une liste correctement numérotée.</p></li>\n</ol>\n\n<p>Markdown permet aussi d’éditer des listes à cocher. Ces listes sont précédées d’une case à cocher pouvant être activée par clic. Ces cases peuvent d’ailleurs être cochées par défaut au moment de la création de la liste. Pour ce faire, vous devez utiliser les crochets et le X.</p>\n\n<p>[ ] A<br />\n[x] B<br />\n[ ] C<br />\n Note<br />\nPour des cases à cocher vides, n’oubliez pas de laisser une espace entre les deux crochets. Sinon Markdown n’identifiera pas votre texte comme étant une liste.</p>\n\n<p>Code<br />\nPour écrire un morceau de code dans un texte, Markdown l’identifie au moyen du caractère appelé le Backtick ou apostrophe inversée. Attention, à ne pas confondre avec les guillemets. Le marquage est donc constitué d’une apostrophe inversée au début et à la fin du segment correspondant au code. C’est ainsi que vous pourrez incorporer directement le code source ou une commande logicielle dans le texte.</p>\n\n<p>C’est le <code>code</code>.<br />\n Note<br />\nAttention cependant à ne pas écrire par mégarde un accent grave, par exemple : à. C’est ce qui risque d’arriver si vous insérez ce caractère devant une voyelle. Pour éviter ce problème, pensez à insérer une espace entre l’apostrophe inversée et la voyelle.</p>\n\n<p>Si votre codage renferme déjà l’apostrophe inversée, vous devez précéder la zone de code de deux fois ce caractère. Dans ce cas, Markdown n’interprétera pas l’apostrophe inversée comme une balise.</p>\n\n<p><code>C’est tout le `code`.</code><br />\nPour identifier tout un bloc de texte comme du code source, vous pourrez utiliser soit la touche de tabulation ou quatre espaces consécutives, et ce pour chaque ligne concernée. Pour indenter davantage certaines lignes, il vous suffira d’insérer des tabulations ou des espaces.</p>\n\n<p>Encore écrit ici en texte ordinaire<br />\n  Ceci est la première ligne du bloc de code<br />\n  La seconde ligne est encore plus en retrait<br />\n  C’est une autre ligne du bloc de code<br />\nC’est ici que le texte ordinaire recommence<br />\nSi vous préférez utiliser des caractères pour introduire et refermer des blocs de codage, il est possible d’utiliser trois apostrophes inversées au début et à la fin du bloc. Plusieurs éditeurs Markdown offrent par ailleurs la possibilité d’opter automatiquement pour un balisage de couleur. Pour ce faire, il vous faut préciser, juste après les trois apostrophes d\'introduction, le langage dans lequel vous avez édité le code source.</p>\n\n<p><code>html\n[HTML_REMOVED]\n  [HTML_REMOVED]\n  [HTML_REMOVED]\n[HTML_REMOVED]\n</code></p>\n\n<p>Images et hyperliens<br />\nMarkdown permet aussi d’insérer des images et des hyperliens dans votre texte. Cette insertion se fait en combinant des parenthèses et des crochets. Pour créer un lien, vous devrez écrire les mots ou les phrases visibles dans le texte entre crochets, suivis directement de l’adresse URL entre parenthèses. Si vous souhaitez ajouter au lien un titre facultatif, visible par l’utilisateur au survol de la souris, c’est tout à fait possible : ce texte devra être ajouté à l’adresse URL entre les parenthèses, mais sera séparé d’une espace de l’URL, et inscrit entre guillemets doubles.</p>\n\n<p>Ici ce qui suit <a href=\"https://example.com/\" title=\"titre de lien optionnel\">Lien</a>.<br />\nSi vous insérez une adresse URL ou une adresse électronique dans votre texte ordinaire, la plupart des éditeurs Markdown créeront automatiquement un hyperlien accessible par clic. Pour forcer cette fonction, utilisez les signes inférieur et supérieur à. Si, en revanche, vous souhaitez empêcher les éditeurs d’activer cette fonction, marquez l’URL comme code, et utilisez à nouveau les apostrophes inversées.</p>\n\n<p><a href=\"https://example.com\">https://example.com</a><br />\n<code>https://example.com</code><br />\nLa syntaxe permettant d’insérer des images est semblable à celle des liens. On commence cependant par insérer un point d’exclamation. Suivent ensuite les crochets entre lesquels on insère le texte alternatif de l’image, puis l’URL de l’image entre parenthèses. L’image sera dans ce cas directement affichée dans le texte.</p>\n\n<p><img src=\"https://example.com/bild.jpg\" alt=\"Ceci est un exemple d’image\" /><br />\n Conseil<br />\nVous pouvez bien sûr créer des liens vers des pages HTML ou des images se trouvant sur votre propre serveur. Si le document concerné se trouve sur le même serveur, vous pouvez vous contenter de liens relatifs.</p>\n\n<p>Vous pouvez aussi combiner des images et des hyperliens. Si vous souhaitez insérer un lien cliquable derrière l’image, vous devez combiner les deux fonctions. L’image devient dans ce cas le texte d’ancrage et s’affiche donc entre les crochets.</p>\n\n<p><a href=\"https://example.com\"><img src=\"https://example.com/bild.jpg\" alt=\"Ceci est un exemple d’image\" /></a><br />\nLes tableaux<br />\nLes barres verticales (|) permettent d’éditer des tableaux avec Markdown. Chaque cellule du tableau est séparée d’une barre verticale. Pour créer des lignes de titre qui se distinguent du reste du tableau, vous devrez souligner les cellules concernées avec les tirets du 6.<br />\n--------|--------<br />\ncellule 1|cellule 2<br />\n   A    |    B<br />\n    C    |    D<br />\nIl n’est pas nécessaire d’aligner les barres verticales les unes en dessous des autres. Si elles sont alignées, la lisibilité du tableau est cependant meilleure dans la version brute du document Markdown. La même chose s’applique aux barres verticales latérales. Elles n’ont aucune utilité pour la compilation du document.</p>\n\n<p>Les notes de bas de page<br />\nMarkdown vous permet aussi d’éditer des notes de bas de page. Ajoutez tout simplement dans votre texte un numéro d’annotation, et reprenez ce numéro en bas de votre page dans une note de bas de page. Markdown créera alors automatiquement une ligne. Le chiffre correspondant à l’annotation est automatiquement formaté en lien, ce qui vous permet d’atteindre la note de bas de page par un simple clic. Pour pouvoir bénéficier de cet automatisme, commencez par inscrire le numéro de l’annotation derrière le mot souhaité : commencez par écrire un accent circonflexe entre les crochets, suivi du numéro.</p>\n\n<p>Le choix du chiffre (ou autres valeurs) n’a aucune espèce d’importance. Comme pour la création de liste, Markdown se charge de la numérotation. Ce qui est important, c’est de créer ensuite un renvoi vers la désignation que vous aurez sélectionnée. Pour ce faire, vous devez reprendre le même chiffre dans une nouvelle ligne, inséré à nouveau entre crochets avec un accent circonflexe, vous ajoutez le signe des deux points, et vous rédigez le texte de l’annotation. Ce texte pourra d’ailleurs faire l’objet d’un formatage de votre choix, et s’étendre sur plusieurs lignes.</p>\n\n<p>Dans le texte ordinaire [^1] vous pouvez facilement placer des notes de bas de page [^2]<br />\nEt celles-ci comprennent même plusieurs lignes<br />\nEt celles-ci comprennent même plusieurs lignes</p>\n\n<p>Conseil<br />\nL’endroit où vous l’implantez dans le texte n’a pas d’importance. Markdown le placera dans tous les cas à la fin du document. Pour clore l’annotation et poursuivre la rédaction du corps de texte, ajoutez tout simplement une ligne vierge.</p>\n\n<p>&amp; et &lt;&gt;<br />\nMarkdown étant très proche de HTML, il convient de regarder de plus près à l’usage du « et commercial » ainsi que les signes supérieur et inférieur. Ces caractères sont employés en HTML pour ouvrir et fermer des balises (&lt;&gt;) ou pour travailler avec des entités (&amp;). Si l’on veut utiliser ces caractères dans leur signification d’origine, il faudra les masquer en HTML : &amp;, &lt; et &gt;. Avec Markdown, il n’y a normalement aucune raison de ne pas utiliser ces caractères tels quels. Mais comme il est possible pour les utilisateurs de combiner Markdown et HTML, la situation est un peu complexe. Pour vous éviter de devoir faire face à de tels problèmes, l’analyseur syntaxique sait faire la différence entre les moments où vous souhaitez utiliser ces caractères et les situations de code HTML.</p>\n\n<p>A &amp; B<br />\n&alpha;<br />\n1 &lt; 2<br />\n[HTML_REMOVED]<br />\nMasquer les barres obliques inversées<br />\nEn plus des caractères spéciaux imposés par HTML, Markdown utilise quelques autres caractères pour le formatage. Si l’on insère ces caractères, l’analyseur syntaxique en tiendra compte au moment de la conversion. Voici les caractères concernés :</p>\n\n<p>Astérisque : *<br />\nTrait d’union : -<br />\nSouligné : _<br />\nParenthèses : ()<br />\nCrochets : []<br />\nAccolades : {}<br />\nPoint : .<br />\nPoint d’exclamation : !<br />\nDièse : #<br />\nAccent grave : `<br />\nBarre oblique inversée : \\<br />\nSi l’on veut utiliser ces caractères dans leur sens premier, il suffit de les précéder d’une barre oblique inversée. Important : Cette barre oblique inversée doit impérativement précéder chacun de ces caractères. Cela concerne donc autant une parenthèse ouvrante qu’une parenthèse fermante.</p>\n\n<p>Ceci est un *exemple avec des astérisques*.<br />\nCeci est un *exemple avec des astérisques*.</p>\n\n<p>Conseil<br />\nVous aimeriez tester Markdown ? Dans notre article portant sur les éditeurs Markdown, découvrez quel logiciel est compatible avec votre système.</p>', 1, 2, 1, NULL, 1),
(4, '2021-07-28 16:47:17.583591', '2021-07-28 16:47:17.583653', 'Re: Tutoriel Markdown : la bonne syntaxe pour vos documents', 'Merci pour le tuto. C\'est très instructif.', NULL, 1, NULL, 0, '<p>Merci pour le tuto. C\'est très instructif.</p>', 2, 2, NULL, NULL, 1),
(5, '2021-07-28 16:53:41.934615', '2021-07-28 16:53:41.934659', 'Re: test', 'Bonjour la communauté. Cela fait plaisir d\'être avec vous.', NULL, 1, NULL, 0, '<p>Bonjour la communauté. Cela fait plaisir d\'être avec vous.</p>', 2, 1, NULL, NULL, 1),
(6, '2021-07-28 18:13:02.046422', '2021-07-28 18:13:02.046468', 'SimpleMDE - Markdown Editor', 'https://github.com/dez-php/simplemde-markdown-editor\r\n\r\nhttps://pypi.org/project/django-simplemde/\r\n\r\nPouvez vous  activer les autres options svp?.', NULL, 1, NULL, 0, '<p>https://github.com/dez-php/simplemde-markdown-editor</p>\n\n<p>https://pypi.org/project/django-simplemde/</p>\n\n<p>Pouvez vous  activer les autres options svp?.</p>', 1, 3, NULL, NULL, 1),
(7, '2021-07-28 18:16:59.757909', '2021-07-28 18:23:33.387232', '\'simplemde-markdown-editor\' avec mathjax  ou Katex', '**Avec mathjax **\r\nDÉMO : <https://jsfiddle.net/1wkojtaa/3/>\r\n\r\n<https://gist.github.com/chooco13/c280c1cc6584c97af85307028ecaebb1>\r\n\r\n\r\n\r\n`<html>\r\n<head>\r\n    <link rel=\"stylesheet\" href=\"https://cdn.jsdelivr.net/simplemde/latest/simplemde.min.css\">\r\n    <script src=\"https://cdn.jsdelivr.net/simplemde/latest/simplemde.min.js\"></script>\r\n    <script type=\"text/javascript\" src=\"https://cdnjs.cloudflare.com/ajax/libs/mathjax/2.7.2/MathJax.js?config=TeX-MML-AM_CHTML\"></script>\r\n    <script src=\"https://code.jquery.com/jquery-3.2.1.min.js\" integrity=\"sha256-hwg4gsxgFZhOsEEamdOYGBf13FyQuiTwlAQgxVSNgt4=\" crossorigin=\"anonymous\"></script>\r\n\r\n    <script>\r\n        $(function () {\r\n            MathJax.Hub.Config({\r\n                tex2jax: {inlineMath: [[\"$\",\"$\"],[\"\\\\(\",\"\\\\)\"]]}\r\n            });\r\n            \r\n            var QUEUE = MathJax.Hub.queue;\r\n            var simplemde = new SimpleMDE({\r\n                element: document.getElementById(\"md-editor\"),\r\n                spellChecker: false,\r\n                previewRender: function(plainText) {\r\n                    var preview = document.getElementsByClassName(\"editor-preview-side\")[0];\r\n                    preview.innerHTML = this.parent.markdown(plainText);\r\n                    preview.setAttribute(\'id\',\'editor-preview\')\r\n                    MathJax.Hub.Queue([\"Typeset\",MathJax.Hub,\"editor-preview\"]);\r\n                    return preview.innerHTML;\r\n                },\r\n            });\r\n        })\r\n    </script>\r\n</head>\r\n\r\n<body>\r\n    <textarea id=\"md-editor\"></textarea>\r\n</body>\r\n</html>`\r\n\r\n**Avec  Katex**\r\n???', NULL, 1, NULL, 5, '<p><em>*Avec mathjax *</em><br />\nDÉMO : <a href=\"https://jsfiddle.net/1wkojtaa/3/\">https://jsfiddle.net/1wkojtaa/3/</a></p>\n\n<p><a href=\"https://gist.github.com/chooco13/c280c1cc6584c97af85307028ecaebb1\">https://gist.github.com/chooco13/c280c1cc6584c97af85307028ecaebb1</a></p>\n\n<p>`[HTML_REMOVED]<br />\n[HTML_REMOVED]<br />\n    [HTML_REMOVED]<br />\n    [HTML_REMOVED][HTML_REMOVED]<br />\n    [HTML_REMOVED][HTML_REMOVED]<br />\n    [HTML_REMOVED][HTML_REMOVED]</p>\n\n<pre><code>[HTML_REMOVED]\n    $(function () {\n        MathJax.Hub.Config({\n            tex2jax: {inlineMath: [[\"$\",\"$\"],[\"\\\\(\",\"\\\\)\"]]}\n        });\n\n        var QUEUE = MathJax.Hub.queue;\n        var simplemde = new SimpleMDE({\n            element: document.getElementById(\"md-editor\"),\n            spellChecker: false,\n            previewRender: function(plainText) {\n                var preview = document.getElementsByClassName(\"editor-preview-side\")[0];\n                preview.innerHTML = this.parent.markdown(plainText);\n                preview.setAttribute(\'id\',\'editor-preview\')\n                MathJax.Hub.Queue([\"Typeset\",MathJax.Hub,\"editor-preview\"]);\n                return preview.innerHTML;\n            },\n        });\n    })\n[HTML_REMOVED]\n</code></pre>\n\n<p>[HTML_REMOVED]</p>\n\n<p>[HTML_REMOVED]<br />\n    [HTML_REMOVED][HTML_REMOVED]<br />\n[HTML_REMOVED]<br />\n[HTML_REMOVED]`</p>\n\n<p><strong>Avec  Katex</strong><br />\n???</p>', 1, 4, 1, NULL, 1),
(8, '2021-07-28 18:34:54.465709', '2021-07-28 18:34:54.465763', 'egorsmkv / simple-django-login-and-register', '<https://github.com/egorsmkv/simple-django-login-and-register>', NULL, 1, NULL, 0, '<p><a href=\"https://github.com/egorsmkv/simple-django-login-and-register\">https://github.com/egorsmkv/simple-django-login-and-register</a></p>', 1, 5, NULL, NULL, 1),
(9, '2021-07-28 18:50:19.719173', '2021-07-28 18:50:19.719235', 'Re: \'simplemde-markdown-editor\' avec mathjax  ou Katex', '<https://pypi.org/project/RPBook/>', NULL, 1, NULL, 0, '<p><a href=\"https://pypi.org/project/RPBook/\">https://pypi.org/project/RPBook/</a></p>', 1, 4, NULL, NULL, 1),
(10, '2021-07-28 19:13:05.177437', '2021-07-28 19:13:05.177497', 'XML  moodle question 2 YAML', '<https://github.com/scamblor/questionary>\r\n\r\n\r\n**Questionary**\r\nMultichoice tests in yaml format with automated conversion to JSON, DOCX, CSV and Moodle XML\r\n\r\n**Questionary web tests**\r\nIn Github : https://picuino.github.io/questionary\r\n\r\nIn Picuino web: https://www.picuino.com/questionary', NULL, 1, NULL, 0, '<p><a href=\"https://github.com/scamblor/questionary\">https://github.com/scamblor/questionary</a></p>\n\n<p><strong>Questionary</strong><br />\nMultichoice tests in yaml format with automated conversion to JSON, DOCX, CSV and Moodle XML</p>\n\n<p><strong>Questionary web tests</strong><br />\nIn Github : https://picuino.github.io/questionary</p>\n\n<p>In Picuino web: https://www.picuino.com/questionary</p>', 1, 6, NULL, NULL, 1),
(11, '2021-07-28 19:18:37.771570', '2021-07-28 19:18:37.771606', 'Documentation', 'Documentation', NULL, 1, NULL, 0, '<p>Documentation</p>', 1, 7, NULL, NULL, 1),
(12, '2021-07-28 20:24:29.821084', '2021-07-28 20:39:53.891248', 'Editor code syntax highlighting in EasyMDE (ex SimpleMDE)', '<https://hinty.io/ivictbor/editor-code-syntax-highlighting-in-easymde-ex-simplemde/>\r\n\r\n<https://bleepcoder.com/simplemde-markdown-editor/112394896/code-highlighting>\r\n\r\n<https://reposhub.com/javascript/markdown-editor/sparksuite-simplemde-markdown-editor.html>', NULL, 1, NULL, 1, '<p><a href=\"https://hinty.io/ivictbor/editor-code-syntax-highlighting-in-easymde-ex-simplemde/\">https://hinty.io/ivictbor/editor-code-syntax-highlighting-in-easymde-ex-simplemde/</a></p>\n\n<p><a href=\"https://bleepcoder.com/simplemde-markdown-editor/112394896/code-highlighting\">https://bleepcoder.com/simplemde-markdown-editor/112394896/code-highlighting</a></p>\n\n<p><a href=\"https://reposhub.com/javascript/markdown-editor/sparksuite-simplemde-markdown-editor.html\">https://reposhub.com/javascript/markdown-editor/sparksuite-simplemde-markdown-editor.html</a></p>', 1, 3, 1, NULL, 1),
(13, '2021-07-28 20:44:36.743648', '2021-07-28 20:48:20.997138', 'tableau   problème', '| Column 1 | Column 2 | Column 3 |\r\n| -------- | -------- | -------- |\r\n| Text 1    | Text2     | Text3     |\r\n\r\n\r\njhjgjhg\r\n\r\n\r\n\\n\\n| Column 1 | Column 2 | Column 3 |\\n| -------- | -------- | -------- |\\n| Text     | Text     | Text     |\\n\\n\r\n\r\n\r\n\r\n| Colonne 1 | Colonne 2 | Colonne 3 |\r\n| -------- | -------- | -------- |\r\n| Jean | Biche | Homme |\r\n| Marie | Forgeron | Femelle |\r\n\r\nOu sans aligner les colonnes...\r\n\r\n| Colonne 1 | Colonne 2 | Colonne 3 |\r\n| -------- | -------- | -------- |\r\n| Jean | Biche | Homme |\r\n| Marie | Forgeron | Femelle |', NULL, 1, NULL, 3, '<p>| Column 1 | Column 2 | Column 3 |<br />\n| -------- | -------- | -------- |<br />\n| Text 1    | Text2     | Text3     |</p>\n\n<p>jhjgjhg</p>\n\n<p>\\n\\n| Column 1 | Column 2 | Column 3 |\\n| -------- | -------- | -------- |\\n| Text     | Text     | Text     |\\n\\n</p>\n\n<p>| Colonne 1 | Colonne 2 | Colonne 3 |<br />\n| -------- | -------- | -------- |<br />\n| Jean | Biche | Homme |<br />\n| Marie | Forgeron | Femelle |</p>\n\n<p>Ou sans aligner les colonnes...</p>\n\n<p>| Colonne 1 | Colonne 2 | Colonne 3 |<br />\n| -------- | -------- | -------- |<br />\n| Jean | Biche | Homme |<br />\n| Marie | Forgeron | Femelle |</p>', 1, 8, 1, NULL, 1);
INSERT INTO `forum_conversation_post` (`id`, `created`, `updated`, `subject`, `content`, `username`, `approved`, `update_reason`, `updates_count`, `_content_rendered`, `poster_id`, `topic_id`, `updated_by_id`, `anonymous_key`, `enable_signature`) VALUES
(14, '2021-07-28 21:45:52.362450', '2021-07-28 22:02:42.252332', 'Guide de syntaxe Markdown', '<https://sourceforge.net/nf/markdown_syntax#md_ex_tables>\r\n\r\n> Cet exemple aa Blockquote\r\n\r\n---------\r\n\r\nSourceForge utilise la syntaxe de démarque partout pour vous permettre de créer un balisage de texte enrichi et étend la démarque de plusieurs manières pour permettre un lien rapide vers d\'autres artefacts de votre projet.\r\n\r\nMarkdown a été créé pour être facile à lire, facile à écrire et toujours lisible au format texte brut.\r\n\r\nLiens\r\nLiens de référence\r\nLiens d\'artefact\r\nMentions d\'utilisateur\r\nFormatage de texte de base\r\nCitations en bloc\r\nTexte préformaté\r\nListes\r\nles tables\r\nEn-têtes\r\nRègles horizontales\r\nImages\r\nVidéos\r\nÉchappements et HTML\r\nPlus d\'en-têtes\r\nTable des matières\r\nMise en évidence du code\r\nComprend\r\nNotifications de quartier\r\nMacros d\'informations sur le projet\r\nMerci\r\nLiens\r\nLa plupart des URL seront automatiquement transformées en liens. Pour être explicite, il suffit de l\'écrire comme ceci :\r\n\r\n<http://someurl>\r\n\r\n<somebbob@example.com>\r\n\r\nProduction:\r\n\r\nhttp://someurl\r\n\r\nsomebbob@example.com\r\n\r\nPour utiliser du texte pour le lien, écrivez-le :\r\n\r\n[comme ça](http://someurl)\r\nProduction:\r\n\r\ncomme ça\r\n\r\nVous pouvez ajouter un *titre* (qui apparaît sous le curseur) :\r\n\r\n[comme ça](http://someurl \"ce titre s\'affiche lorsque vous survolez\")\r\nProduction:\r\n\r\ncomme ça\r\n\r\nLiens de référence\r\nVous pouvez également mettre l\'[URL du lien][1] sous le paragraphe actuel\r\ncomme [ceci][2].\r\n\r\n   [1] : http://url\r\n   [2] : http://another.url \"Un titre génial\"\r\nProduction:\r\n\r\nVous pouvez également mettre l\' URL du lien sous le paragraphe actuel\r\ncomme ceci .\r\n\r\nIci, le texte \"URL du lien\" est lié à \"http://url\", et les lignes indiquant \"[1]: http://url\" n\'afficheront rien.\r\n\r\nOu vous pouvez utiliser une référence [raccourci][], qui lie le texte \"raccourci\" au lien nommé \"[raccourci]\" sur le paragraphe suivant.\r\n\r\nOu vous pouvez utiliser une référence [raccourci][], qui relie le texte\r\n\"raccourci\" au lien nommé \"[raccourci]\" dans le paragraphe suivant.\r\n\r\n[raccourci] : http://goes/with/the/link/name/text\r\nProduction:\r\n\r\nOu vous pouvez utiliser une référence de raccourci , qui lie le texte\r\n« raccourci » au lien nommé « [raccourci] » sur le paragraphe suivant.\r\n\r\nLiens d\'artefact\r\nToute ressource de forge (artefact) peut être liée avec des crochets environnants, par exemple [MaPage] ou [#123]. Ces liens d\'artefacts peuvent prendre plusieurs formes.\r\n\r\nLiens simples\r\nLe plus souvent, l\'identifiant de l\'artefact peut être simplement entouré de crochets. Voici quelques exemples:\r\n\r\n[MyWikiPage] # Wiki - nom de la page wiki\r\n[#123] # Tracker - numéro de ticket\r\n[r10721] # SVN - numéro de révision\r\n[3b9d48] # Git & Mercurial - 6 premiers caractères du hachage de révision\r\n[2012/02/my-post] # Blog - post slug, y compris AAAA/MM/ préfixe\r\n[a6d38f98] # Fil de discussion - ID de fil\r\n[a6d38f98#42f8] # Message de discussion - thread_id#post_id\r\n\r\nLiens en deux parties\r\nPour créer un lien vers un artefact dans un outil spécifique, utilisez le formulaire : `[tool:artifact]`, où `tool` est le nom de l\'outil tel qu\'il apparaît dans l\'URL. Les liens en deux parties sont utiles lorsque vous avez installé deux outils du même type. Par exemple, disons que vous avez installé un outil de suivi des \"bugs\" et un outil de suivi des \"fonctionnalités\", et que vous souhaitez créer un lien vers le premier ticket de chacun :\r\n\r\n[bugs : 1]\r\n[caractéristiques : 1]\r\n\r\nLiens en trois parties\r\nPour créer un lien vers un artefact dans un autre projet, utilisez le formulaire : `[project:tool:artifact]`, où `project` est le nom du projet tel qu\'il apparaît dans l\'URL. Par exemple:\r\n\r\n[allura:wiki:Accueil]\r\n\r\nPour créer un lien vers un artefact dans un sous-projet, utilisez le formulaire : `[project/subproject:tool:artifact]`, où `subproject` est le nom du sous-projet tel qu\'il apparaît dans l\'URL. Par exemple:\r\n\r\n[allura/sous:code:3b9d48]\r\n\r\nMentions d\'utilisateur\r\nUn utilisateur peut être mentionné en utilisant le signe @ et le nom d\'utilisateur. Une mention d\'utilisateur rendue a un lien vers l\'utilisateur particulier et également une astuce d\'information sur le survol de la souris.\r\n\r\n  @test-user-1 # Mentionnez test-user-1\r\n  \r\n\r\nFormatage de texte de base\r\nUtilisez * ou _ pour souligner les choses :\r\n\r\n*c\'est en italique* et _c\'est aussi_\r\n\r\n**c\'est en gras** et __c\'est aussi ça__\r\n\r\n*** c\'est en gras et en italique*** et ___ c\'est pareil ___\r\nProduction:\r\n\r\nc\'est en italique et c\'est aussi\r\n\r\nc\'est en gras et c\'est aussi\r\n\r\nc\'est en gras et en italique et c\'est aussi\r\n\r\nVous pouvez barrer du texte en HTML comme ceci :\r\n\r\n<s>ceci est barré de texte</s>\r\nProduction:\r\n\r\nc\'est du texte barré\r\n\r\nUn retour chariot\r\nfait un saut de ligne.\r\n\r\nDeux retours chariot forment un nouveau paragraphe.\r\nProduction:\r\n\r\nUn retour chariot\r\nfait un saut de ligne.\r\n\r\nDeux retours chariot forment un nouveau paragraphe.\r\n\r\nCitations en bloc\r\nUtilisez le caractère > devant une ligne, comme dans un e-mail\r\n\r\n> Utilisez-le si vous citez une personne, une chanson ou autre.\r\n\r\n> Vous pouvez également utiliser *italique* ou des listes à l\'intérieur.\r\nEt comme pour les autres paragraphes,\r\ntoutes ces lignes sont encore\r\npartie du blockquote, même sans le caractère > devant.\r\n\r\nPour terminer le blockquote, il suffit de mettre une ligne vide avant le suivant\r\nparagraphe.\r\nProduction:\r\n\r\nUtilisez-le si vous citez une personne, une chanson ou autre.\r\n\r\nVous pouvez également utiliser l\' italique ou des listes à l\'intérieur.\r\nEt tout comme avec les autres paragraphes,\r\ntoutes ces lignes font toujours\r\npartie du blockquote, même sans le caractère > devant.\r\n\r\nPour terminer le blockquote, placez simplement une ligne vide avant le\r\nparagraphe suivant .\r\n\r\nTexte préformaté\r\nSi vous voulez qu\'un texte apparaisse exactement comme vous l\'écrivez, sans que Markdown n\'y fasse quoi que ce soit, indentez simplement chaque ligne d\'au moins 4 espaces (ou 1 tabulation). Comme alternative à l\'indentation, vous pouvez faire en sorte qu\'un bloc de code utilise au moins 3 tildes (~) ou backticks (`) sur une ligne avant et après le texte ( détails de syntaxe ). Voir les exemples dans la section Mise en évidence du code .\r\n\r\n    Cette ligne n\'aura *aucune mise en forme de démarque* appliquée.\r\n    Je peux même écrire du <b>HTML</b> et cela s\'affichera sous forme de texte.\r\n    C\'est génial pour montrer le code source du programme, ou HTML ou même\r\n    Réduction. <b>cela n\'apparaîtra pas en HTML</b> mais\r\n    exactement <i>comme vous le voyez dans ce fichier texte</i>.\r\n\r\nDans un paragraphe, vous pouvez utiliser des guillemets pour faire la même chose.\r\n`Ce ne sera pas du tout *italique* ou **gras**.`\r\nProduction:\r\n\r\nCette ligne n\'aura *aucune mise en forme de démarque* appliquée.\r\nJe peux même écrire du <b> HTML </b> et cela s\'affichera sous forme de texte.\r\nC\'est génial pour montrer le code source du programme, ou HTML ou même\r\nRéduction. <b> cela n\'apparaîtra pas en HTML </b> mais\r\nexactement <i> comme vous le voyez dans ce fichier texte </i> .\r\nDans un paragraphe, vous pouvez utiliser des guillemets pour faire la même chose.\r\nThis won\'t be *italic* or **bold** at all.\r\n\r\nListes\r\n* un astérisque démarre une liste non ordonnée\r\n* et ceci est un autre élément de la liste\r\n+ ou vous pouvez également utiliser le caractère +\r\n- ou le - caractère\r\n\r\nPour commencer une liste ordonnée, écrivez ceci :\r\n\r\n1. cela commence une liste *avec* des nombres\r\n+ cela s\'affichera sous le numéro \"2\"\r\n* cela s\'affichera sous le numéro \"3\".\r\n9. n\'importe quel nombre, +, - ou * maintiendra la liste en cours.\r\n    * il suffit de mettre en retrait de 4 espaces (ou tabulation) pour faire une sous-liste\r\n        1. continuez à indenter pour plus de sous-listes\r\n    * me voici de retour au deuxième niveau\r\n\r\nPour commencer une liste de contrôle, écrivez ceci :\r\n\r\n- [ ] ceci n\'est pas coché\r\n- [ ] c\'est aussi\r\n- [x] mais c\'est coché\r\nProduction:\r\n\r\nun astérisque démarre une liste non ordonnée\r\net c\'est un autre élément de la liste\r\nou vous pouvez également utiliser le caractère +\r\nou le caractère -\r\nPour commencer une liste ordonnée, écrivez ceci :\r\n\r\ncela commence une liste avec des nombres\r\ncela s\'affichera sous le numéro \"2\"\r\ncela s\'affichera sous le numéro \"3\".\r\nn\'importe quel nombre, +, - ou * maintiendra la liste en cours.\r\nil suffit de mettre en retrait de 4 espaces (ou tabulation) pour faire une sous-liste\r\ncontinuez à indenter pour plus de sous-listes\r\nme voici de retour au deuxième niveau\r\nPour commencer une liste de contrôle, écrivez ceci :\r\n\r\n ce n\'est pas vérifié\r\n c\'est aussi\r\n mais c\'est vérifié\r\nles tables\r\nVous pouvez créer des tableaux à l\'aide de barres verticales et de tirets comme ceci :\r\n\r\n  Premier en-tête | Deuxième en-tête\r\n  ------------- | -------------\r\n  Cellule de contenu | Cellule de contenu\r\n  Cellule de contenu | Cellule de contenu\r\nProduction:\r\n\r\nPremier en-tête	Deuxième en-tête\r\nCellule de contenu	Cellule de contenu\r\nCellule de contenu	Cellule de contenu\r\nVous pouvez utiliser la syntaxe Markdown dans les cellules du tableau pour la mise en forme :\r\n\r\n  Premier en-tête | Deuxième en-tête\r\n  ------------- | -------------\r\n  *Cellule de contenu* | Cellule de contenu\r\n  Cellule de contenu | Cellule de contenu\r\nProduction:\r\n\r\nPremier en-tête	Deuxième en-tête\r\nCellule de contenu	Cellule de contenu\r\nCellule de contenu	Cellule de contenu\r\nVous pouvez également créer des tableaux à l\'aide de code HTML.\r\n\r\nEn-têtes\r\nIl suffit de mettre 1 ou plusieurs tirets ou signes égal (--- ou ===) sous le titre.\r\n\r\nC\'est un énorme en-tête\r\n===================\r\n\r\nc\'est un en-tête plus petit\r\n------------------\r\nProduction:\r\n\r\nC\'est un énorme en-tête\r\nc\'est un en-tête plus petit\r\nRègle horizontale\r\nIl suffit de mettre au moins trois * ou - sur une ligne :\r\n\r\n----------------\r\nProduction:\r\n\r\nOu, vous pouvez utiliser des espaces simples entre les deux, comme ceci :\r\n\r\n* * *\r\nProduction:\r\n\r\nou alors\r\n\r\n- - - - - - -\r\nProduction:\r\n\r\nAssurez-vous d\'avoir une ligne vide au-dessus des tirets, sinon :\r\nvous obtiendrez un en-tête\r\n---\r\nProduction:\r\n\r\nvous obtiendrez un en-tête\r\nImages\r\nPour inclure une image, il suffit de mettre un \"!\" devant un lien texte :\r\n\r\n![texte alternatif](https://a.fsdn.com/allura/nf/1627413676/_static_/images/up.png)\r\nProduction:\r\n\r\ntexte alternatif\r\n\r\nLe \"texte alternatif\" apparaîtra si le navigateur ne peut pas charger l\'image.\r\n\r\nVous pouvez également utiliser un titre si vous le souhaitez, comme celui-ci :\r\n\r\n![petite flèche vers le haut](https://a.fsdn.com/allura/nf/1627413676/_static_/images/up.png \"petite flèche vers le haut\")\r\nProduction:\r\n\r\npetite flèche vers le haut\r\n\r\nPour référencer une image jointe, utilisez simplement la macro img. Vous pouvez ajouter d\'autres attributs :\r\n\r\n[[img src=attached-image.jpg alt=foobar]]\r\nVidéos\r\nPour intégrer une vidéo YouTube, utilisez la embedmacro (seul YouTube est pris en charge pour le moment) :\r\n\r\n[[intégrer l\'url=https://www.youtube.com/watch?v=6YbBmqUnoQM]]\r\nProduction:\r\n\r\n\r\n\r\nÉchappements et HTML\r\nQue faire si vous souhaitez afficher uniquement des astérisques, pas des italiques ?\r\n\r\n* cela s\'affiche en italique : *un jour heureux*\r\n* cela montre les astérisques : \\*un jour heureux\\*\r\nProduction:\r\n\r\ncela s\'affiche en italique : un jour heureux\r\ncela montre les astérisques : *un jour heureux*\r\nLes backslashes vont disparaître et laisser les astérisques. Vous pouvez faire la même chose avec n\'importe quel caractère qui a une signification particulière\r\npour Markdown.\r\n\r\nDe nombreuses balises HTML simples sont autorisées, par exemple <b> Et les balises inconnues seront supprimées. Pour afficher un <b> littéral ou une balise inconnue comme <foobar>, vous devez l\'échapper avec des entités HTML : :\r\n\r\n<b>cela sera en gras</b>\r\nvous devriez vous échapper <inconnu> Mots clés\r\n&copie; les entités spéciales travaillent\r\n&copie; si tu veux y échapper\r\nProduction:\r\n\r\nce sera en gras\r\nvous devez échapper aux balises <inconnu>\r\n© les entités spéciales fonctionnent\r\n© si tu veux y échapper\r\n\r\nLes balises HTML qui sont au niveau du bloc comme <div> peuvent être utilisées, mais s\'il y a un formatage de démarque à l\'intérieur, vous devez ajouter un attribut \"markdown\" : <div markdown> Certains attributs sûrs sont également autorisés, permettant un style et une mise en page de base : <div markdown style=\"float:left\">\r\n\r\nLes esperluettes individuelles (&) et les signes inférieurs à (<) conviennent, ils seront affichés comme prévu.\r\n\r\nPlus d\'en-têtes\r\nPlus de façons de faire des en-têtes :\r\n\r\n# c\'est un énorme en-tête #\r\n## c\'est un en-tête plus petit ##\r\n### c\'est encore plus petit ###\r\n#### plus petit ####\r\n##### encore plus petit #####\r\n###### plus petit encore : en-tête `<h6>`\r\nProduction:\r\n\r\nc\'est un énorme en-tête\r\nc\'est un en-tête plus petit\r\nc\'est encore plus petit\r\nplus petit\r\nencore plus petit\r\nplus petit encore : en- <h6>tête\r\nVous pouvez utiliser jusqu\'à 6 #caractères en début de ligne.\r\n\r\nTable des matières\r\nVous pouvez afficher une liste de liens pour accéder aux en-têtes d\'un document. Les sous-en-têtes seront imbriqués.\r\n\r\n[COT]\r\n\r\n# Section 1\r\n## Sous-section 1\r\n# Section 2\r\nProduction:\r\n\r\nSection 1\r\nSous-section 1\r\nSection 2\r\nSection 1\r\nSous-section 1\r\nSection 2\r\nMise en évidence du code\r\nLa syntaxe de surbrillance du code utilise CodeHilite et est colorée avec Pygments . Il suit la même syntaxe que les blocs de code Markdown normaux , avec des moyens d\'indiquer au surligneur la langue à utiliser pour le bloc de code.\r\n\r\nLa langue sera détectée automatiquement, si possible. Ou vous pouvez le spécifier sur la première ligne avec 3 deux-points et le nom de la langue.\r\n\r\n    :::python\r\n    importer abc\r\nProduction:\r\n\r\nimporter  abc\r\nSi la première ligne du bloc de code contient un shebang, la langue en est dérivée et les numéros de ligne sont utilisés. Si la ligne shebang contient un chemin complet, il sera inclus dans la sortie. S\'il ne contient pas de chemin (un seul / ou même un espace), alors cette ligne shebang sera omise de la sortie.\r\n\r\n    #!/usr/bin/python\r\n    importer abc\r\nProduction:\r\n\r\n1 \r\n2\r\n#!/usr/bin/python \r\nimporter  abc\r\nSi vous utilisez un bloc de code de tildes ou de backticks, vous pouvez également spécifier la langue sur la première ligne de séparation\r\n\r\n~~~html\r\n<a href=\"#\">Mon code</a>\r\n~~~\r\n```html\r\n<a href=\"#\">Mon code</a>\r\n```\r\nProduction:\r\n\r\n< a  href = \"#\" > Mon code </ a >\r\nDe nombreuses langues sont prises en charge. Voir tous les \"noms courts\" répertoriés dans la doc Pygments .\r\n\r\nComprend\r\nVous pouvez intégrer directement une autre page wiki :\r\n\r\n[[inclure ref=SamplePage]]\r\nAucun exemple de sortie n\'est disponible pour celui-ci car il ne fonctionne que sur de vraies pages wiki. Essayez-le dans votre wiki!\r\n\r\nDe plus, vous pouvez intégrer un fichier directement à partir d\'un référentiel ! Ignorez simplement le paramètre ref et transmettez le référentiel, le chemin et la révision facultative :\r\n\r\n[[inclure repo=chemin du code=README]]\r\n\r\n[[include repo=myproject:code path=/ew/forms.py rev=fa61e7]]\r\n\r\n[[include repo=p:myproject:code path=/ew/forms.py]]\r\nLe dépôt peut être spécifié de trois manières :\r\n\r\napplication\r\nprojet:application\r\nquartier:projet:application\r\nOù app est le point de montage d\'un référentiel, project est le nom abrégé d\'un projet et le quartier est le préfixe d\'un quartier qui apparaît dans l\'url.\r\n\r\nNotifications de quartier\r\nVous pouvez répertorier les mises à jour de tous les projets d\'un quartier par type d\'outil. Max_number (la valeur par défaut est 5) et sort (la valeur par défaut est la date de publication) sont facultatifs :\r\n\r\n[[neighborhood_feeds tool_name=wiki max_number=10 sort=pubdate]]\r\nArticles de blog de quartier\r\nVous pouvez afficher les articles de blog de tous les projets d\'un quartier. Max_number (la valeur par défaut est 5) et le tri (la valeur par défaut est l\'horodatage) sont facultatifs :\r\n\r\n[[neighborhood_blog_posts max_number=10 sort=timestamp]]\r\nArticles de blog du projet\r\nVous pouvez afficher les articles de blog de tous les blogs d\'un projet. Max_number (la valeur par défaut est 5), le point de montage (laisser vide pour afficher les articles de tous les outils de blog d\'un projet) et le tri (la valeur par défaut est l\'horodatage) sont facultatifs :\r\n\r\n[[project_blog_posts max_number=10 sort=timestamp mount_point=news]]\r\nBouton de téléchargement\r\nVous pouvez afficher un bouton de téléchargement qui renvoie au meilleur téléchargement disponible pour le projet actif. Veuillez noter que si vous utilisez cette macro et qu\'aucun téléchargement n\'est associé à votre projet, le bouton n\'apparaîtra pas.\r\n\r\n[[download_button]]\r\nBouton Gittip\r\nVous pouvez afficher un bouton Gittip dans votre wiki. Vous devrez fournir votre handle gittip dans le paramètre username.\r\n\r\n[[gittip_button username=foo]]\r\nListe des membres du projet\r\nVous pouvez afficher une liste des membres du projet. Par défaut, la liste est limitée à 20 membres et un lien est fourni vers une page avec la liste complète.\r\n\r\n[[membres]]\r\nCaptures d\'écran du projet\r\nVous pouvez afficher toutes les captures d\'écran du projet en cours sous forme de vignettes liées à l\'image en taille réelle.\r\n\r\n[[project_screenshots]]\r\nMerci\r\nMerci à John Gruber et Aaron Swartz pour la création de Markdown.\r\n\r\nCette page est basée sur quelques exemples de Greg Schueler, greg@vario.us', NULL, 1, NULL, 2, '<p><a href=\"https://sourceforge.net/nf/markdown_syntax#md_ex_tables\">https://sourceforge.net/nf/markdown_syntax#md_ex_tables</a></p>\n\n<blockquote>\n  <p>Cet exemple aa Blockquote</p>\n</blockquote>\n\n<hr />\n\n<p>SourceForge utilise la syntaxe de démarque partout pour vous permettre de créer un balisage de texte enrichi et étend la démarque de plusieurs manières pour permettre un lien rapide vers d\'autres artefacts de votre projet.</p>\n\n<p>Markdown a été créé pour être facile à lire, facile à écrire et toujours lisible au format texte brut.</p>\n\n<p>Liens<br />\nLiens de référence<br />\nLiens d\'artefact<br />\nMentions d\'utilisateur<br />\nFormatage de texte de base<br />\nCitations en bloc<br />\nTexte préformaté<br />\nListes<br />\nles tables<br />\nEn-têtes<br />\nRègles horizontales<br />\nImages<br />\nVidéos<br />\nÉchappements et HTML<br />\nPlus d\'en-têtes<br />\nTable des matières<br />\nMise en évidence du code<br />\nComprend<br />\nNotifications de quartier<br />\nMacros d\'informations sur le projet<br />\nMerci<br />\nLiens<br />\nLa plupart des URL seront automatiquement transformées en liens. Pour être explicite, il suffit de l\'écrire comme ceci :</p>\n\n<p><a href=\"http://someurl\">http://someurl</a></p>\n\n<p><a href=\"&#x6d;a&#105;&#x6c;&#x74;&#x6f;&#58;&#115;&#111;&#x6d;&#101;&#98;&#x62;&#111;&#x62;&#64;e&#x78;&#97;&#x6d;&#x70;&#x6c;&#101;&#x2e;c&#111;&#109;\">&#115;&#111;&#x6d;&#101;&#98;&#x62;&#111;&#x62;&#64;e&#x78;&#97;&#x6d;&#x70;&#x6c;&#101;&#x2e;c&#111;&#109;</a></p>\n\n<p>Production:</p>\n\n<p>http://someurl</p>\n\n<p>somebbob@example.com</p>\n\n<p>Pour utiliser du texte pour le lien, écrivez-le :</p>\n\n<p><a href=\"http://someurl\">comme ça</a><br />\nProduction:</p>\n\n<p>comme ça</p>\n\n<p>Vous pouvez ajouter un <em>titre</em> (qui apparaît sous le curseur) :</p>\n\n<p><a href=\"http://someurl\" title=\"ce titre s\'affiche lorsque vous survolez\">comme ça</a><br />\nProduction:</p>\n\n<p>comme ça</p>\n\n<p>Liens de référence<br />\nVous pouvez également mettre l\'[URL du lien][1] sous le paragraphe actuel<br />\ncomme [ceci][2].</p>\n\n<p>[1] : http://url<br />\n   [2] : http://another.url \"Un titre génial\"<br />\nProduction:</p>\n\n<p>Vous pouvez également mettre l\' URL du lien sous le paragraphe actuel<br />\ncomme ceci .</p>\n\n<p>Ici, le texte \"URL du lien\" est lié à \"http://url\", et les lignes indiquant \"[1]: http://url\" n\'afficheront rien.</p>\n\n<p>Ou vous pouvez utiliser une référence [raccourci][], qui lie le texte \"raccourci\" au lien nommé \"[raccourci]\" sur le paragraphe suivant.</p>\n\n<p>Ou vous pouvez utiliser une référence [raccourci][], qui relie le texte<br />\n\"raccourci\" au lien nommé \"[raccourci]\" dans le paragraphe suivant.</p>\n\n<p>[raccourci] : http://goes/with/the/link/name/text<br />\nProduction:</p>\n\n<p>Ou vous pouvez utiliser une référence de raccourci , qui lie le texte<br />\n« raccourci » au lien nommé « [raccourci] » sur le paragraphe suivant.</p>\n\n<p>Liens d\'artefact<br />\nToute ressource de forge (artefact) peut être liée avec des crochets environnants, par exemple [MaPage] ou [#123]. Ces liens d\'artefacts peuvent prendre plusieurs formes.</p>\n\n<p>Liens simples<br />\nLe plus souvent, l\'identifiant de l\'artefact peut être simplement entouré de crochets. Voici quelques exemples:</p>\n\n<p>[MyWikiPage] # Wiki - nom de la page wiki<br />\n[#123] # Tracker - numéro de ticket<br />\n[r10721] # SVN - numéro de révision<br />\n[3b9d48] # Git &amp; Mercurial - 6 premiers caractères du hachage de révision<br />\n[2012/02/my-post] # Blog - post slug, y compris AAAA/MM/ préfixe<br />\n[a6d38f98] # Fil de discussion - ID de fil<br />\n[a6d38f98#42f8] # Message de discussion - thread<em>id#post</em>id</p>\n\n<p>Liens en deux parties<br />\nPour créer un lien vers un artefact dans un outil spécifique, utilisez le formulaire : <code>[tool:artifact]</code>, où <code>tool</code> est le nom de l\'outil tel qu\'il apparaît dans l\'URL. Les liens en deux parties sont utiles lorsque vous avez installé deux outils du même type. Par exemple, disons que vous avez installé un outil de suivi des \"bugs\" et un outil de suivi des \"fonctionnalités\", et que vous souhaitez créer un lien vers le premier ticket de chacun :</p>\n\n<p>[bugs : 1]<br />\n[caractéristiques : 1]</p>\n\n<p>Liens en trois parties<br />\nPour créer un lien vers un artefact dans un autre projet, utilisez le formulaire : <code>[project:tool:artifact]</code>, où <code>project</code> est le nom du projet tel qu\'il apparaît dans l\'URL. Par exemple:</p>\n\n<p>[allura:wiki:Accueil]</p>\n\n<p>Pour créer un lien vers un artefact dans un sous-projet, utilisez le formulaire : <code>[project/subproject:tool:artifact]</code>, où <code>subproject</code> est le nom du sous-projet tel qu\'il apparaît dans l\'URL. Par exemple:</p>\n\n<p>[allura/sous:code:3b9d48]</p>\n\n<p>Mentions d\'utilisateur<br />\nUn utilisateur peut être mentionné en utilisant le signe @ et le nom d\'utilisateur. Une mention d\'utilisateur rendue a un lien vers l\'utilisateur particulier et également une astuce d\'information sur le survol de la souris.</p>\n\n<p>@test-user-1 # Mentionnez test-user-1</p>\n\n<p>Formatage de texte de base<br />\nUtilisez * ou _ pour souligner les choses :</p>\n\n<p><em>c\'est en italique</em> et <em>c\'est aussi</em></p>\n\n<p><strong>c\'est en gras</strong> et <strong>c\'est aussi ça</strong></p>\n\n<p><strong>* c\'est en gras et en italique*</strong> et <strong>_ c\'est pareil _</strong><br />\nProduction:</p>\n\n<p>c\'est en italique et c\'est aussi</p>\n\n<p>c\'est en gras et c\'est aussi</p>\n\n<p>c\'est en gras et en italique et c\'est aussi</p>\n\n<p>Vous pouvez barrer du texte en HTML comme ceci :</p>\n\n<p>[HTML_REMOVED]ceci est barré de texte[HTML_REMOVED]<br />\nProduction:</p>\n\n<p>c\'est du texte barré</p>\n\n<p>Un retour chariot<br />\nfait un saut de ligne.</p>\n\n<p>Deux retours chariot forment un nouveau paragraphe.<br />\nProduction:</p>\n\n<p>Un retour chariot<br />\nfait un saut de ligne.</p>\n\n<p>Deux retours chariot forment un nouveau paragraphe.</p>\n\n<p>Citations en bloc<br />\nUtilisez le caractère &gt; devant une ligne, comme dans un e-mail</p>\n\n<blockquote>\n  <p>Utilisez-le si vous citez une personne, une chanson ou autre.</p>\n</blockquote>\n\n<blockquote>\n  <p>Vous pouvez également utiliser <em>italique</em> ou des listes à l\'intérieur.<br />\n  Et comme pour les autres paragraphes,<br />\n  toutes ces lignes sont encore<br />\n  partie du blockquote, même sans le caractère &gt; devant.</p>\n</blockquote>\n\n<p>Pour terminer le blockquote, il suffit de mettre une ligne vide avant le suivant<br />\nparagraphe.<br />\nProduction:</p>\n\n<p>Utilisez-le si vous citez une personne, une chanson ou autre.</p>\n\n<p>Vous pouvez également utiliser l\' italique ou des listes à l\'intérieur.<br />\nEt tout comme avec les autres paragraphes,<br />\ntoutes ces lignes font toujours<br />\npartie du blockquote, même sans le caractère &gt; devant.</p>\n\n<p>Pour terminer le blockquote, placez simplement une ligne vide avant le<br />\nparagraphe suivant .</p>\n\n<p>Texte préformaté<br />\nSi vous voulez qu\'un texte apparaisse exactement comme vous l\'écrivez, sans que Markdown n\'y fasse quoi que ce soit, indentez simplement chaque ligne d\'au moins 4 espaces (ou 1 tabulation). Comme alternative à l\'indentation, vous pouvez faire en sorte qu\'un bloc de code utilise au moins 3 tildes (~) ou backticks (`) sur une ligne avant et après le texte ( détails de syntaxe ). Voir les exemples dans la section Mise en évidence du code .</p>\n\n<pre><code>Cette ligne n\'aura *aucune mise en forme de démarque* appliquée.\nJe peux même écrire du [HTML_REMOVED]HTML[HTML_REMOVED] et cela s\'affichera sous forme de texte.\nC\'est génial pour montrer le code source du programme, ou HTML ou même\nRéduction. [HTML_REMOVED]cela n\'apparaîtra pas en HTML[HTML_REMOVED] mais\nexactement [HTML_REMOVED]comme vous le voyez dans ce fichier texte[HTML_REMOVED].\n</code></pre>\n\n<p>Dans un paragraphe, vous pouvez utiliser des guillemets pour faire la même chose.<br />\n<code>Ce ne sera pas du tout *italique* ou **gras**.</code><br />\nProduction:</p>\n\n<p>Cette ligne n\'aura <em>aucune mise en forme de démarque</em> appliquée.<br />\nJe peux même écrire du [HTML_REMOVED] HTML [HTML_REMOVED] et cela s\'affichera sous forme de texte.<br />\nC\'est génial pour montrer le code source du programme, ou HTML ou même<br />\nRéduction. [HTML_REMOVED] cela n\'apparaîtra pas en HTML [HTML_REMOVED] mais<br />\nexactement [HTML_REMOVED] comme vous le voyez dans ce fichier texte [HTML_REMOVED] .<br />\nDans un paragraphe, vous pouvez utiliser des guillemets pour faire la même chose.<br />\nThis won\'t be <em>italic</em> or <strong>bold</strong> at all.</p>\n\n<p>Listes<br />\n* un astérisque démarre une liste non ordonnée<br />\n* et ceci est un autre élément de la liste<br />\n+ ou vous pouvez également utiliser le caractère +<br />\n- ou le - caractère</p>\n\n<p>Pour commencer une liste ordonnée, écrivez ceci :</p>\n\n<ol>\n<li>cela commence une liste <em>avec</em> des nombres</li>\n<li>cela s\'affichera sous le numéro \"2\"</li>\n<li>cela s\'affichera sous le numéro \"3\".</li>\n<li>n\'importe quel nombre, +, - ou * maintiendra la liste en cours.<br />\n<ul><br />\n<li>il suffit de mettre en retrait de 4 espaces (ou tabulation) pour faire une sous-liste<br /><br />\n<ol><br /><br />\n<li>continuez à indenter pour plus de sous-listes</li><br /><br />\n</ol></li><br />\n<li>me voici de retour au deuxième niveau</li><br />\n</ul></li>\n</ol>\n\n<p>Pour commencer une liste de contrôle, écrivez ceci :</p>\n\n<ul>\n<li>[ ] ceci n\'est pas coché</li>\n<li>[ ] c\'est aussi</li>\n<li>[x] mais c\'est coché<br />\nProduction:</li>\n</ul>\n\n<p>un astérisque démarre une liste non ordonnée<br />\net c\'est un autre élément de la liste<br />\nou vous pouvez également utiliser le caractère +<br />\nou le caractère -<br />\nPour commencer une liste ordonnée, écrivez ceci :</p>\n\n<p>cela commence une liste avec des nombres<br />\ncela s\'affichera sous le numéro \"2\"<br />\ncela s\'affichera sous le numéro \"3\".<br />\nn\'importe quel nombre, +, - ou * maintiendra la liste en cours.<br />\nil suffit de mettre en retrait de 4 espaces (ou tabulation) pour faire une sous-liste<br />\ncontinuez à indenter pour plus de sous-listes<br />\nme voici de retour au deuxième niveau<br />\nPour commencer une liste de contrôle, écrivez ceci :</p>\n\n<p>ce n\'est pas vérifié<br />\n c\'est aussi<br />\n mais c\'est vérifié<br />\nles tables<br />\nVous pouvez créer des tableaux à l\'aide de barres verticales et de tirets comme ceci :</p>\n\n<p>Premier en-tête | Deuxième en-tête<br />\n  ------------- | -------------<br />\n  Cellule de contenu | Cellule de contenu<br />\n  Cellule de contenu | Cellule de contenu<br />\nProduction:</p>\n\n<p>Premier en-tête Deuxième en-tête<br />\nCellule de contenu  Cellule de contenu<br />\nCellule de contenu  Cellule de contenu<br />\nVous pouvez utiliser la syntaxe Markdown dans les cellules du tableau pour la mise en forme :</p>\n\n<p>Premier en-tête | Deuxième en-tête<br />\n  ------------- | -------------<br />\n  <em>Cellule de contenu</em> | Cellule de contenu<br />\n  Cellule de contenu | Cellule de contenu<br />\nProduction:</p>\n\n<p>Premier en-tête Deuxième en-tête<br />\nCellule de contenu  Cellule de contenu<br />\nCellule de contenu  Cellule de contenu<br />\nVous pouvez également créer des tableaux à l\'aide de code HTML.</p>\n\n<p>En-têtes<br />\nIl suffit de mettre 1 ou plusieurs tirets ou signes égal (--- ou ===) sous le titre.</p>\n\n<h1>C\'est un énorme en-tête</h1>\n\n<h2>c\'est un en-tête plus petit</h2>\n\n<p>Production:</p>\n\n<p>C\'est un énorme en-tête<br />\nc\'est un en-tête plus petit<br />\nRègle horizontale<br />\nIl suffit de mettre au moins trois * ou - sur une ligne :</p>\n\n<hr />\n\n<p>Production:</p>\n\n<p>Ou, vous pouvez utiliser des espaces simples entre les deux, comme ceci :</p>\n\n<hr />\n\n<p>Production:</p>\n\n<p>ou alors</p>\n\n<hr />\n\n<p>Production:</p>\n\n<p>Assurez-vous d\'avoir une ligne vide au-dessus des tirets, sinon :</p>\n\n<h2>vous obtiendrez un en-tête</h2>\n\n<p>Production:</p>\n\n<p>vous obtiendrez un en-tête<br />\nImages<br />\nPour inclure une image, il suffit de mettre un \"!\" devant un lien texte :</p>\n\n<p><img src=\"https://a.fsdn.com/allura/nf/1627413676/_static_/images/up.png\" alt=\"texte alternatif\" /><br />\nProduction:</p>\n\n<p>texte alternatif</p>\n\n<p>Le \"texte alternatif\" apparaîtra si le navigateur ne peut pas charger l\'image.</p>\n\n<p>Vous pouvez également utiliser un titre si vous le souhaitez, comme celui-ci :</p>\n\n<p><img src=\"https://a.fsdn.com/allura/nf/1627413676/_static_/images/up.png\" alt=\"petite flèche vers le haut\" title=\"petite flèche vers le haut\" /><br />\nProduction:</p>\n\n<p>petite flèche vers le haut</p>\n\n<p>Pour référencer une image jointe, utilisez simplement la macro img. Vous pouvez ajouter d\'autres attributs :</p>\n\n<p>[[img src=attached-image.jpg alt=foobar]]<br />\nVidéos<br />\nPour intégrer une vidéo YouTube, utilisez la embedmacro (seul YouTube est pris en charge pour le moment) :</p>\n\n<p>[[intégrer l\'url=https://www.youtube.com/watch?v=6YbBmqUnoQM]]<br />\nProduction:</p>\n\n<p>Échappements et HTML<br />\nQue faire si vous souhaitez afficher uniquement des astérisques, pas des italiques ?</p>\n\n<ul>\n<li>cela s\'affiche en italique : <em>un jour heureux</em></li>\n<li>cela montre les astérisques : *un jour heureux*<br />\nProduction:</li>\n</ul>\n\n<p>cela s\'affiche en italique : un jour heureux<br />\ncela montre les astérisques : <em>un jour heureux</em><br />\nLes backslashes vont disparaître et laisser les astérisques. Vous pouvez faire la même chose avec n\'importe quel caractère qui a une signification particulière<br />\npour Markdown.</p>\n\n<p>De nombreuses balises HTML simples sont autorisées, par exemple [HTML_REMOVED] Et les balises inconnues seront supprimées. Pour afficher un [HTML_REMOVED] littéral ou une balise inconnue comme [HTML_REMOVED], vous devez l\'échapper avec des entités HTML : :</p>\n\n<p>[HTML_REMOVED]cela sera en gras[HTML_REMOVED]<br />\nvous devriez vous échapper [HTML_REMOVED] Mots clés<br />\n&copie; les entités spéciales travaillent<br />\n&copie; si tu veux y échapper<br />\nProduction:</p>\n\n<p>ce sera en gras<br />\nvous devez échapper aux balises [HTML_REMOVED]<br />\n© les entités spéciales fonctionnent<br />\n© si tu veux y échapper</p>\n\n<p>Les balises HTML qui sont au niveau du bloc comme [HTML_REMOVED] peuvent être utilisées, mais s\'il y a un formatage de démarque à l\'intérieur, vous devez ajouter un attribut \"markdown\" : [HTML_REMOVED] Certains attributs sûrs sont également autorisés, permettant un style et une mise en page de base : [HTML_REMOVED]</p>\n\n<p>Les esperluettes individuelles (&amp;) et les signes inférieurs à (&lt;) conviennent, ils seront affichés comme prévu.</p>\n\n<p>Plus d\'en-têtes<br />\nPlus de façons de faire des en-têtes :</p>\n\n<h1>c\'est un énorme en-tête</h1>\n\n<h2>c\'est un en-tête plus petit</h2>\n\n<h3>c\'est encore plus petit</h3>\n\n<h4>plus petit</h4>\n\n<h5>encore plus petit</h5>\n\n<h6>plus petit encore : en-tête <code>[HTML_REMOVED]</code></h6>\n\n<p>Production:</p>\n\n<p>c\'est un énorme en-tête<br />\nc\'est un en-tête plus petit<br />\nc\'est encore plus petit<br />\nplus petit<br />\nencore plus petit<br />\nplus petit encore : en- [HTML_REMOVED]tête<br />\nVous pouvez utiliser jusqu\'à 6 #caractères en début de ligne.</p>\n\n<p>Table des matières<br />\nVous pouvez afficher une liste de liens pour accéder aux en-têtes d\'un document. Les sous-en-têtes seront imbriqués.</p>\n\n<p>[COT]</p>\n\n<h1>Section 1</h1>\n\n<h2>Sous-section 1</h2>\n\n<h1>Section 2</h1>\n\n<p>Production:</p>\n\n<p>Section 1<br />\nSous-section 1<br />\nSection 2<br />\nSection 1<br />\nSous-section 1<br />\nSection 2<br />\nMise en évidence du code<br />\nLa syntaxe de surbrillance du code utilise CodeHilite et est colorée avec Pygments . Il suit la même syntaxe que les blocs de code Markdown normaux , avec des moyens d\'indiquer au surligneur la langue à utiliser pour le bloc de code.</p>\n\n<p>La langue sera détectée automatiquement, si possible. Ou vous pouvez le spécifier sur la première ligne avec 3 deux-points et le nom de la langue.</p>\n\n<pre><code>:::python\nimporter abc\n</code></pre>\n\n<p>Production:</p>\n\n<p>importer  abc<br />\nSi la première ligne du bloc de code contient un shebang, la langue en est dérivée et les numéros de ligne sont utilisés. Si la ligne shebang contient un chemin complet, il sera inclus dans la sortie. S\'il ne contient pas de chemin (un seul / ou même un espace), alors cette ligne shebang sera omise de la sortie.</p>\n\n<pre><code>#!/usr/bin/python\nimporter abc\n</code></pre>\n\n<p>Production:</p>\n\n<p>1<br />\n2</p>\n\n<h1>!/usr/bin/python</h1>\n\n<p>importer  abc<br />\nSi vous utilisez un bloc de code de tildes ou de backticks, vous pouvez également spécifier la langue sur la première ligne de séparation</p>\n\n<p>~~~html<br />\n[HTML_REMOVED]Mon code[HTML_REMOVED]<br />\n~~~<br />\n<code>html\n[HTML_REMOVED]Mon code[HTML_REMOVED]\n</code><br />\nProduction:</p>\n\n<p>&lt; a  href = \"#\" &gt; Mon code </ a &gt;<br />\nDe nombreuses langues sont prises en charge. Voir tous les \"noms courts\" répertoriés dans la doc Pygments .</p>\n\n<p>Comprend<br />\nVous pouvez intégrer directement une autre page wiki :</p>\n\n<p>[[inclure ref=SamplePage]]<br />\nAucun exemple de sortie n\'est disponible pour celui-ci car il ne fonctionne que sur de vraies pages wiki. Essayez-le dans votre wiki!</p>\n\n<p>De plus, vous pouvez intégrer un fichier directement à partir d\'un référentiel ! Ignorez simplement le paramètre ref et transmettez le référentiel, le chemin et la révision facultative :</p>\n\n<p>[[inclure repo=chemin du code=README]]</p>\n\n<p>[[include repo=myproject:code path=/ew/forms.py rev=fa61e7]]</p>\n\n<p>[[include repo=p:myproject:code path=/ew/forms.py]]<br />\nLe dépôt peut être spécifié de trois manières :</p>\n\n<p>application<br />\nprojet:application<br />\nquartier:projet:application<br />\nOù app est le point de montage d\'un référentiel, project est le nom abrégé d\'un projet et le quartier est le préfixe d\'un quartier qui apparaît dans l\'url.</p>\n\n<p>Notifications de quartier<br />\nVous pouvez répertorier les mises à jour de tous les projets d\'un quartier par type d\'outil. Max_number (la valeur par défaut est 5) et sort (la valeur par défaut est la date de publication) sont facultatifs :</p>\n\n<p>[[neighborhood<em>feeds tool</em>name=wiki max<em>number=10 sort=pubdate]]<br />\nArticles de blog de quartier<br />\nVous pouvez afficher les articles de blog de tous les projets d\'un quartier. Max</em>number (la valeur par défaut est 5) et le tri (la valeur par défaut est l\'horodatage) sont facultatifs :</p>\n\n<p>[[neighborhood<em>blog</em>posts max<em>number=10 sort=timestamp]]<br />\nArticles de blog du projet<br />\nVous pouvez afficher les articles de blog de tous les blogs d\'un projet. Max</em>number (la valeur par défaut est 5), le point de montage (laisser vide pour afficher les articles de tous les outils de blog d\'un projet) et le tri (la valeur par défaut est l\'horodatage) sont facultatifs :</p>\n\n<p>[[project<em>blog</em>posts max<em>number=10 sort=timestamp mount</em>point=news]]<br />\nBouton de téléchargement<br />\nVous pouvez afficher un bouton de téléchargement qui renvoie au meilleur téléchargement disponible pour le projet actif. Veuillez noter que si vous utilisez cette macro et qu\'aucun téléchargement n\'est associé à votre projet, le bouton n\'apparaîtra pas.</p>\n\n<p>[[download_button]]<br />\nBouton Gittip<br />\nVous pouvez afficher un bouton Gittip dans votre wiki. Vous devrez fournir votre handle gittip dans le paramètre username.</p>\n\n<p>[[gittip_button username=foo]]<br />\nListe des membres du projet<br />\nVous pouvez afficher une liste des membres du projet. Par défaut, la liste est limitée à 20 membres et un lien est fourni vers une page avec la liste complète.</p>\n\n<p>[[membres]]<br />\nCaptures d\'écran du projet<br />\nVous pouvez afficher toutes les captures d\'écran du projet en cours sous forme de vignettes liées à l\'image en taille réelle.</p>\n\n<p>[[project_screenshots]]<br />\nMerci<br />\nMerci à John Gruber et Aaron Swartz pour la création de Markdown.</p>\n\n<p>Cette page est basée sur quelques exemples de Greg Schueler, greg@vario.us</p>', 1, 9, 1, NULL, 1);

-- --------------------------------------------------------

--
-- Structure de la table `forum_conversation_topic`
--

CREATE TABLE `forum_conversation_topic` (
  `id` int(11) NOT NULL,
  `created` datetime(6) NOT NULL,
  `updated` datetime(6) NOT NULL,
  `subject` varchar(255) NOT NULL,
  `slug` varchar(255) NOT NULL,
  `type` smallint(5) UNSIGNED NOT NULL CHECK (`type` >= 0),
  `status` int(10) UNSIGNED NOT NULL CHECK (`status` >= 0),
  `approved` tinyint(1) NOT NULL,
  `posts_count` int(10) UNSIGNED NOT NULL CHECK (`posts_count` >= 0),
  `views_count` int(10) UNSIGNED NOT NULL CHECK (`views_count` >= 0),
  `last_post_on` datetime(6) DEFAULT NULL,
  `forum_id` int(11) NOT NULL,
  `poster_id` int(11) DEFAULT NULL,
  `first_post_id` int(11) DEFAULT NULL,
  `last_post_id` int(11) DEFAULT NULL
) ENGINE=InnoDB DEFAULT CHARSET=latin1;

--
-- Déchargement des données de la table `forum_conversation_topic`
--

INSERT INTO `forum_conversation_topic` (`id`, `created`, `updated`, `subject`, `slug`, `type`, `status`, `approved`, `posts_count`, `views_count`, `last_post_on`, `forum_id`, `poster_id`, `first_post_id`, `last_post_id`) VALUES
(1, '2021-07-28 10:06:42.987998', '2021-07-28 16:53:41.941881', 'test', 'test', 0, 0, 1, 3, 7, '2021-07-28 16:53:41.934615', 14, 1, 1, 5),
(2, '2021-07-28 10:23:31.656331', '2021-07-28 18:22:53.943202', 'Tutoriel Markdown : la bonne syntaxe pour vos documents', 'tutoriel-markdown-la-bonne-syntaxe-pour-vos-documents', 0, 0, 1, 2, 11, '2021-07-28 16:47:17.583591', 14, 1, 3, 4),
(3, '2021-07-28 18:13:02.031092', '2021-07-28 20:39:53.903149', 'SimpleMDE - Markdown Editor', 'simplemde-markdown-editor', 0, 0, 1, 2, 4, '2021-07-28 20:24:29.821084', 18, 1, 6, 12),
(4, '2021-07-28 18:16:59.749358', '2021-07-28 18:50:19.728758', '\'simplemde-markdown-editor\' avec mathjax  ou Katex', 'simplemde-markdown-editor-avec-mathjax-ou-katex', 0, 0, 1, 2, 13, '2021-07-28 18:50:19.719173', 18, 1, 7, 9),
(5, '2021-07-28 18:34:54.460309', '2021-07-28 18:34:54.473375', 'egorsmkv / simple-django-login-and-register', 'egorsmkv-simple-django-login-and-register', 0, 0, 1, 1, 1, '2021-07-28 18:34:54.465709', 18, 1, 8, 8),
(6, '2021-07-28 19:13:05.161418', '2021-07-28 19:13:05.185857', 'XML  moodle question 2 YAML', 'xml-moodle-question-2-yaml', 0, 0, 1, 1, 2, '2021-07-28 19:13:05.177437', 18, 1, 10, 10),
(7, '2021-07-28 19:18:37.767653', '2021-07-28 19:18:37.777144', 'Documentation', 'documentation', 0, 0, 1, 1, 1, '2021-07-28 19:18:37.771570', 18, 1, 11, 11),
(8, '2021-07-28 20:44:36.738240', '2021-07-28 20:48:21.008136', 'tableau   problème', 'tableau', 0, 0, 1, 1, 4, '2021-07-28 20:44:36.743648', 14, 1, 13, 13),
(9, '2021-07-28 21:45:52.244324', '2021-07-28 22:02:42.263662', 'Guide de syntaxe Markdown', 'guide-de-syntaxe-markdown', 0, 0, 1, 1, 4, '2021-07-28 21:45:52.362450', 14, 1, 14, 14);

-- --------------------------------------------------------

--
-- Structure de la table `forum_conversation_topic_subscribers`
--

CREATE TABLE `forum_conversation_topic_subscribers` (
  `id` int(11) NOT NULL,
  `topic_id` int(11) NOT NULL,
  `user_id` int(11) NOT NULL
) ENGINE=InnoDB DEFAULT CHARSET=latin1;

--
-- Déchargement des données de la table `forum_conversation_topic_subscribers`
--

INSERT INTO `forum_conversation_topic_subscribers` (`id`, `topic_id`, `user_id`) VALUES
(1, 1, 2);

-- --------------------------------------------------------

--
-- Structure de la table `forum_forum`
--

CREATE TABLE `forum_forum` (
  `id` int(11) NOT NULL,
  `created` datetime(6) NOT NULL,
  `updated` datetime(6) NOT NULL,
  `name` varchar(100) NOT NULL,
  `slug` varchar(255) NOT NULL,
  `description` longtext DEFAULT NULL,
  `image` varchar(100) DEFAULT NULL,
  `link` varchar(200) DEFAULT NULL,
  `link_redirects` tinyint(1) NOT NULL,
  `type` smallint(5) UNSIGNED NOT NULL CHECK (`type` >= 0),
  `link_redirects_count` int(10) UNSIGNED NOT NULL CHECK (`link_redirects_count` >= 0),
  `last_post_on` datetime(6) DEFAULT NULL,
  `display_sub_forum_list` tinyint(1) NOT NULL,
  `_description_rendered` longtext DEFAULT NULL,
  `lft` int(10) UNSIGNED NOT NULL CHECK (`lft` >= 0),
  `rght` int(10) UNSIGNED NOT NULL CHECK (`rght` >= 0),
  `tree_id` int(10) UNSIGNED NOT NULL CHECK (`tree_id` >= 0),
  `level` int(10) UNSIGNED NOT NULL CHECK (`level` >= 0),
  `parent_id` int(11) DEFAULT NULL,
  `direct_posts_count` int(10) UNSIGNED NOT NULL CHECK (`direct_posts_count` >= 0),
  `direct_topics_count` int(10) UNSIGNED NOT NULL CHECK (`direct_topics_count` >= 0),
  `last_post_id` int(11) DEFAULT NULL
) ENGINE=InnoDB DEFAULT CHARSET=latin1;

--
-- Déchargement des données de la table `forum_forum`
--

INSERT INTO `forum_forum` (`id`, `created`, `updated`, `name`, `slug`, `description`, `image`, `link`, `link_redirects`, `type`, `link_redirects_count`, `last_post_on`, `display_sub_forum_list`, `_description_rendered`, `lft`, `rght`, `tree_id`, `level`, `parent_id`, `direct_posts_count`, `direct_topics_count`, `last_post_id`) VALUES
(1, '2021-07-28 09:56:14.342155', '2021-07-28 16:43:09.742498', 'Le soutien scolaire niveau Collège', 'le-soutien-scolaire-niveau-collège', '', '', NULL, 0, 1, 0, NULL, 1, '<p></p>', 1, 10, 2, 0, NULL, 0, 0, NULL),
(2, '2021-07-28 09:58:10.860271', '2021-07-28 16:35:32.449011', 'Sixième', 'sixième', '', 'machina/forum_images/0d4c91f27f57486b8a25ea93af237e61.png', NULL, 0, 0, 0, NULL, 1, '<p></p>', 2, 3, 2, 1, 1, 0, 0, NULL),
(3, '2021-07-28 09:58:30.491547', '2021-07-28 16:36:30.251458', 'Cinquième', 'cinquième', '', 'machina/forum_images/265feb85fc8e47bd9d0458bd282d29db.png', NULL, 0, 0, 0, NULL, 1, '<p></p>', 4, 5, 2, 1, 1, 0, 0, NULL),
(4, '2021-07-28 09:58:51.827442', '2021-07-28 16:36:57.954418', 'Quatrième', 'quatrième', '', 'machina/forum_images/f9ae3f7ff80248ccae3691fd48b2e4a8.png', NULL, 0, 0, 0, NULL, 1, '<p></p>', 6, 7, 2, 1, 1, 0, 0, NULL),
(5, '2021-07-28 09:59:09.460739', '2021-07-28 16:37:24.566629', 'Troisième', 'troisième', '', 'machina/forum_images/7ec2c46cb4284a44b0176f21efa0346b.png', NULL, 0, 0, 0, NULL, 1, '<p></p>', 8, 9, 2, 1, 1, 0, 0, NULL),
(6, '2021-07-28 09:59:37.293331', '2021-07-28 17:17:52.316458', 'Seconde', 'seconde', '', 'machina/forum_images/b6b5daaa1ffc4a06b13e9d2af5d55aea.png', NULL, 0, 0, 0, NULL, 1, '<p></p>', 2, 3, 1, 1, 21, 0, 0, NULL),
(7, '2021-07-28 09:59:55.201035', '2021-07-28 17:18:11.991726', 'Première', 'première', '', 'machina/forum_images/c2a4a2ce473d40cbbba4437400a93ec4.png', NULL, 0, 0, 0, NULL, 1, '<p></p>', 4, 5, 1, 1, 21, 0, 0, NULL),
(8, '2021-07-28 10:00:12.370531', '2021-07-28 17:24:02.650113', 'Terminale', 'terminale', '', 'machina/forum_images/88e76d4da27f461d90b1ef948dce4c2e.png', NULL, 0, 0, 0, NULL, 1, '<p></p>', 6, 7, 1, 1, 21, 0, 0, NULL),
(9, '2021-07-28 10:01:52.193901', '2021-07-28 16:50:19.700609', 'Cours moyen 2e année (CM2)', 'cours-moyen-2e-année-cm2', '', '', NULL, 0, 0, 0, NULL, 1, '<p></p>', 2, 3, 5, 1, 22, 0, 0, NULL),
(10, '2021-07-28 10:02:07.511750', '2021-07-28 16:50:32.872584', 'Cours moyen 1re année (CM1)', 'cours-moyen-1re-année-cm1', '', '', NULL, 0, 0, 0, NULL, 1, '<p></p>', 4, 5, 5, 1, 22, 0, 0, NULL),
(11, '2021-07-28 10:02:23.145046', '2021-07-28 16:50:46.739104', 'Cours élémentaire 2e année (CE2)', 'cours-élémentaire-2e-année-ce2', '', '', NULL, 0, 0, 0, NULL, 1, '<p></p>', 6, 7, 5, 1, 22, 0, 0, NULL),
(12, '2021-07-28 10:02:36.772016', '2021-07-28 16:51:05.580812', 'Cours élémentaire 1re année (CE1)', 'cours-élémentaire-1re-année-ce1', '', '', NULL, 0, 0, 0, NULL, 1, '<p></p>', 8, 9, 5, 1, 22, 0, 0, NULL),
(13, '2021-07-28 10:02:51.801548', '2021-07-28 16:51:35.215169', 'Cours préparatoire (CP)', 'cours-préparatoire-cp', '', '', NULL, 0, 0, 0, NULL, 1, '<p></p>', 10, 11, 5, 1, 22, 0, 0, NULL),
(14, '2021-07-28 10:05:54.323720', '2021-07-28 22:02:42.272077', '[TEST] - Déposez vos tests ici', 'test-déposez-vos-tests-ici', '', '', NULL, 0, 0, 0, '2021-07-28 21:45:52.362450', 1, '<p></p>', 2, 3, 6, 1, 23, 7, 4, 14),
(15, '2021-07-28 16:03:49.432547', '2021-07-28 16:09:47.549597', 'Updates', 'updates', 'Décrivez les améliorations que vous souhaiteriez pour les prochaines versions.', 'machina/forum_images/a295aa529e2042aca95af84e1f5149b5.png', NULL, 0, 0, 0, NULL, 1, '<p>Décrivez les améliorations que vous souhaiteriez pour les prochaines versions.</p>', 2, 3, 4, 1, 19, 0, 0, NULL),
(16, '2021-07-28 16:05:52.224683', '2021-07-28 16:10:18.288906', 'Bugtrack', 'bugtrack', 'Vous avez trouvé un bug dans l\'application (dernière version stable ou bêta): Décrivez le ici afin que la correction soit intégrée a la prochaine version.', 'machina/forum_images/a7b97d064eae40de8236e5e062570cee.png', NULL, 0, 0, 0, NULL, 1, '<p>Vous avez trouvé un bug dans l\'application (dernière version stable ou bêta): Décrivez le ici afin que la correction soit intégrée a la prochaine version.</p>', 6, 7, 4, 1, 19, 0, 0, NULL),
(17, '2021-07-28 16:06:55.626491', '2021-07-28 16:10:03.004606', 'News', 'news', 'Dernières actualités du logiciel', 'machina/forum_images/b4430a34fcf04f51ab60fa786d5e5bf7.png', NULL, 0, 0, 0, NULL, 1, '<p>Dernières actualités du logiciel</p>', 4, 5, 4, 1, 19, 0, 0, NULL),
(18, '2021-07-28 16:08:33.098794', '2021-07-28 20:39:53.913771', 'Espace développeurs', 'espace-développeurs', 'Contribuer au projet de part vos connaissances: PHP, HTML, CSS, SQL, JS ....', 'machina/forum_images/59b230f30fcd4fbc983834c21434397d.png', NULL, 0, 0, 0, '2021-07-28 20:24:29.821084', 1, '<p>Contribuer au projet de part vos connaissances: PHP, HTML, CSS, SQL, JS ....</p>', 8, 9, 4, 1, 19, 7, 5, 12),
(19, '2021-07-28 16:09:20.069210', '2021-07-28 16:09:20.069251', 'Communauté des utilisateurs', 'communauté-des-utilisateurs', '', '', NULL, 0, 1, 0, NULL, 1, '<p></p>', 1, 16, 4, 0, NULL, 0, 0, NULL),
(20, '2021-07-28 16:13:54.794745', '2021-07-28 16:13:54.794806', 'Général', 'général', 'Forum Général sur les questions que vous vous posez .', 'machina/forum_images/47cd339573b84533a084a8cfdc6ff8d2.png', NULL, 0, 0, 0, NULL, 1, '<p>Forum Général sur les questions que vous vous posez .</p>', 10, 11, 4, 1, 19, 0, 0, NULL),
(21, '2021-07-28 16:41:01.990369', '2021-07-28 16:42:41.128836', 'Le soutien scolaire niveau lycée', 'le-soutien-scolaire-niveau-lycée', '', '', NULL, 0, 1, 0, NULL, 1, '<p></p>', 1, 8, 1, 0, NULL, 0, 0, NULL),
(22, '2021-07-28 16:50:04.845948', '2021-07-28 16:50:04.845990', 'Niveau Primaire', 'niveau-primaire', '', '', NULL, 0, 1, 0, NULL, 1, '<p></p>', 1, 12, 5, 0, NULL, 0, 0, NULL),
(23, '2021-07-28 16:52:41.796089', '2021-07-28 16:52:41.796166', 'Zone de Test', 'zone-de-test', '', '', NULL, 0, 1, 0, NULL, 1, '<p></p>', 1, 4, 6, 0, NULL, 0, 0, NULL),
(24, '2021-07-28 16:59:32.811225', '2021-07-28 17:15:20.048036', 'Nouveaux membres : présentez-vous ici !', 'nouveaux-membres-présentez-vous-ici', '', 'machina/forum_images/95abe95336c84831907938b2b8f457d8.png', NULL, 0, 0, 0, NULL, 1, '<p></p>', 12, 13, 4, 1, 19, 0, 0, NULL),
(25, '2021-07-28 17:09:21.263021', '2021-07-28 17:09:21.263074', 'Comment faire ?', 'comment-faire', 'Trucs et astuces', 'machina/forum_images/1e9e4614e9954a759418fd1c4bef683f.png', NULL, 0, 0, 0, NULL, 1, '<p>Trucs et astuces</p>', 14, 15, 4, 1, 19, 0, 0, NULL);

-- --------------------------------------------------------

--
-- Structure de la table `forum_member_forumprofile`
--

CREATE TABLE `forum_member_forumprofile` (
  `id` int(11) NOT NULL,
  `avatar` varchar(100) DEFAULT NULL,
  `signature` longtext DEFAULT NULL,
  `posts_count` int(10) UNSIGNED NOT NULL CHECK (`posts_count` >= 0),
  `_signature_rendered` longtext DEFAULT NULL,
  `user_id` int(11) NOT NULL
) ENGINE=InnoDB DEFAULT CHARSET=latin1;

--
-- Déchargement des données de la table `forum_member_forumprofile`
--

INSERT INTO `forum_member_forumprofile` (`id`, `avatar`, `signature`, `posts_count`, `_signature_rendered`, `user_id`) VALUES
(1, 'machina/avatar_images/7713d7d2afba4d90a5150ecda856388c.png', 'Confucius  \"Apprendre sans réfléchir est vain. Réfléchir sans apprendre est dangereux.\"', 12, '<p>Confucius  \"Apprendre sans réfléchir est vain. Réfléchir sans apprendre est dangereux.\"</p>', 1),
(2, 'machina/avatar_images/6b84112e44dc42aa8db657c0a4d284cc.png', 'Enseignant', 2, '<p>Enseignant</p>', 2);

-- --------------------------------------------------------

--
-- Structure de la table `forum_permission_forumpermission`
--

CREATE TABLE `forum_permission_forumpermission` (
  `id` int(11) NOT NULL,
  `codename` varchar(150) NOT NULL
) ENGINE=InnoDB DEFAULT CHARSET=latin1;

--
-- Déchargement des données de la table `forum_permission_forumpermission`
--

INSERT INTO `forum_permission_forumpermission` (`id`, `codename`) VALUES
(18, 'can_approve_posts'),
(12, 'can_attach_file'),
(10, 'can_create_polls'),
(7, 'can_delete_own_posts'),
(17, 'can_delete_posts'),
(13, 'can_download_file'),
(8, 'can_edit_own_posts'),
(16, 'can_edit_posts'),
(14, 'can_lock_topics'),
(15, 'can_move_topics'),
(5, 'can_post_announcements'),
(6, 'can_post_stickies'),
(9, 'can_post_without_approval'),
(2, 'can_read_forum'),
(19, 'can_reply_to_locked_topics'),
(4, 'can_reply_to_topics'),
(1, 'can_see_forum'),
(3, 'can_start_new_topics'),
(11, 'can_vote_in_polls');

-- --------------------------------------------------------

--
-- Structure de la table `forum_permission_groupforumpermission`
--

CREATE TABLE `forum_permission_groupforumpermission` (
  `id` int(11) NOT NULL,
  `has_perm` tinyint(1) NOT NULL,
  `forum_id` int(11) DEFAULT NULL,
  `group_id` int(11) NOT NULL,
  `permission_id` int(11) NOT NULL
) ENGINE=InnoDB DEFAULT CHARSET=latin1;

-- --------------------------------------------------------

--
-- Structure de la table `forum_permission_userforumpermission`
--

CREATE TABLE `forum_permission_userforumpermission` (
  `id` int(11) NOT NULL,
  `has_perm` tinyint(1) NOT NULL,
  `anonymous_user` tinyint(1) NOT NULL,
  `forum_id` int(11) DEFAULT NULL,
  `permission_id` int(11) NOT NULL,
  `user_id` int(11) DEFAULT NULL,
  `authenticated_user` tinyint(1) NOT NULL
) ENGINE=InnoDB DEFAULT CHARSET=latin1;

-- --------------------------------------------------------

--
-- Structure de la table `forum_polls_topicpoll`
--

CREATE TABLE `forum_polls_topicpoll` (
  `id` int(11) NOT NULL,
  `created` datetime(6) NOT NULL,
  `updated` datetime(6) NOT NULL,
  `question` varchar(255) NOT NULL,
  `duration` int(10) UNSIGNED DEFAULT NULL CHECK (`duration` >= 0),
  `max_options` smallint(5) UNSIGNED NOT NULL CHECK (`max_options` >= 0),
  `user_changes` tinyint(1) NOT NULL,
  `topic_id` int(11) NOT NULL
) ENGINE=InnoDB DEFAULT CHARSET=latin1;

--
-- Déchargement des données de la table `forum_polls_topicpoll`
--

INSERT INTO `forum_polls_topicpoll` (`id`, `created`, `updated`, `question`, `duration`, `max_options`, `user_changes`, `topic_id`) VALUES
(1, '2021-07-28 10:06:43.023325', '2021-07-28 10:06:43.024690', '', 0, 1, 0, 1),
(2, '2021-07-28 10:23:31.782269', '2021-07-28 18:22:53.954651', '', 0, 1, 0, 2),
(3, '2021-07-28 18:13:02.068049', '2021-07-28 18:13:02.068807', '', 0, 1, 0, 3),
(4, '2021-07-28 18:16:59.780797', '2021-07-28 18:23:33.414257', '', 0, 1, 0, 4),
(5, '2021-07-28 18:34:54.494237', '2021-07-28 18:34:54.495060', '', 0, 1, 0, 5),
(6, '2021-07-28 19:13:05.201927', '2021-07-28 19:13:05.202877', '', 0, 1, 0, 6),
(7, '2021-07-28 19:18:37.787038', '2021-07-28 19:18:37.787768', '', 0, 1, 0, 7),
(8, '2021-07-28 20:44:36.766847', '2021-07-28 20:48:21.021876', 'question', 0, 1, 0, 8),
(9, '2021-07-28 21:45:52.392747', '2021-07-28 22:02:42.274967', '', 0, 1, 0, 9);

-- --------------------------------------------------------

--
-- Structure de la table `forum_polls_topicpolloption`
--

CREATE TABLE `forum_polls_topicpolloption` (
  `id` int(11) NOT NULL,
  `text` varchar(255) NOT NULL,
  `poll_id` int(11) NOT NULL
) ENGINE=InnoDB DEFAULT CHARSET=latin1;

--
-- Déchargement des données de la table `forum_polls_topicpolloption`
--

INSERT INTO `forum_polls_topicpolloption` (`id`, `text`, `poll_id`) VALUES
(1, 'choix1', 8),
(2, 'choix2', 8);

-- --------------------------------------------------------

--
-- Structure de la table `forum_polls_topicpollvote`
--

CREATE TABLE `forum_polls_topicpollvote` (
  `id` int(11) NOT NULL,
  `timestamp` datetime(6) NOT NULL,
  `poll_option_id` int(11) NOT NULL,
  `voter_id` int(11) DEFAULT NULL,
  `anonymous_key` varchar(100) DEFAULT NULL
) ENGINE=InnoDB DEFAULT CHARSET=latin1;

-- --------------------------------------------------------

--
-- Structure de la table `forum_tracking_forumreadtrack`
--

CREATE TABLE `forum_tracking_forumreadtrack` (
  `id` int(11) NOT NULL,
  `mark_time` datetime(6) NOT NULL,
  `forum_id` int(11) NOT NULL,
  `user_id` int(11) NOT NULL
) ENGINE=InnoDB DEFAULT CHARSET=latin1;

--
-- Déchargement des données de la table `forum_tracking_forumreadtrack`
--

INSERT INTO `forum_tracking_forumreadtrack` (`id`, `mark_time`, `forum_id`, `user_id`) VALUES
(1, '2021-07-28 21:45:53.758316', 14, 1),
(2, '2021-07-28 10:23:31.972928', 1, 1),
(3, '2021-07-28 16:53:42.486174', 14, 2),
(4, '2021-07-28 16:52:30.086797', 1, 2),
(5, '2021-07-28 16:53:42.500365', 23, 2),
(6, '2021-07-28 21:45:53.767333', 23, 1),
(7, '2021-07-28 20:24:30.090496', 18, 1),
(8, '2021-07-28 20:24:30.100300', 19, 1);

-- --------------------------------------------------------

--
-- Structure de la table `forum_tracking_topicreadtrack`
--

CREATE TABLE `forum_tracking_topicreadtrack` (
  `id` int(11) NOT NULL,
  `mark_time` datetime(6) NOT NULL,
  `topic_id` int(11) NOT NULL,
  `user_id` int(11) NOT NULL
) ENGINE=InnoDB DEFAULT CHARSET=latin1;

--
-- Déchargement des données de la table `forum_tracking_topicreadtrack`
--

INSERT INTO `forum_tracking_topicreadtrack` (`id`, `mark_time`, `topic_id`, `user_id`) VALUES
(7, '2021-07-28 17:32:45.918203', 2, 5),
(18, '2021-07-29 20:24:49.430484', 9, 3);

-- --------------------------------------------------------

--
-- Structure de la table `grades_graderange`
--

CREATE TABLE `grades_graderange` (
  `id` int(11) NOT NULL,
  `lower_limit` double NOT NULL,
  `upper_limit` double NOT NULL,
  `grade` varchar(10) NOT NULL,
  `description` varchar(127) DEFAULT NULL,
  `system_id` int(11) NOT NULL
) ENGINE=InnoDB DEFAULT CHARSET=latin1;

--
-- Déchargement des données de la table `grades_graderange`
--

INSERT INTO `grades_graderange` (`id`, `lower_limit`, `upper_limit`, `grade`, `description`, `system_id`) VALUES
(1, 0, 40, 'F', 'Fail', 1),
(2, 40, 55, 'P', 'Pass', 1),
(3, 55, 60, 'C', 'Average', 1),
(4, 60, 75, 'B', 'Satisfactory', 1),
(5, 75, 90, 'A', 'Good', 1),
(6, 90, 101, 'A+', 'Excellent', 1);

-- --------------------------------------------------------

--
-- Structure de la table `grades_gradingsystem`
--

CREATE TABLE `grades_gradingsystem` (
  `id` int(11) NOT NULL,
  `name` varchar(255) NOT NULL,
  `description` longtext NOT NULL,
  `creator_id` int(11) DEFAULT NULL
) ENGINE=InnoDB DEFAULT CHARSET=latin1;

--
-- Déchargement des données de la table `grades_gradingsystem`
--

INSERT INTO `grades_gradingsystem` (`id`, `name`, `description`, `creator_id`) VALUES
(1, 'default', 'About the grading system!', NULL);

-- --------------------------------------------------------

--
-- Structure de la table `indexeducation`
--

CREATE TABLE `indexeducation` (
  `Niveau` varchar(9) CHARACTER SET utf8 DEFAULT NULL,
  `Matiere` varchar(36) CHARACTER SET utf8 DEFAULT NULL,
  `Description` varchar(725) CHARACTER SET utf8 DEFAULT NULL,
  `Motes_Clefs` varchar(186) CHARACTER SET utf8 DEFAULT NULL,
  `Auteur` varchar(30) CHARACTER SET utf8 DEFAULT NULL,
  `Date` datetime DEFAULT NULL,
  `N_fichier_XML` int(11) DEFAULT NULL
) ENGINE=InnoDB DEFAULT CHARSET=latin1;

--
-- Déchargement des données de la table `indexeducation`
--

INSERT INTO `indexeducation` (`Niveau`, `Matiere`, `Description`, `Motes_Clefs`, `Auteur`, `Date`, `N_fichier_XML`) VALUES
('2NDE', 'Education physique et sportive', 'QCM en lien avec une séance de renforcement', 'muscles sollicités', 'Geoffrey Bazire', '2021-02-06 00:00:00', 3920),
('3EME', 'Santé & social', 'QCM 3 (1)', 'Questionnaire PSC1', 'Aymeric TARRADE', '2021-02-05 00:00:00', 3919),
('3EME', 'Santé & social', 'QCM 2 (2)', 'Questionnaire PSC1', 'Aymeric TARRADE', '2021-02-05 00:00:00', 3918),
('3EME', 'Santé & social', 'QCM 3 (2)', 'Questionnaire PSC1', 'Aymeric TARRADE', '2021-02-05 00:00:00', 3917),
('3EME', 'Santé & social', 'QCM 2 (1)', 'Questionnaire PSC1', 'Aymeric TARRADE', '2021-02-05 00:00:00', 3916),
('3EME', 'Santé & social', 'QCM 1 (1)', 'Questionnaire PSC1', 'Aymeric TARRADE', '2021-02-05 00:00:00', 3915),
('3EME', 'Santé & social', 'QCM 1 (2)', 'Questionnaire PSC1', 'Aymeric TARRADE', '2021-02-05 00:00:00', 3914),
('TERMINALE', 'Activités non spécialisées', 'Je teste mes connaissances sur parcoursup ', 'PARCOURSUP', 'zeghli', '2021-02-05 00:00:00', 3913),
('2NDE', 'Mathématiques', 'Des questions sur le calcul des longueurs, des coordonnées de point milieu, travail autour de la colinéarité des vecteurs et des positions relatives de droites ou de points.', 'vecteurs, colinéarité', 'CRM28', '2021-02-05 00:00:00', 3912),
('4EME', 'Technologie', 'Ensemble de questions sur les différentes ampoules proposées à la vente, savoir lire une étiquette énergie, le recyclage... (il y a une question dans laquelle on demande à l\'élève si une lampe est recyclable, l\'élève aura tendance à  chercher sur l\'emballage, or la réponse doit être à partir de ses connaissances)...........QCM a évoluer :) ', 'confort visuel, les lampes, recyclage des objets techniques, économie d\'énergie', 'HADDOUCHE BELKACEM', '2021-02-05 00:00:00', 3911),
('1ERE', 'Sciences de l\'ingénieur', 'Les actions mécaniques, leur résultantes de glisseurs, PFS et résolution graphique', 'PFS actions efforts', 'emmanuelle.gatier', '2021-02-04 00:00:00', 3910),
('4EME', 'Anglais', 'Exprimer son opinion, son accord, son désaccord. (think, feel, believe, agree, point of view, etc.', 'opinion, accord', 'Olivier CASSAN', '2021-02-04 00:00:00', 3909),
('TERMINALE', 'Activités non spécialisées', 'QCM de test ', 'test ', 'v carbonniere', '2021-02-04 00:00:00', 3908),
('1ERE', 'Mathématiques', 'Valeurs remarquables du cosinus et sinus', 'Radian Cercle Trigonométrique Cosinus Sinus Valeurs', 'BARDEL Stephan', '2021-02-03 00:00:00', 3907),
('4EME', 'Technologie', 'Domotique, confort, sécurité, gestion de l\'énergie ', 'Domotique', 'ZOURDANI Slimane', '2021-02-03 00:00:00', 3906),
('3EME', 'Anglais', 'Répondre à des questions en anglais sur le texte donné dans un temps limité.', 'compréhension écrite nveau A2+-B1', 'Lise D', '2021-02-03 00:00:00', 3905),
('BTS1', 'Technologie', 'qcm bois', 'bois', 'Daniel Maillet', '2021-02-03 00:00:00', 3904),
('TERMINALE', 'Physique chimie', 'Rappels d\'électricité: loi des nœuds , loi des mailles, loi d\'ohm et condensateurs', 'loi des nœuds , loi des mailles, loi ohm, condensateurs', 'cm', '2021-02-03 00:00:00', 3903),
('1ERE', 'Informatique', 'Questions sur le codage hexadécimal et le code RVB', 'Codage,hexadécimal,couleursRVB', 'JEAN JACQUES CABON', '2021-02-03 00:00:00', 3902),
('TERMINALE', 'Mathématiques', 'Quelques questions de cours élémentaires', 'logarithme', 'JEAN JACQUES CABON', '2021-02-03 00:00:00', 3901),
('1ERE', 'Mathématiques', 'questions simples de révision sur quelques thèmes', 'Suites Nombre dérivé probabilités', 'JEAN JACQUES CABON', '2021-02-03 00:00:00', 3900),
('2NDE', 'Allemand', 'Quiz sur le film \"Fritzi, eine Wendewundergeschichte\" ou \"Fritzi, l\'histoire d\'une révolution\"', 'Fritzi, film, DDR, Wende, ', 'Eric Deutsch', '2021-02-03 00:00:00', 3899),
('TERMINALE', 'Philosophie', 'Questions d\'analyse, de synthèse et de commentaire, concernant un texte du sociologue Pierre Bourdieu', 'art ; création ; oeuvre ; sociologie', 'Marion', '2021-02-03 00:00:00', 3898),
('4EME', 'Anglais', 'Read the and answer the questions.', 'Compréhension écrite A1-A2', 'Lise D', '2021-02-03 00:00:00', 3897),
('1ERE', 'Mathématiques', 'QCM pour les 1ères STMG sur les fonctions polynômes de degré 3', 'Polynômes de degré 3', 'Florian FARA', '2021-02-02 00:00:00', 3896),
('2NDE', 'Français', 'Petit quiz sur les figures de style.', 'Figures de style', 'Thèves', '2021-02-02 00:00:00', 3895),
('2NDE', 'Français', 'Petit quiz sur la méthodologie du commentaire.', 'Méthodologie commentaire', 'Thèves', '2021-02-02 00:00:00', 3894),
('2NDE', 'Français', 'Petit quiz sur la poésie de la Renaissance.', 'Poésie Renaissance', 'Thèves', '2021-02-02 00:00:00', 3893),
('1ERE', 'Français', 'Texte à trous visant à aider l\'élève à vérifier et à fixer ses connaissances.', 'Lexique récit roman', 'Thèves', '2021-02-02 00:00:00', 3892),
('1ERE', 'Physique chimie', 'pour faire le point sur les acquis de 2de avant d\'aborder le programme de 1ere', 'revision lentille', 'M Fioen', '2021-02-02 00:00:00', 3891),
('1ERE', 'Français', 'lecture cursive', 'zadig voltaire', 'DUBEAUX', '2021-02-02 00:00:00', 3890),
('TERMINALE', 'Espagnol', 'Test rápido de vocabulario', 'Séquence La vida a contrarreloj', 'Mme Sanchez', '2021-01-31 00:00:00', 3889),
('3EME', 'Technologie', 'Le besoin, L\'outil bête à cornes, les fonctions de services (les Fonctions Principales (FP),les Fonctions Contraintes (FC),), L\'outil pieuvre.', 'Cahier des charges fonctionnel  ', 'ZOURDANI Slimane', '2021-01-31 00:00:00', 3888),
('3EME', 'Mathématiques', '5 questions Pythagore et Trigonométrie', 'Pythagore et Trigonométrie', 'gbanvillet', '2021-01-31 00:00:00', 3887),
('1ERE', 'Sciences de la vie et de la terre', 'QCM révision ou évaluation sur le thème Variation génétique et santé', 'Variation génétique santé', 'catherine fradin', '2021-01-30 00:00:00', 3886),
('1ERE', 'Espagnol', 'Révision de la séquence de En contacto 1ère', 'lenguas indígenas; diversité et inclusion', 'Gosselin', '2021-01-30 00:00:00', 3885),
('6EME', 'Mathématiques', 'additions, soustractions de nbs décimaux', 'additions, soustractions', 'jouffre', '2021-01-29 00:00:00', 3884),
('4EME', 'Mathématiques', 'vitesse', 'vitesse', 'Belahda', '2021-01-29 00:00:00', 3883),
('BTS1', 'Activités non spécialisées', 'ACES CACES', 'test Aces', 'Daniel Maillet', '2021-01-29 00:00:00', 3882),
('2NDE', 'Education physique et sportive', 'QCM sur les JO', 'Jeux Olympiques', 'P.Coubertin', '2021-01-28 00:00:00', 3881),
('5EME', 'Education musicale', 'Ecoute et Reconnaissance Essentiellement sonore', 'Work song Spiritual Gospel ', 'Françoise Bialet', '2021-01-28 00:00:00', 3880),
('3EME', 'Education musicale', 'Questionnaire Slam Saint Denis Grand Corps Malade', 'Slam GCM Figures de styles', 'Bialet Françoise', '2021-01-28 00:00:00', 3879),
('TERMINALE', 'Physique chimie', 'Enseignement scientifique - Chapitre - les atouts de l\'électricité', 'Enseignement scientifique  électricité', 'CBE', '2021-01-27 00:00:00', 3878),
('2NDE', 'Education physique et sportive', 'QCM réalisé pour la SOP 2021', 'olympisme et santé', 'lepetit', '2021-01-27 00:00:00', 3877),
('6EME', 'Technologie', 'Objets naturels, objet techniques, besoin, fonction d’usage et fonction d\'estime d’un objet technique', 'Objets naturels et objet techniques', 'ZOURDANI Slimane', '2021-01-26 00:00:00', 3876),
('TERMINALE', 'Histoire géographie', 'Connaître le fonctionnement de Parcoursup', 'Parcoursup', 'nathalie.deaubonne', '2021-01-26 00:00:00', 3875),
('1ERE', 'Mathématiques', '1ere - Chap04 - Proba condi - 1b - Probabilites dans un tableau', 'Probabilités conditionnelles', 'M. CHEVAL, Arras.', '2021-01-26 00:00:00', 3874),
('1ERE', 'Mathématiques', '1ere - Chap04 - Proba condi - 1a - Completer un tableau', 'Probabilités conditionnelles', 'M. CHEVAL, Arras.', '2021-01-26 00:00:00', 3873),
('5EME', 'Français', 'QCM sur les phrases simples et les phrases complexes', 'phrase simple phrase complexe proposition indépendante proposition subordonnée', 'Amandine Pauriol', '2021-01-25 00:00:00', 3872),
('4EME', 'Education physique et sportive', 'Ce QCM est un outil ludique et préparatif à des thèmes sportifs plus spécifiques. Il est plutôt conseillé de ne pas l\'évaluer mais est prétexte à échanger avec nos élèves. ', 'QCM sportifs', 'ESCOT Thierry', '2021-01-25 00:00:00', 3871),
('6EME', 'Français', 'QCM lexique sur les synonymes et les antonymes', 'synonyme antonyme', 'Amandine Pauriol', '2021-01-25 00:00:00', 3870),
('4EME', 'Anglais', 'choose an answer ', 'Couch ', 'Madame Mosca ', '2021-01-25 00:00:00', 3869),
('1ERE', 'Allemand', 'adapté de \"Ma Classe à la maison\" du CNED: \"Bilder, die die Welt veränder(te)n\" / axe Kunst und Macht / Kunst in einer Diktatur / Charlotte Salomon / Stolperstein', 'axe \"Kunst und Macht\" / Charlotte Salomon ', 'Michèle HOENEN', '2021-01-25 00:00:00', 3868),
('1ERE', 'Management', 'Thème 2 - LE NUMÉRIQUE CRÉE-T-IL DE L’AGILITÉ OU DE LA RIGIDITÉ ORGANISATIONNELLE ?', 'sciences de gestion et numérique', 'LDOAN', '2021-01-25 00:00:00', 3867),
('2NDE', 'Français', 'Valeurs modales, temporelles et aspectuelles des verbes ', 'Valeurs modales, temporelles, aspectuelles', 'julie.segura', '2021-01-25 00:00:00', 3866),
('4EME', 'Physique chimie', 'revision de plusieurs thèmes', 'vitesse', 'SYLVIE', '2021-01-25 00:00:00', 3865),
('5EME', 'Sciences de la vie et de la terre', 'séisme causes conséquences risques', 'Séismes', 'Maillard', '2021-01-25 00:00:00', 3864),
('1ERE', 'Mathématiques', '1ere - Chap04 - Proba condi - 1c - Effectif dune union', 'Probabilités conditionnelles', 'M. CHEVAL, Arras.', '2021-01-24 00:00:00', 3862),
('1ERE', 'Mathématiques', '1ere - Chap04 - Proba condi - 1c - Effectif dune union', 'Probabilités conditionnelles', 'M. CHEVAL, Arras.', '2021-01-24 00:00:00', 3861),
('1ERE', 'Mathématiques', '1ere - Chap04 - Proba condi - 1b - Probabilites dans un tableau', 'Probabilités conditionnelles', 'M. CHEVAL, Arras.', '2021-01-24 00:00:00', 3860),
('1ERE', 'Mathématiques', '1ere - Chap04 - Proba condi - 1a - Completer un tableau', 'Probabilités conditionnelles', 'M. CHEVAL, Arras.', '2021-01-24 00:00:00', 3859),
('6EME', 'Allemand', 'QCM portant sur le livre \"Martin et la mysteriöse Kreatur\" (de Roland Fuentès) Editions Syros', 'lecture', 'SaintGer50', '2021-01-24 00:00:00', 3858),
('2NDE', 'Français', 'Reconnaître des figures de style + définition ', 'Figures de style', 'julie.segura', '2021-01-24 00:00:00', 3857),
('6EME', 'Anglais', 'Révision des principaux pronoms interrogatifs vus en classe', 'pronoms interrogatifs, questions', 'Mbehra', '2021-01-24 00:00:00', 3856),
('4EME', 'Anglais', 'le prétérit', 'preterit, conjugaison, prononciation ED', 'Mbehra', '2021-01-24 00:00:00', 3855),
('5EME', 'Histoire géographie', 'Pour réviser les notions abordées dans le chapitre \"la croissance démographique et ses effets\"', 'croissance démographique', 'CB', '2021-01-23 00:00:00', 3854),
('2NDE', 'Physique chimie', 'Période et fréquence des sons avec quelques calculs', 'Période fréquence', 'Patrick Marchand', '2021-01-23 00:00:00', 3853),
('1ERE', 'Allemand', 'Verbes modaux. 25 items. Citations. Niveau A2.', 'Zitate Modaux', 'Broussisa', '2021-01-23 00:00:00', 3852),
('5EME', 'Français', 'Interrogation sur la nouvelle de Buzatti, \"La création\" (sans corrigé)', 'Interrogation, lecture, création', 'M. Buys', '2021-01-23 00:00:00', 3851),
('6EME', 'Français', 'Questions sur la nouvelle de Buzatti intitulée \"La création\"', 'Interrogation, lecture, création', 'M. Buys', '2021-01-23 00:00:00', 3850),
('TERMINALE', 'Physique chimie', '10 questions', 'Mouvement dans un champ de gravitation Kepler', 'fargeix', '2021-01-22 00:00:00', 3849),
('4EME', 'Mathématiques', 'Pythagore', 'Pythagore', 'Galibert Frédéric', '2021-01-22 00:00:00', 3848),
('TERMINALE', 'Physique chimie', 'ENSEIGNEMENT SCIENTIFIQUE : QCM d\'entrainement pour chapitre 3 (optimisation du transport de l\'électricité)', 'enseignement scientifique ; effet joule ; optimisation ; transport de l\'électricité ; lignes à haute tension ; loi des noeuds ; puissance dissipée ; puissance utile', 'Alexandre Clavel', '2021-01-22 00:00:00', 3847),
('TERMINALE', 'Physique chimie', 'ENSEIGNEMENT SCIENTIFIQUE : QCM d\'entrainement pour chapitre 2 (les atouts de l\'électricité) du thème 2.', 'enseignement scientifique ; type d\'énergie ; énergie électrique ; modes de production sans combustion ; chaines énergétiques ; rendement énergétique ; nucléaire ; éolien ; photovoltaïque', 'Alexandre Clavel', '2021-01-22 00:00:00', 3846),
('5EME', 'Mathématiques', 'sens de la proportionnalité', 'vitesse-distance-durée', 'Véro P', '2021-01-22 00:00:00', 3845),
('2NDE', 'Education physique et sportive', 'questionnaire ', 'divers (escalade ,volley, anatomie)', 'Fnaviliat', '2021-01-22 00:00:00', 3844),
('TERMINALE', 'Education physique et sportive', 'questionnaire sur la technique de nage', 'natation', 'Fnaviliat', '2021-01-22 00:00:00', 3843),
('3EME', 'Education physique et sportive', 'Questionnaire du documentaire sur \"LA SCIENCE DU SPORT\"!', 'documentaire science sport', 'oberal', '2021-01-22 00:00:00', 3842),
('1ERE', 'Education physique et sportive', 'QCM Muscles 1ères', 'muscu ', 'marechal.christelle@lfm.edu.mx', '2021-01-22 00:00:00', 3841),
('TERMINALE', 'Sciences de la vie et de la terre', 'Un QCM bilan à la fin du thème', 'climat enseignement scientifique', 'porcher', '2021-01-21 00:00:00', 3840),
('5EME', 'Français', 'Questions sur les compléments du verbe 5°', 'les compléments du verbe', 'Amandine Pauriol', '2021-01-21 00:00:00', 3839),
('6EME', 'Français', 'Questions de compréhension sur la nouvelle', 'Le Sorcière de la Rue Mouffetard Pierre Gripari', 'Amandine Pauriol', '2021-01-21 00:00:00', 3838),
('3EME', 'Français', 'Lecture intégrale de l\'oeuvre', 'Inconnu à cette adresse, Kressmann Taylor', 'Amandine Pauriol', '2021-01-21 00:00:00', 3837),
('4EME', 'Technologie', 'Evaluation sur la logique binaire de M. Boole', 'Boole logique', 'c.lossendiere', '2021-01-21 00:00:00', 3836),
('4EME', 'Technologie', 'Évaluation permettant de vérifier si un(e) élève sait identifier une variable dans un programme bloc. La deuxième partie évalue sa capacité à lire un algorigramme', 'Algorigramme', 'Evaluation sur les algorithmes', '2021-01-21 00:00:00', 3835),
('1ERE', 'Sciences de la vie et de la terre', 'dynamique des zones de divergence, subduction', 'subduction divergence', 'RagSol', '2021-01-21 00:00:00', 3834),
('TERMINALE', 'Sciences de la vie et de la terre', 'Bilan Chapitre génétique et évolution 32 questions', 'meiose brassage transfert selection naturelle', 'seb Arr', '2021-01-20 00:00:00', 3833),
('TERMINALE', 'Sciences économiques et sociales', 'entraînement lecture tables (donner tables destinée/recrutement aux élèves de 2014-2015)', 'mobilité', 'emma pin ', '2021-01-20 00:00:00', 3832),
('5EME', 'Anglais', 'us wrods versus uk words', 'vocabulary', 'vspitz', '2021-01-20 00:00:00', 3831),
('TERMINALE', 'Physique chimie', '10 questions de cours sur le thème de l\'énergie', 'Bilan d\'énergie', 'vsaintsaens', '2021-01-20 00:00:00', 3830),
('TERMINALE', 'Physique chimie', '5 questions de cours', 'Energie d\'un système thermodynamique', 'vsaintsaens', '2021-01-20 00:00:00', 3829),
('TERMINALE', 'Physique chimie', '15 questions de cours', 'Méthodes d\'analyse chimique', 'vsaintsaens', '2021-01-20 00:00:00', 3828),
('TERMINALE', 'Physique chimie', '16 questions de cours', 'Méthodes d\'analyse physique', 'vsaintsaens', '2021-01-20 00:00:00', 3827),
('4EME', 'Allemand', 'quiz sur la culture, l\'histoire, les célébrités, les spécialités germanophones', 'culture, histoire', 'Manu', '2021-01-19 00:00:00', 3826),
('5EME', 'Education physique et sportive', 'bilan de milieu de cycle pour aider les élèves à améliorer une lecture de carte au cours d\'un itinéraire.', 'course d\'orientation', 'sarciat', '2021-01-19 00:00:00', 3825),
('TERMINALE', 'Mathématiques', 'QCM sur les calculs de dérivées ', 'Calcul de dérivée', 'sarahB', '2021-01-19 00:00:00', 3824),
('5EME', 'Education physique et sportive', 'Règlement ultimate collège', 'ultimate, EPS,5eme', 'halim Abdelghani', '2021-01-19 00:00:00', 3823),
('4EME', 'Sciences de la vie et de la terre', 'QCM portant sur les notions de reproduction humaine (exceptés placenta, contraception et contrôle hormonal).', 'Reproduction humaine appareils reproducteurs fécondation développement', 'Maillard', '2021-01-19 00:00:00', 3822),
('6EME', 'Physique chimie', 'sondage éco-gestes', 'éco', 'castro-rey', '2021-01-19 00:00:00', 3821),
('1ERE', 'Mathématiques', '5 questions sur l\'épreuve de Bernoulli et ses caractéristiques.\nPréambule à la loi binomiale.', 'Epreuve de Bernoulli Probabilités', 'Rv LPA Sabres', '2021-01-19 00:00:00', 3820),
('1ERE', 'Physique chimie', 'transfert thermique', 'thermique', 'taburet', '2021-01-18 00:00:00', 3819),
('1ERE', 'Français', 'révisez les figures pour l\'examen', 'les figures de style ', 'debary', '2021-01-18 00:00:00', 3817),
('2NDE', 'Education physique et sportive', 'qcm connaissances tt', 'tennis de table', 'adam', '2021-01-17 00:00:00', 3816),
('TERMINALE', 'Sciences', 'électromagnétisme - spectre émission - ', '2 siècles énergie électrique', 'Michel', '2021-01-17 00:00:00', 3815),
('3EME', 'Physique chimie', 'constitution. pas d\' identification. ', 'atomes et ions. ', 'Michel ', '2021-01-17 00:00:00', 3814),
('6EME', 'Allemand', 'Quizz à destination des élèves germanistes ou non', 'Quizz', 'Scoriels', '2021-01-16 00:00:00', 3813),
('2NDE', 'Sciences de la vie et de la terre', 'Une seule proposition. Dérive, sélection naturelle, biodiversité définition, docs et connaissances.', 'Biodiversité', 'Gomez Stéphanie', '2021-01-15 00:00:00', 3812),
('3EME', 'Santé & social', 'Découverte du monde professionnel', 'PSE', 'Stéphanie Boyer', '2021-01-15 00:00:00', 3811),
('4EME', 'Mathématiques', 'QCM sur la racine carrée d\'un nombre', 'Racine carrée', 'Nicolas Merle', '2021-01-14 00:00:00', 3810),
('4EME', 'Mathématiques', 'QCM sur le théorème de Pythagore', 'Pythagore', 'Nicolas Merle', '2021-01-14 00:00:00', 3809),
('4EME', 'Mathématiques', 'QCM sur le carré d\'un nombre ', 'Carré nombre', 'Nicolas Merle', '2021-01-14 00:00:00', 3808),
('TERMINALE', 'Activités non spécialisées', 'pour tester ses connaissances sur Parcoursup', 'terminale, Parcoursup, orientation', 'PRONOTE et L\'étudiant', '2021-01-14 00:00:00', 3807),
('TERMINALE', 'Sciences économiques et sociales', 'QCM sur le chapitre Comment lutter contre le chômage (à partir de la synthèse du cours donnée aux élèves, les extraits de textes à compléter en proviennent)', 'Chômage, sous-emploi, emploi', 'Carré Stéphane', '2021-01-14 00:00:00', 3806),
('TERMINALE', 'Anglais', 'Qcm / quiz sur le résumé du livre', 'The handmaid\'s tale Margareth Atwood', 'Anne- Sophie CHOTEAU', '2021-01-14 00:00:00', 3805),
('1ERE', 'Français', 'questiions sur fables du livre 8', 'la fontaine ', 'Valerie.Augendre@ac-dijon.fr', '2021-01-13 00:00:00', 3804),
('TERMINALE', 'Physique chimie', 'QCM mis sans corrigé, sans retour à la question précédente, en 45 min, avec note affichée une fois le QCM clôturé, en guise de véritable contrôle. Des questions sont à vérifier (par exemple à cause des majuscules à la première question, qui sont comptabilisées fausses ...)', 'Dosage par titrage - titre massique', 'Dorothée SIMON', '2021-01-13 00:00:00', 3803),
('2NDE', 'Mathématiques', 'résolutions graphiques d\'équations et d\'inéquations ', 'fonctions ', 'ahelias', '2021-01-13 00:00:00', 3802),
('BTS1', 'Comptabilité', 'Questions sur les lettres de changes et leurs enregistrements comptables', 'lettre de change ; P1', 'Dominique Jager', '2021-01-12 00:00:00', 3801),
('TERMINALE', 'Physique chimie', 'Suite au visionnage d\'une vidéo, questions traitant de la notion d\'équilibre chimique et de constante d\'équilibre', 'équilibre chimique', 'jpapon', '2021-01-12 00:00:00', 3800),
('4EME', 'Histoire géographie', '41 questions sur la période 1789 - 1815 (principaux événements et personnages, principales réformes crées)', 'Révolution Française - 1er Empire - Napoléon 1er - réformes', 'Camelot Pascal', '2021-01-12 00:00:00', 3799),
('3EME', 'Français', 'Repérer métonymie, métaphore, comparaison, hyperbole et personnification. Distinguer antithèse, antiphrase et oxymore. ', 'Les figures de style', 'Mattassoglio', '2021-01-12 00:00:00', 3798),
('3EME', 'Français', 'Test de connaissances sur les genres autobiographiques', 'Autobiographie', 'Mattassoglio', '2021-01-12 00:00:00', 3797),
('1ERE', 'Français', 'grammaire', 'interrogation ', 'PENALVA', '2021-01-12 00:00:00', 3796),
('6EME', 'Histoire géographie', 'Espace Agricole', 'Agriculture', 'tristan.baldelli', '2021-01-12 00:00:00', 3795),
('TERMINALE', 'Droit', 'Le contrat de travail', 'Le contrat de travail', 'Sonia', '2021-01-11 00:00:00', 3794),
('4EME', 'Sciences de la vie et de la terre', 'Réviser ou évaluer le chapitre sur la nutrition des végétaux chlorophylliens', 'Nutrition - Végétaux - Cycle 4 ', 'CarolineTassaux', '2021-01-11 00:00:00', 3793),
('4EME', 'Portugais', 'evaluation compréhension orale, evaluation finale', 'Amazonia, indios, lenda mandioca', 'matildepatriarca', '2021-01-11 00:00:00', 3792),
('2NDE', 'Histoire géographie', 'PPO du programme de seconde', 'venise', 'cbarczynski', '2021-01-11 00:00:00', 3791),
('6EME', 'Portugais', 'description d\'image', 'salle de classe', 'matildepatriarca', '2021-01-11 00:00:00', 3790),
('3EME', 'Portugais', 'questionnaire audio', 'estado novo, salazar, historia', 'matildepatriarca', '2021-01-11 00:00:00', 3789),
('1ERE', 'Mathématiques', 'QCM à réponse unique, constitué de 20 questions', 'second degré, équations, solutions, racines, discriminant', 'dleconte', '2021-01-11 00:00:00', 3788),
('1ERE', 'Sciences économiques et sociales', 'Q7 - OA1 (groupes et liens sociaux)', 'groupes sociaux - liens sociaux (Serge Paugam)', 'Arnaud Le Dû', '2021-01-10 00:00:00', 3787),
('TERMINALE', 'Management', 'Chapitre 2', 'FR, BFR, Bilan, ressources tangibles et intangibles ', 'AMMAR11', '2021-01-09 00:00:00', 3786),
('TERMINALE', 'Management', 'Thème 1', 'FR, BFR, Coût spécifique, Stratégies ', 'AMMAR11', '2021-01-09 00:00:00', 3785),
('5EME', 'Mathématiques', 'Petits problèmes', 'Proportionnalité', 'celine.mousselard', '2021-01-09 00:00:00', 3784),
('3EME', 'Mathématiques', 'Développements, factorisations', 'Calcul littéral (sans identités remarquables)', 'celine.mousselard', '2021-01-09 00:00:00', 3783),
('4EME', 'Allemand', 'culture et civilisation', 'culture, civilisation ', 'SaintGer50', '2021-01-09 00:00:00', 3782),
('1ERE', 'Sciences de la vie et de la terre', 'Ce contrôle porte sur l\'ADN lu dans son génome', ' ADN, génome, lactase dénisovien', 'ERNA ANDELE', '2021-01-09 00:00:00', 3781),
('2NDE', 'Education physique et sportive', 'Vocabulaire muscles', 'Musculation', 'Votte Laurent', '2021-01-09 00:00:00', 3780),
('2NDE', 'Education physique et sportive', 'Vocabulaire', 'Course Orientation', 'Votte Laurent', '2021-01-09 00:00:00', 3779),
('TERMINALE', 'Anglais', 'ETLV', 'Health care', 'HEBERT', '2021-01-08 00:00:00', 3778),
('6EME', 'Education physique et sportive', 'Règlement du badminton', 'Badminton', 'alegleut', '2021-01-08 00:00:00', 3777),
('2NDE', 'Italien', 'ritrova la preposizione che conviene (con l\'articolo)', 'le preposizioni articolate', 'profdallacqua', '2021-01-07 00:00:00', 3776),
('2NDE', 'Italien', 'rispondi alle domande sulla pronuncia e gli accenti in italiano', 'la pronuncia', 'profdallacqua', '2021-01-07 00:00:00', 3775),
('3EME', 'Latin', 'Questions sur la première partie de l\'émission \"Points de repères\" - lien dans la 1re question. ', 'Carthage, trirème, guerre', 'Astrid Gruel', '2021-01-07 00:00:00', 3774),
('3EME', 'Histoire géographie', 'QCM Sur le chapitre des faibles densités avec Dordogne et Morvan en Etudes de cas.', 'Géographie - Espaces de faibles densités', 'ccasiez', '2021-01-07 00:00:00', 3773),
('6EME', 'Education musicale', 'orchestre', 'orchestre', 'COMMUN', '2021-01-07 00:00:00', 3772),
('6EME', 'Anglais', 'Rules & uses', 'Simple Present', 'Christophe Jean-Jean', '2021-01-06 00:00:00', 3771),
('4EME', 'Anglais', 'Rules & use', 'Present Perfect', 'Christophe Jean-Jean', '2021-01-06 00:00:00', 3770),
('TERMINALE', 'Physique chimie', '40 questions sur les équilibres acides-bases pour la spé de terminale.', 'spécialité-équilibres chimiques-acides et bases faibles-pKA-KA_-diagramme de prédominence-Diagramme de distribution', 'JP mathieu', '2021-01-06 00:00:00', 3769),
('TERMINALE', 'Management', 'Chapitre 7', 'Parties prenantes, styles de direction', 'Sandrine Toustou', '2021-01-06 00:00:00', 3768),
('6EME', 'Sciences de la vie et de la terre', 'besoins des organismes', 'besoins des organismes', 'julien dekarczyk', '2021-01-06 00:00:00', 3767),
('6EME', 'Sciences de la vie et de la terre', 'croissance', 'croissance', 'julien dekarczyk', '2021-01-06 00:00:00', 3766),
('6EME', 'Sciences de la vie et de la terre', 'classification ', 'classification ', 'julien dekarczyk', '2021-01-06 00:00:00', 3765),
('6EME', 'Sciences de la vie et de la terre', 'environnement ', 'environnement ', 'julien dekarczyk', '2021-01-06 00:00:00', 3764),
('5EME', 'Sciences de la vie et de la terre', 'alimentation', 'alimentation', 'julien dekarczyk', '2021-01-06 00:00:00', 3763),
('5EME', 'Sciences de la vie et de la terre', 'corps humain et effort', 'corps humain et effort', 'julien dekarczyk', '2021-01-06 00:00:00', 3762),
('5EME', 'Sciences de la vie et de la terre', 'risques naturels', 'risques naturels', 'julien dekarczyk', '2021-01-06 00:00:00', 3761),
('5EME', 'Sciences de la vie et de la terre', 'climat météorologie', 'climat météorologie', 'julien dekarczyk', '2021-01-06 00:00:00', 3760),
('2NDE', 'Anglais', 'The story of Thanksgiving and a brief history of Santa', 'Thanksgiving + Christmas', 'GIZARDIN Françoise', '2021-01-06 00:00:00', 3759),
('TERMINALE', 'Physique chimie', 'Spécialité Physique-Chimie, évolution spontanée d\'un système chimique (quotient de réaction), PAS les piles', 'spécialité, chimie, évolution spontanée, équilibre', 'b apvrille', '2021-01-06 00:00:00', 3758),
('2NDE', 'Sciences de la vie et de la terre', 'biodiversité chap 1/2/3/', 'Biodiversité', 'julien dekarczyk', '2021-01-05 00:00:00', 3757),
('2NDE', 'Sciences de la vie et de la terre', 'thème 1 : ADN + métabolisme des cellules', 'ADN métabolisme des cellules', 'julien dekarczyk', '2021-01-05 00:00:00', 3756),
('TERMINALE', 'Biotechnologie', 'T ST2S - cours de BPH', 'Hérédité-arbre généalogique', 'geraldine.bugarin', '2021-01-05 00:00:00', 3755),
('2NDE', 'Anglais', 'Révision du tableau des pronoms personnels, adjectifs possessifs...', 'pronoms; personnels; possessifs; réfléchis', 'Fabienne Gosselin', '2021-01-05 00:00:00', 3754),
('1ERE', 'Mathématiques', '1ere - Chap03 - Derivation - 4b - Derivee et variations - 3e degre', 'Dérivée, variations, 3e degre', 'M. CHEVAL, Arras.', '2021-01-05 00:00:00', 3753),
('1ERE', 'Mathématiques', '1ere - Chap03 - Derivation - 4a - Derivee et variations - 2nd degre', 'Derivation, variations, 2nd degre', 'M. CHEVAL, Arras.', '2021-01-05 00:00:00', 3752),
('TERMINALE', 'Physique chimie', 'Dosages par étalonnage par mesure d\'absorbance et de conductivité', 'Dosages par étalonnage', 'Dorothée SIMON', '2021-01-04 00:00:00', 3751),
('TERMINALE', 'Physique chimie', 'Dosages par étalonnage par mesure d\'absorbance et de conductivité - Equation d\'état du gaz parfait', 'Dosages par étalonnage', 'Dorothée SIMON', '2021-01-04 00:00:00', 3750),
('1ERE', 'Mathématiques', '1ere - Chap03 - Derivation - 3b - Derivee et equation de la tangente', 'Derivation', 'M. CHEVAL, Arras.', '2021-01-03 00:00:00', 3749),
('1ERE', 'Mathématiques', '1ere - Chap03 - Derivation - 3a - Derivee d\'une fonction polynomiale', 'Derivation', 'M. CHEVAL, Arras.', '2021-01-03 00:00:00', 3748),
('1ERE', 'Mathématiques', '1ere - Chap03 - Derivation - 2b - Calcul du nombre derive - 3nd degre', 'Derivation', 'M. CHEVAL, Arras.', '2021-01-03 00:00:00', 3747),
('1ERE', 'Mathématiques', '1ere - Chap03 - Derivation - 2a - Calcul du nombre derive - 2nd degre', 'Derivation', 'M. CHEVAL, Arras.', '2021-01-03 00:00:00', 3746),
('1ERE', 'Mathématiques', '1ere - Chap03 - Derivation - 1c - Tangente, parallele et points ', 'Derivation', 'M. CHEVAL, Arras.', '2021-01-03 00:00:00', 3745),
('1ERE', 'Mathématiques', '1ere - Chap03 - Derivation - 1b - Equation de la tangente', 'Derivation', 'M. CHEVAL, Arras.', '2021-01-03 00:00:00', 3744),
('1ERE', 'Mathématiques', '1ere - Chap03 - Derivation - 1a - Lecture de f(a) et f\'(a)', 'Derivation', 'M. CHEVAL, Arras.', '2021-01-03 00:00:00', 3743),
('5EME', 'Français', 'La Peste écarlate. Questionnaire de lecture. A faire sans retour aux questions précédentes et corrigé à chaque question.', 'La Peste écarlate', 'granath', '2021-01-03 00:00:00', 3742),
('1ERE', 'Mathématiques', '1ere - Chap02 - Suites - 09 - Depassser un seuil - Algorithme', 'Suites, seuil, algorithme', 'M. CHEVAL, Arras.', '2021-01-03 00:00:00', 3741),
('1ERE', 'Physique chimie', 'niveau 1ère spé ', 'géométrie  polarité molécules', 'bi', '2021-01-02 00:00:00', 3740),
('1ERE', 'Mathématiques', '1ere - Chap02 - Suites - 01 - Arithmetique - Premiers termes', 'Suites, arithmétiques, premiers termes', 'M. CHEVAL, Arras.', '2020-12-30 00:00:00', 3739),
('2NDE', 'Français', 'QCM de révision sur les valeurs des modes et des temps', 'QCM Valeurs des temps', 'Frican', '2020-12-29 00:00:00', 3738),
('1ERE', 'Numérique et sciences informatiques', 'QCM sur les chaînes de caractères', 'Représentation des données', 'José DELAMARE', '2020-12-29 00:00:00', 3737),
('1ERE', 'Numérique et sciences informatiques', 'représentation entiers relatifs et des réels', 'Représentation des données', 'José DELAMARE', '2020-12-29 00:00:00', 3736),
('1ERE', 'Numérique et sciences informatiques', '14 questions sur les boucles bornées et non bornées', 'Langage et programmation, boucles', 'José DELAMARE', '2020-12-29 00:00:00', 3735),
('1ERE', 'Mathématiques', '1ere - Chap03 - Derivation - 08 - Derivee et variations - 2nd degre', 'Dérivée, variations, 2nd degre', 'M. CHEVAL, Arras.', '2020-12-29 00:00:00', 3734),
('1ERE', 'Français', 'QCM à choix multiples pour préparer l\'EAF ', 'étude de la langue ', 'emilie gracia', '2020-12-28 00:00:00', 3733),
('5EME', 'Education musicale', 'Compétence spécifique CHAM : utiliser les acquisitions théoriques et le vocabulaire\nadéquat pour mieux comprendre, interpréter\nou élaborer un texte :  la construction de la durée', 'Rythme : La liaison', 'Cathy Lambert', '2020-12-28 00:00:00', 3732),
('1ERE', 'Espagnol', 'Ser estar a cod de personne En contacto 1ère diversidad inclusión', 'ser - estar - a cod personne', 'Nathalie Magin', '2020-12-28 00:00:00', 3731),
('1ERE', 'Mathématiques', '1ere - Chap02 - Suites - 12 - Syracuse', 'Suites, syracuse', 'M. CHEVAL, Arras.', '2020-12-27 00:00:00', 3730),
('1ERE', 'Mathématiques', '1ere - Chap02 - Suites - 11 - Suites arithmetico - geometriques', 'Suites, arithmetico - geometrique', 'M. CHEVAL, Arras.', '2020-12-27 00:00:00', 3729),
('1ERE', 'Mathématiques', '1ere - Chap02 - Suites - 10 - Depassser un seuil - Calculatrice', 'Suites, seuil, calculatrice', 'M. CHEVAL, Arras.', '2020-12-27 00:00:00', 3728),
('1ERE', 'Mathématiques', '1ere - Chap02 - Suites - 09 - Depassser un seuil - Algorithme', 'Suites, seuil, algorithme', 'M. CHEVAL, Arras.', '2020-12-27 00:00:00', 3727),
('5EME', 'Anglais', 'Réviser le vocabulaire de la famille et la formation du génitif.', 'famille ; génitif', 'lbuchelet', '2020-12-26 00:00:00', 3726),
('6EME', 'Histoire géographie', 'Sixième Préhistoire Préhumains/Humains (lecture d\'un arbre généalogique) , Migrations (lecture de la légende d\'un croquis), berceau de l\'humanité (repères), différences paléolithique/néolithique', 'Préhistoire ', 'ccasiez', '2020-12-24 00:00:00', 3725),
('TERMINALE', 'Philosophie', 'QCM 1', 'Bonheur, Inconscient, Liberté', 'TBUTT', '2020-12-24 00:00:00', 3724),
('1ERE', 'Mathématiques', 'A partir de la représentation graphique d\'une fonction et de trois de ces tangentes extraites d\'un exercice de bac pro 2014, sept questions diverses sur l\'image, la résolution graphique d\'équations, le coefficient directeur d\'une tangente, le lien entre les extremums et la valeur de la dérivée, détermination graphique du nombre dérivé', 'Dérivée Représentation graphique Tangente Coefficient directeur Image ', 'Rv LPA Sabres', '2020-12-23 00:00:00', 3723),
('1ERE', 'Mathématiques', 'Après une première diapositive de résumé de cours, cinq questions sur la relation entre la dérivée f\' et les variations d\'une fonction f', 'dérivée, variation de fonction, liaison entre dérivée et fonction, étude de fonction', 'Rv LPA Sabres', '2020-12-23 00:00:00', 3722),
('1ERE', 'Anglais', 'modal verb + have/has + Past participle', 'Past Probability', 'Christophe JEAN-JEAN', '2020-12-23 00:00:00', 3721),
('3EME', 'Anglais', 'Forms & uses of Simple Past ≠ Past Continuous ≠ Past Perfect', 'Narrative Tenses', 'Christophe JEAN-JEAN', '2020-12-23 00:00:00', 3720),
('TERMINALE', 'Sciences de la vie et de la terre', 'Plante_Vie_fixée_niveau Term Spé SVT', 'plante,vie,fixée', 'Claire Lanet', '2020-12-21 00:00:00', 3719),
('1ERE', 'Physique chimie', 'Tour d\'horizon de connaissances et savoir-faire de base.', 'Lentilles minces convergentes', 'Arnaud JERRAM', '2020-12-20 00:00:00', 3718),
('4EME', 'Education physique et sportive', 'Connaissance des muscles du corps humain et des exercices associés', 'Qcm PPG', 'Coralie Digonnet', '2020-12-20 00:00:00', 3717),
('1ERE', 'Physique chimie', 'QCM de révision avec réponses commentées pour un travail en autonomie et auto-test des élèves avant un contrôle', 'EDS, spécialité, mécanique, résultante, variation de la vitesse, 2ème loi de Newton, forces, mouvement', 'Prévot Christine', '2020-12-20 00:00:00', 3716),
('1ERE', 'Mathématiques', '1ere - Chap02 - Suites - 08 - Geometrique - Somme des termes', 'Suite, géométrique, somme', 'M. CHEVAL, Arras.', '2020-12-20 00:00:00', 3715),
('1ERE', 'Physique chimie', 'Questions pratiques pour vérifier la compréhension de l\'utilisation des indicateurs colorés en chimie', 'indicateurs colorés', 'A.Tanguy', '2020-12-19 00:00:00', 3714),
('TERMINALE', 'Mathématiques', 'Notions théoriques sur la fonction logarithme népérien en terminale bac pro.', 'fonction longarithme népérien', 'A.Tanguy', '2020-12-19 00:00:00', 3713),
('TERMINALE', 'Mathématiques', 'Notions théoriques sur la fonction exponentielle en terminale bac pro.', 'fonction exponentielle', 'A.Tanguy', '2020-12-19 00:00:00', 3712),
('2NDE', 'Activités non spécialisées', 'Quelques questions théoriques sur la TVA et les prix HT et TTC. Puis des calculs de prix ', 'TVA, HT, TTC', 'A.Tanguy', '2020-12-19 00:00:00', 3711),
('5EME', 'Sciences de la vie et de la terre', 'Quiz qui reprend les exemples animés présentés par le muséum d\'histoire naturelle de Paris', 'parades nuptiales', 'Giobrunetti', '2020-12-19 00:00:00', 3710),
('4EME', 'Sciences de la vie et de la terre', 'test', 'évaluation tectonique des plaques', 'Giobrunetti', '2020-12-19 00:00:00', 3709),
('TERMINALE', 'Physique chimie', 'notions de base', 'dosages', 'reau', '2020-12-19 00:00:00', 3708),
('2NDE', 'Mathématiques', '2nd - Chap04 - Fonctions - 02 - Resoudre f(x) = a', 'Fonctions, équation, antécédent', 'M. CHEVAL, Arras.', '2020-12-18 00:00:00', 3707),
('2NDE', 'Mathématiques', '2nd - Chap04 - Fonctions - 01 - Calculer f(a)', 'Fonctions, image', 'M. CHEVAL, Arras.', '2020-12-18 00:00:00', 3706),
('1ERE', 'Mathématiques', '1ere - Chap02 - Suites - 05 - Geometrique - Premiers termes', 'Suites, géométriques', 'M. CHEVAL, Arras.', '2020-12-18 00:00:00', 3705),
('5EME', 'Physique chimie', 'connaissance; calculs ; calcul littéral; expérimental', 'concentration massique Cm', 'maurice', '2020-12-18 00:00:00', 3703),
('3EME', 'Anglais', 'more, less, fewer, than', 'more, less, fewer, than, comparatif, supériorité, infériorité', 'Olivier CASSAN', '2020-12-18 00:00:00', 3702),
('4EME', 'Français', 'Questionnaire d\'aide à la lecture de la pièce', 'Roméo et Juliette - Dire l\'amour', 'Lévi-Valensin Géraldine', '2020-12-17 00:00:00', 3701),
('3EME', 'Technologie', 'chaine d\'énergie, actionneurs, capteurs..', 'système automatisé ', 'Ahmed Hamza', '2020-12-17 00:00:00', 3700),
('2NDE', 'Mathématiques', '2nd - Chap03 - Coordonnees - 07 - Nature du triangle ABC', 'Coordonnées, distance, nature, triangle', 'M. CHEVAL, Arras.', '2020-12-17 00:00:00', 3699),
('2NDE', 'Mathématiques', '2nd - Chap03 - Coordonnees - 08 - Points alignes', 'Coordonnées, distance, points alignés', 'M. CHEVAL, Arras.', '2020-12-17 00:00:00', 3698),
('2NDE', 'Mathématiques', '2nd - Chap03 - Coordonnees - 03 - Milieu et symetrique', 'Coordonnées, milieu, symétrique', 'M. CHEVAL, Arras.', '2020-12-17 00:00:00', 3697),
('1ERE', 'Mathématiques', '1ere - Suites - 04 - Arithmetique - Somme des termes', 'Suites, arithmétiques, sommes', 'M. CHEVAL, Arras.', '2020-12-17 00:00:00', 3696),
('4EME', 'Anglais', 'Ecrire les chiffres et les nombres (unités, dizaines, centaines, milliers, millions, milliards), les chiffres et les nombres à virgules, les pourcentages. ', 'chiffres, nombres, pourcentages, chiffres à virgule', 'Olivier CASSAN', '2020-12-16 00:00:00', 3695),
('2NDE', 'Sciences économiques et sociales', 'Evaluation sur l\'intégralité du chapitre d\'économie : la production de richesses', 'production', 'E. Bouwet', '2020-12-16 00:00:00', 3694),
('3EME', 'Mathématiques', 'distributivité, double distributivité et identités remarquables', 'développement,remarquables', 'DEGOIX', '2020-12-16 00:00:00', 3693),
('6EME', 'Mathématiques', 'Multiplication par 10, 100, 1000; 0,1; 0,01; 0,001', 'Multiplication', 'DEGOIX', '2020-12-16 00:00:00', 3692),
('1ERE', 'Français', 'Questions à choix multiple pour s\'entraîner à repérer les différents types de subordonnées dans une phrase.', 'Grammaire, phrase complexe, subordonnées, relative, complétive, circonstancielle', 'sorele', '2020-12-16 00:00:00', 3691),
('1ERE', 'Français', 'Questions à choix multiple pour s\'entraîner à repérer les différents types de subordonnées dans une phrase.', 'Grammaire, phrase complexe, subordonnées, relative, complétive, circonstancielle', 'sorele', '2020-12-16 00:00:00', 3690),
('1ERE', 'Français', 'Questions à choix multiple pour s\'entraîner à repérer les différents types de subordonnées dans une phrase.', 'Grammaire, phrase complexe, subordonnées, relative, complétive, circonstancielle', 'sorele', '2020-12-16 00:00:00', 3689),
('1ERE', 'Français', 'Questions à choix multiple pour s\'entraîner à repérer les différents types de subordonnées dans une phrase.', 'Grammaire, phrase complexe, subordonnées, relative, complétive, circonstancielle', 'sorele', '2020-12-16 00:00:00', 3688),
('1ERE', 'Français', 'Questions à choix multiple pour s\'entraîner à repérer les différents types de subordonnées dans une phrase.', 'Grammaire, phrase complexe, subordonnées, relative, complétive, circonstancielle', 'sorele', '2020-12-16 00:00:00', 3687),
('1ERE', 'Mathématiques', '1ere - Chap03 - Derivation - 04 - Calcul du nombre derive', 'Dérivation, nombre derivée', 'M. CHEVAL, Arras.', '2020-12-16 00:00:00', 3686),
('1ERE', 'Mathématiques', '1ere - Chap03 - Derivation - 02 - Graphique - f\'(a) et equation de la tangente', 'Nombre derivé, tangente, équation', 'M. CHEVAL, Arras.', '2020-12-16 00:00:00', 3685),
('2NDE', 'Mathématiques', '2nd - Chap03 - Coordonnees - 06 - Distance entre deux points', 'Coordonnées, distance', 'M. CHEVAL, Arras.', '2020-12-16 00:00:00', 3684),
('2NDE', 'Mathématiques', '2nd - Chap03 - Coordonnees - 05 - Obtenir un parallelogramme', 'Coordonnées, milieu, parallélogramme', 'M. CHEVAL, Arras.', '2020-12-16 00:00:00', 3683),
('2NDE', 'Mathématiques', '2nd - Chap03 - Coordonnees - 04 - Est ce un parallelogramme', 'Coordonnées, milieu, parallélogramme', 'M. CHEVAL, Arras.', '2020-12-16 00:00:00', 3682),
('2NDE', 'Mathématiques', '2nd - Chap03 - Coordonnees - 03 - Milieu et symetrique', 'Coordonnées, milieu, symétrique', 'M. CHEVAL, Arras.', '2020-12-16 00:00:00', 3681),
('2NDE', 'Mathématiques', '2nd - Chap03 - Coordonnees - 02 - Extremite dun segment', 'Coordonnées, milieu', 'M. CHEVAL, Arras.', '2020-12-16 00:00:00', 3680),
('2NDE', 'Mathématiques', '2nd - Chap03 - Coordonnees - 01 - Milieu dun segment', 'Coordonnées, milieu', 'M. CHEVAL, Arras.', '2020-12-16 00:00:00', 3679),
('TERMINALE', 'Physique chimie', 'QCM Terminale spécialité physique chimie 2ème loi de Newton F=m.a  Dosage par titrage ', '2ème loi de Newton   F=m.a  dosage titrage', 'Ortiz', '2020-12-15 00:00:00', 3678),
('2NDE', 'Italien', 'VERBI AL PRESENTE 3 CONIUGAZIONI ESSERE E AVERE', 'VERBI PRESENTE', 'RAFFAELLA', '2020-12-15 00:00:00', 3677),
('6EME', 'Anglais', 'choisir la bonne forme de have got', 'have got', 'gautier', '2020-12-15 00:00:00', 3676),
('1ERE', 'Mathématiques', 'Suites arithmétiques en 1°STMG', 'SUITES, ARITHMETIQUES, STMG', 'DOGLIOLI', '2020-12-15 00:00:00', 3675),
('TERMINALE', 'Comptabilité', 'Synthèse sur les immobilisations et les amortissements', 'Enseignement spécifique Gestion Finance', 'Rachel Lebatard', '2020-12-15 00:00:00', 3674),
('1ERE', 'Mathématiques', '1ere - Suites - 9 - Suites arithmetico - geometriques', 'Suites, arithmético - géométrique', 'M. CHEVAL, Arras.', '2020-12-15 00:00:00', 3673),
('1ERE', 'Mathématiques', '1ère - Suites - 7 - Géométrique - Un en fonction de n', 'Suites, géométriques, formule explicite', 'M. CHEVAL, Arras.', '2020-12-15 00:00:00', 3672),
('1ERE', 'Mathématiques', '1ère - Suites - 6 - Géométrique - Calcul d\'un terme', 'Suites, géométriques, termes', 'M. CHEVAL, Arras.', '2020-12-15 00:00:00', 3671),
('1ERE', 'Mathématiques', '1ère - Suites - 3 - Arithmétique - Un en fonction de n', 'Suites, arithmétiques, formule explicite', 'M. CHEVAL, Arras.', '2020-12-15 00:00:00', 3670),
('BTS2', 'Physique chimie', 'Hacheur série-rapport cyclique-période-fréquence', 'Physique appliquée-hacheur série', 'thierry2030', '2020-12-15 00:00:00', 3669),
('1ERE', 'Français', 'Questions de base sur la vie de Baudelaire', 'Baudelaire, biographie', 'Maetz', '2020-12-14 00:00:00', 3668),
('1ERE', 'Mathématiques', 'Calculer un terme d\'une suite arithmétique', 'Suites, arithmétiques, termes', 'M. CHEVAL, Arras.', '2020-12-14 00:00:00', 3667),
('2NDE', 'Langue vivante', 'Découvrez ou re-découvrez certains mots qui ont voyagé de la langue arabe vers la langue française où ils sont toujours utilisés. BONNE CHANCE !', 'français, arabe, langue', 'ALMOUSSA', '2020-12-14 00:00:00', 3666),
('5EME', 'Enseignement moral et civique', '52 questions sur les principales formes de discriminations en France', 'Discriminations - racisme - sexisme - homophobie - antisémitisme...', 'Camelot Pascal', '2020-12-14 00:00:00', 3665),
('5EME', 'Mathématiques', 'définition, repérage', 'relatifs', 'brigitte ', '2020-12-13 00:00:00', 3664),
('6EME', 'Français', 'Un texte à trous sur la conjugaison au passé simple. Seules les P1, P2, P3 et P6 sont travaillées. Les élèves doivent maîtriser la conjugaison des verbes du 1er groupe et les terminaisons des 2ème et 3ème groupes. ', 'conjugaison, passé simple, textes fondateurs, monothéisme, ', 'Sakina Régnier', '2020-12-12 00:00:00', 3663),
('6EME', 'Mathématiques', 'QCM de révisions chapitre opérations sans les divisions', 'Opérations', 'severine4137', '2020-12-12 00:00:00', 3662),
('6EME', 'Mathématiques', 'QCM de révisions chapitre opérations sans les divisions', 'Opérations et priorités dans les calculs', 'severine4137', '2020-12-12 00:00:00', 3661),
('2NDE', 'Mathématiques', '20 questions autour des calculs de coordonnées d\'un point dans une situation de symétrique. Valeurs choisies au hasard.', 'Coordonnées, milieu, symétrique', 'M. CHEVAL, Arras.', '2020-12-12 00:00:00', 3660),
('5EME', 'Technologie', 'Réseau informatique, format de fichier, création de fichier, suivre un chemin d\'accès, ', 'Réseau informatique, arborescence, chemin d\'accès, fichier, dossier, disuqe dur ', 'HADDOUCHE BELKACEM', '2020-12-11 00:00:00', 3659),
('4EME', 'Technologie', 'QCM autour de la chaîne d\'énergie d\'un ventilateur ', 'Chaîne d\'énergie, chaîne d\'énergie d\'un ventilateur, les sources d\'énergie', 'HADDOUCHE BELKACEM', '2020-12-11 00:00:00', 3658),
('6EME', 'Technologie', 'Questions sur la programmation, les instructions, le réseau du collège et le chemin d\'accès.', 'Programmation, algorithme, réseau, chemin d\'accès, MBLOCK', 'HADDOUCHE BELKACEM', '2020-12-11 00:00:00', 3657),
('6EME', 'Mathématiques', 'QCM sur du repérage sur un axe, la comparaison de 2 nombres, et sur ranger, encadrer et intercaler', 'Ordre, Intercaler, Croissant, Décroissant, Axe gradué, Repérage sur un axe, Comparaison', 'apichereau', '2020-12-11 00:00:00', 3656),
('1ERE', 'Espagnol', 'Indiquez si les phrases suivantes sont au tutoiement ou vouvoiement, individuel ou collectif', 'tutoiement et vouvoiement', 'Laurence Croizer', '2020-12-11 00:00:00', 3655),
('TERMINALE', 'Anglais', 'act2', 'llce miller', 'kiburse', '2020-12-10 00:00:00', 3654),
('3EME', 'Français', 'QCM sous forme de devinettes ', 'Vocabulaire poétique', 'RENAULT', '2020-12-10 00:00:00', 3653),
('4EME', 'Histoire géographie', 'QCM sur 20 points', 'Les Lumières', 'GIL', '2020-12-09 00:00:00', 3652),
('TERMINALE', 'Philosophie', 'Il s\'agit de suivre les différentes étapes préparatoires (= le brouillon) d\'un sujet de dissertation : Dans quelle mesure une religion peut-elle influencer les choix d’une personne ?\nLa sollicitation d\'une pièce de théâtre contemporaine se fait au service du traitement du sujet.', 'Dissertation ; Religion ; exemple théâtral ; Wajdi Mouawad ; \"Tous des oiseaux\"', 'Richard', '2020-12-09 00:00:00', 3651),
('TERMINALE', 'Philosophie', 'Le questionnaire suit les 3 types de questions désormais posées aux élèves de séries technologiques dans l\'épreuve TEXTE.', 'Séries TECHNO ; Epreuve texte ; Art ; Théâtre ; Rancière', 'Richard', '2020-12-09 00:00:00', 3650),
('TERMINALE', 'Physique chimie', ' Centrales, avantages/inconvénients, conversions, chaînes énergétiques', 'Esneignement scientifique Atouts de l\'électricité', 'Clémence Devailly', '2020-12-09 00:00:00', 3649),
('TERMINALE', 'Physique chimie', 'Centrales, avantages/inconvénients,  conversions, chaînes énergétiques', 'Atouts de l\'électricité - Enseignement scientifique', 'Clémence Devailly', '2020-12-09 00:00:00', 3648),
('2NDE', 'Anglais', 'Lycée / genitive', 'Genitive', 'S Le Coq', '2020-12-09 00:00:00', 3647),
('2NDE', 'Anglais', 'Prononciation de la terminaison [ed] sur des verbes en lien avec Teen Activists', 'prononciation; ed', 'Fabienne Gosselin', '2020-12-08 00:00:00', 3646),
('2NDE', 'Mathématiques', 'Fonctions(généralités)', 'Fonctions (généralités),image, antécédents', 'GOTTIN-MAURIOL', '2020-12-08 00:00:00', 3645),
('2NDE', 'Activités non spécialisées', 'Testez vos connaissances sur la laïcité en quelques minutes !', 'Laïcité', 'Puyarena Plazanet', '2020-12-08 00:00:00', 3644),
('3EME', 'Activités non spécialisées', 'Informations année de troisième', 'Vie de classe', 'mohammad.maghoo', '2020-12-07 00:00:00', 3643),
('5EME', 'Anglais', 'Quizz sur les paroles', 'Jingle bells', 'Audouard', '2020-12-07 00:00:00', 3641),
('TERMINALE', 'Sciences de la vie et de la terre', 'Analyse docs', 'THEME 2', 'BRSCG', '2020-12-07 00:00:00', 3640),
('TERMINALE', 'Anglais', 'QCM chapters 1 to 7', 'Handmaid\'s Tale; Atwood', 'Fabienne Gosselin', '2020-12-07 00:00:00', 3639),
('TERMINALE', 'Sciences économiques et sociales', 'Programme 2020-2021', 'Sources et défis de la croissance', 'Magalie Bérot', '2020-12-07 00:00:00', 3638),
('2NDE', 'Sciences numériques et technologie  ', 'Généralités internet et réseau', 'Internet', 'R. DEMEURS', '2020-12-06 00:00:00', 3637),
('6EME', 'Anglais', 'Un texte à trous pour réviser l\'histoire de Thanksgiving. ', 'Anglais, Thanksgiving', 'Mrs DIA', '2020-12-06 00:00:00', 3636),
('6EME', 'Français', 'exercices sur les conjugaisons et les valeurs des temps du récit', 'les temps du récit', 'cmaurin@ac-versailles.fr', '2020-12-05 00:00:00', 3635),
('5EME', 'Sciences de la vie et de la terre', 'Causes, conséquences, réchauffement climatique...', 'Réchauffement climatique', 'Maniere', '2020-12-05 00:00:00', 3634),
('6EME', 'Français', 'maîtriser les classes grammaticales des mots invariables ', 'mots invariables', 'cmaurin@ac-versailles.fr', '2020-12-05 00:00:00', 3633),
('TERMINALE', 'Physique chimie', 'QCM de niveau moyen. Il existe un qcm de niveau moins élevé.', 'Enseignement scientifique - 2 siècles d\'électricité', 'ChristopheBoulanger', '2020-12-05 00:00:00', 3632),
('TERMINALE', 'Physique chimie', 'QCM de base. Il existe un qcm de niveau plus élevé.', 'Enseignement scientifique - 2 siècles d\'électricité', 'ChristopheBoulanger', '2020-12-05 00:00:00', 3631),
('TERMINALE', 'Biotechnologie', 'Métabolisme Bioénergétique', 'métabolisme bioénergétique', 'Bourdet', '2020-12-05 00:00:00', 3630),
('1ERE', 'Anglais', 'Les élèves doivent lire le texte et répondre à quelques questions de compréhension.', 'White Man\'s Burden, Kipling', 'Frederic Morvany', '2020-12-05 00:00:00', 3629),
('6EME', 'Education physique et sportive', '15 questions niveau 6 ème ( règlement, gestes techniques, arbitrage) ', 'Badminton ', 'Thierry Escot', '2020-12-05 00:00:00', 3628),
('5EME', 'Sciences de la vie et de la terre', 'Approvisionnement du sang en nutriments', 'nutriments, digestion, enzymes, tube digestif', 'L\'oranger', '2020-12-05 00:00:00', 3627),
('TERMINALE', 'Biotechnologie', 'QCM sur notion glycolyse, ATP , fermentation lactique', 'Métabolisme et Bioénergétique ', 'stephanie PAQUIN', '2020-12-05 00:00:00', 3626),
('TERMINALE', 'Physique chimie', 'QCM sur les notions exigibles en terminale sur le chapitre de cinétique', 'cinétique chimique ; facteurs cinétique; vitesse d\'apparition d\'un produit ; vitesse de disparition d\'un réactif; loi de vitesse d\'ordre 1', 'Valérie ROHAT', '2020-12-04 00:00:00', 3625),
('TERMINALE', 'Sciences de la vie et de la terre', 'début du programme de spé2020', 'genetique,spe', 'ctauveron', '2020-12-04 00:00:00', 3624),
('TERMINALE', 'Physique chimie', 'Questions reprises de QCM web. Vérification de leçon et de compréhension des notions ', 'cinétique;  temps de demi réaction; loi de vitesse d\'ordre 1; vitesse volumique', 'Jessica Babot', '2020-12-04 00:00:00', 3623);
INSERT INTO `indexeducation` (`Niveau`, `Matiere`, `Description`, `Motes_Clefs`, `Auteur`, `Date`, `N_fichier_XML`) VALUES
('1ERE', 'Numérique et sciences informatiques', '12 questions sur les réseaux 1ère NSI', 'réseaux adresse IP', 'Sandrine Sudres', '2020-12-04 00:00:00', 3622),
('6EME', 'Activités non spécialisées', 'L\'objectif de ce QCM est d\'évaluer la connaissance de l\'élève du fonctionnement du CDI , les outils et les méthodes de recherche d\'information.', 'EMI; médias; information; documentation', 'MARCAIS', '2020-12-04 00:00:00', 3621),
('2NDE', 'Anglais', 'CE', 'Breaking free', 'vbertrand', '2020-12-04 00:00:00', 3620),
('2NDE', 'Histoire géographie', '10 questions à choix unique', 'humanisme', 'Clément Tisseyre', '2020-12-03 00:00:00', 3619),
('1ERE', 'Management', 'thème 1', 'sdgn', 'ROUSSEAU JARNAN FLORENCE', '2020-12-02 00:00:00', 3618),
('TERMINALE', 'Management', 'msdgn', 'msdgn', 'ROUSSEAU JARNAN FLORENCE', '2020-12-02 00:00:00', 3617),
('TERMINALE', 'Histoire géographie', 'Vérification des connaissances après le cours sur de Gaulle et la France libre et le documentaire De Gaulle, histoire d\'un géant jusqu\'à la minute 48 : https://youtu.be/orJKQEsJQRU\n', 'de gaulle ; france libre ; terminales technologiques ; sujet d\'étude', 'le-blanc', '2020-12-02 00:00:00', 3616),
('1ERE', 'Sciences', 'QCM sur quelques propriétés de la maille de certains cristaux et sur la variation de la puissance solaire ( angle d\'incidence, course du soleil)', 'critaux puissance solaire', 'Vincent Beysselance', '2020-12-02 00:00:00', 3615),
('TERMINALE', 'Physique chimie', 'Contrôle de connaissances sur les expressions, l\'influence des paramètres ', 'interférence, diffraction.', 'Jessica Babot', '2020-12-02 00:00:00', 3614),
('3EME', 'Français', 'questions sur types de phrases, propositions, etc.', 'Révisions sur la phrase', 'CAILLE', '2020-12-02 00:00:00', 3613),
('2NDE', 'Sciences numériques et technologie  ', 'Une activité d\'évaluation ', 'WEB,URL,SERVER', 'guermouchee', '2020-12-02 00:00:00', 3612),
('2NDE', 'Mathématiques', 'Après une première diapo de présentation de cours, diapositives à difficulté croissante sur la résolution graphique d\'équations du second degré.', 'Résolution graphique d\'équations du second degré', 'Rv LPA Sabres', '2020-12-02 00:00:00', 3611),
('TERMINALE', 'Sciences économiques et sociales', 'Première partie du chapitre Quelle action Publique pour l\'environnement?', 'Action Publique', 's.caron', '2020-12-02 00:00:00', 3610),
('6EME', 'Français', 'questionnaire sur le radical, le suffixe, le préfixe \nréponse à choix unique ', 'formation des mots', 'cmaurin@ac-versailles.fr', '2020-12-01 00:00:00', 3609),
('2NDE', 'Physique chimie', 'QCM formatif sur les solutions aqueuses en 2nde avec réponses immédiates et commentaires.', 'Solution aqueuse ; Dissolution ; Dilution ; concentration en masse', 'Prévot Christine', '2020-12-01 00:00:00', 3608),
('2NDE', 'Droit', 'droit', 'les sources du droit', 'delphine.austruy', '2020-12-01 00:00:00', 3607),
('3EME', 'Sciences de la vie et de la terre', 'réponses immunitaires', 'immunologie, réponse immunitaire', 'Marion KNIBBE', '2020-12-01 00:00:00', 3606),
('2NDE', 'Education physique et sportive', 'QCM relatif au vocabulaire du matériel utilisé en escalade et à l\'encordement', 'Matériel et encordement escalade', 'Claire FERREIRA', '2020-12-01 00:00:00', 3605),
('2NDE', 'Education physique et sportive', 'QCM relatif au règlement en badminton', 'Règlement Badminton', 'Claire FERREIRA', '2020-12-01 00:00:00', 3604),
('1ERE', 'Numérique et sciences informatiques', '20 questions sur Algèbre de Boole et logique : table de vérités, symboles, expressions logiques', 'Algèbre de Boole, logique', 'Tantely Rahobisoa', '2020-12-01 00:00:00', 3603),
('TERMINALE', 'Santé & social', 'Bilan sur le financement du système de santé', 'financement; système de santé; économie de la santé', 'fgontard', '2020-11-30 00:00:00', 3602),
('TERMINALE', 'Allemand', 'Découvrir l\'histoire des Allemands de la Volga. CE et civilisation. Lexique. ', 'Russlanddeutsche. Wolgarepublik. ', 'Broussisa', '2020-11-30 00:00:00', 3601),
('1ERE', 'Mathématiques', 'calcul de fonctions dérivées', 'Dérivées', 'Brouillard', '2020-11-29 00:00:00', 3600),
('5EME', 'Français', 'Le QCM distingue CO et attribut', 'attribut du sujet', 'granath', '2020-11-29 00:00:00', 3599),
('4EME', 'Education physique et sportive', 'wouah wouah', 'Volley ball Lumni lapins crétins', 'BERAL M', '2020-11-29 00:00:00', 3598),
('5EME', 'Sciences de la vie et de la terre', 'révision sur la respiration humaine', 'respiration', 'beabj', '2020-11-29 00:00:00', 3597),
('1ERE', 'Mathématiques', 'Après la première diapo de cours sur le discriminant et les racines, résolution graphiques et numériques d\'équations polynomiales du second degré', 'Discriminant Racines Polynôme second degré Equation', 'Rv LPA Sabres', '2020-11-29 00:00:00', 3596),
('BTS1', 'Sciences de l\'ingénieur', 'modélisation  et association de liaison', 'modélisation', 'teisseyre', '2020-11-29 00:00:00', 3595),
('BTS1', 'Sciences de l\'ingénieur', 'Modélisation des Liaisons Cinématiques\nAssociation de liaisons', 'Modélisation Liaisons Cinématiques', 'Teisseyre', '2020-11-29 00:00:00', 3594),
('3EME', 'Mathématiques', 'QCM sur les rotations au collège', 'rotation, transformations', 'CM', '2020-11-29 00:00:00', 3592),
('3EME', 'Mathématiques', 'Factoriser et développer', 'Expressions littérales', 'Rolla Mouabbi', '2020-11-28 00:00:00', 3591),
('TERMINALE', 'Philosophie', 'Analyse, synthèse et commentaire sur un texte de Kant portant sur l\'éducation. ', 'analyse, synthèse et commentaire sur un texte de Kant', 'Laurent Awono', '2020-11-28 00:00:00', 3590),
('TERMINALE', 'Philosophie', 'Notion du programme : la nature.\nUn questionnaire qui vise à mettre (autant que possible dans le cadre étriqué d\'un QCM) les élèves en situation de recherche, via des liens internet à consulter, et qui tâche de proposer certains rappels méthodologiques basiques.', 'Nature', 'Richard', '2020-11-28 00:00:00', 3589),
('1ERE', 'Sciences de la vie et de la terre', '25 questions pour réviser ou pour évaluer.', 'thème 2 chapitre 1. Dynamique des écosystèmes', 'Roseline SEGGAR', '2020-11-28 00:00:00', 3588),
('TERMINALE', 'Biotechnologie', 'programme BPH TST2S', 'ADN, transcription, traduction', 'geraldine.bugarin', '2020-11-28 00:00:00', 3587),
('5EME', 'Physique chimie', 'utiliser l\'ampèremètre (multimètre, série, sens, bornes, calibre, unité, position).', 'ampèremètre', 'DELATTRE', '2020-11-28 00:00:00', 3586),
('TERMINALE', 'Philosophie', 'analyse- synthèse et commentaire du texte de Locke ', 'Explication de texte ', 'Laurent Awono', '2020-11-27 00:00:00', 3585),
('4EME', 'Anglais', 'Découverte du schéma accentuel oO, Oo, oOo, Ooo, des syllabes accentuées.', 'schéma accentuel, accent, syllabe, syllabe accentuée, prononciation, phonétique, ', 'Olivier CASSAN', '2020-11-27 00:00:00', 3584),
('2NDE', 'Physique chimie', 'Quelques questions de vérification d\'appropriation des connaissances calculatoires pour dissolution / dilution et du facteur de dilution', 'Solution aqueuse - Concentration en masse', 'Stéphane Gentilhomme', '2020-11-27 00:00:00', 3583),
('BTS1', 'Espagnol', 'CO', 'CO Vidéo Muebles LUFE el Ikea Vasco', 'Syde', '2020-11-27 00:00:00', 3582),
('2NDE', 'Espagnol', 'Voc', 'Vocabulario Deporte y Sociedad', 'Syde', '2020-11-27 00:00:00', 3581),
('1ERE', 'Sciences de la vie et de la terre', 'Roches, minéraux et cristaux.', 'Roche, cristal, cristaux, minéral, minéraux', 'Marc Biancheri', '2020-11-27 00:00:00', 3579),
('2NDE', 'Sciences de la vie et de la terre', 'Des questions pour tester les connaissances sur la structure de la molécule d\'ADN.', 'ADN, structure, nucléotide, base azotée, désoxyribose, phosphate, acide phosphorique', 'Marc Biancheri', '2020-11-27 00:00:00', 3578),
('4EME', 'Français', 'Venus d\'Ille - controle de lecture - 1ere moitié de la nouvelle', 'venus merimée', 'FAGES', '2020-11-27 00:00:00', 3577),
('3EME', 'Français', 'questions sur la conjugaison', 'modes, temps', 'CAILLE', '2020-11-26 00:00:00', 3576),
('4EME', 'Allemand', 'Un entrainement à la conjugaison au présent de l\'indicatif (auxiliaires, verbes faibles et verbes forts)', 'conjugaison présent', 'SaintGer50', '2020-11-26 00:00:00', 3575),
('5EME', 'Français', 'classes grammaticales', 'Révisions classes grammaticales', 'caille', '2020-11-26 00:00:00', 3574),
('4EME', 'Histoire géographie', 'QCM de connaissances générales. ', 'QCM sur la vidéo des lumières', 'simon guerin', '2020-11-26 00:00:00', 3573),
('4EME', 'Histoire géographie', 'QCM en lien avec la vidéo \"Mers et océans, un monde maritimisé\" sur la chaîne La Classe d\'histoire', 'mer, océan, maritimisation', 'Meyer', '2020-11-25 00:00:00', 3572),
('3EME', 'Technologie', 'Comprendre le fonctionnement du réseau informatique ', 'Réseau informatique du collège', 'zourdani  slimane', '2020-11-25 00:00:00', 3571),
('TERMINALE', 'Education physique et sportive', 'qcm autour des 3 mobiles de la course en durée: puissance aerobie, capacité aérobie et endurance fondamentale.', 'course de durée', 'halim Abdelghani', '2020-11-25 00:00:00', 3570),
('1ERE', 'Génie industriel', 'Sélectionner la bonne section normée', 'Sections', 'delphine.bestion', '2020-11-25 00:00:00', 3569),
('4EME', 'Français', 'QCM sur l\'oeuvre', 'Le Horla, Maupassant, fantastique', 'Lojan', '2020-11-25 00:00:00', 3568),
('3EME', 'Enseignement moral et civique', 'Petit test', 'Droits des Habitants en France', 'HGIL', '2020-11-25 00:00:00', 3567),
('1ERE', 'Physique chimie', 'champ de gravitation, champ électrostatique\ninteractions gravitationnelle et électrostatique', 'champ  interaction electrostatique gravitation', 'Germain', '2020-11-25 00:00:00', 3566),
('TERMINALE', 'Sciences économiques et sociales', 'STMG Les politiques de l\'Europe', 'Politique Europe', 'soltner', '2020-11-25 00:00:00', 3565),
('2NDE', 'Histoire géographie', 'Questions sur l\'Europe', 'Union Européenne', 'Pascale Bravo', '2020-11-25 00:00:00', 3564),
('1ERE', 'Allemand', '40 items. CE et lexique.', 'Kinderrechte Kinderarbeit ', 'Brousse', '2020-11-24 00:00:00', 3563),
('2NDE', 'Mathématiques', 'moyen', 'fonctions-equations- inéquations', 'Hala Marshi', '2020-11-24 00:00:00', 3562),
('2NDE', 'Physique chimie', '17 questions sur la préparation de solutions, le matériel utilisé et les calculs de concentration.', 'dissolution,dilution,concentration,verrerie', 'BOURHIS', '2020-11-24 00:00:00', 3561),
('TERMINALE', 'Génie industriel', 'QCM Partie 1 : Sécurité', 'Tester - vous !', 'said.zakaria1', '2020-11-24 00:00:00', 3560),
('2NDE', 'Mathématiques', 'questions et équations avec valeur absolue, ensembles de nombres, fonctions trigonométriques', 'nombres,valeur absolue,trigonométrie', 'boulangeric', '2020-11-24 00:00:00', 3559),
('3EME', 'Histoire géographie', 'URSS Staline', 'Totalitarisme Staline', 'haon', '2020-11-24 00:00:00', 3558),
('2NDE', 'Allemand', 'histoire géographie', 'Fakten über Deutschland', 'alain.christophe2', '2020-11-24 00:00:00', 3557),
('2NDE', 'Histoire géographie', 'La Renaissance: une période d\'effervescence.', 'Renaissance', 'M.V', '2020-11-24 00:00:00', 3556),
('6EME', 'Français', 'QCM lecture', 'île du crâne', 'lafon', '2020-11-24 00:00:00', 3555),
('6EME', 'Français', 'QCM lecture', 'le bus 666', 'lafon', '2020-11-24 00:00:00', 3554),
('TERMINALE', 'Education physique et sportive', 'QCM sur le règlement ', 'Tennis de table ', 'Yohann DESBLE', '2020-11-23 00:00:00', 3553),
('1ERE', 'Mathématiques', 'Après une diapo récapitulative des différentes dérivées sous forme algébrique, cinq questions sur la forme des dérivées  de fonctions constante, linéaire, affine, polynomiales.', 'Dérivée Tableau Fonction constante, linéaire, affine, polynomiales.', 'Rv LPA Sabres', '2020-11-23 00:00:00', 3552),
('1ERE', 'Mathématiques', ' 	Après une première diapo de révision de cours,  quatre questions de base pour l\'introduction à la dérivée. ', 'Dérivée Tangente Coefficient directeur Variation de fonction Extremum', 'Rv LPA Sabres', '2020-11-23 00:00:00', 3551),
('2NDE', 'Mathématiques', 'Evaluation diagnostique', 'Fréquences/ Probabilités', 'germina.platel', '2020-11-23 00:00:00', 3550),
('TERMINALE', 'Allemand', 'compréhension de l\'écrit sujet bac; textes \"von Madrid nach Chemnitz\" et \"als Arbeitskraft willkommen : vietnamesische Vertragsarbeiter in der DDR\"', 'compréhension de l\'écrit sujet bac 2014 / L V2 séries L / ES / S / axe \"identités et échanges\" ', 'Michèle HOENEN', '2020-11-23 00:00:00', 3549),
('4EME', 'Français', 'Contrôle de lecture Acte I', 'Le Cid', 'Pauline Aupied', '2020-11-22 00:00:00', 3548),
('1ERE', 'Technologie', '2 Petits exercices de calculs de longueur développée (pliage et roulage) pour familiariser l\'élève au rendu sur Pronote.', 'Pliage, Roulage, Longueur développée, Perte au pli,', 'Christophe TOMCZAK', '2020-11-22 00:00:00', 3547),
('1ERE', 'Français', 'test', 'subordonnées', 'penalva', '2020-11-22 00:00:00', 3546),
('TERMINALE', 'Physique chimie', 'Ancien programme dualité onde corpuscule', 'dualité onde corspuscule ancien programme', 'barbara tavan', '2020-11-22 00:00:00', 3545),
('6EME', 'Anglais', 'Répondre aux questions sur l\'heure (classique)', 'time; what time is it', 'Barbara Seelig', '2020-11-22 00:00:00', 3544),
('4EME', 'Allemand', 'Exprimer la cause en utilisant \"weil\", \"denn\", \"deshalb\" et \"deswegen\". ', 'la cause, le vocabulaire du chapitre \"Sport verbindet\" (Fantastisch 3e année)', 'Antje Chevalaz', '2020-11-22 00:00:00', 3543),
('6EME', 'Allemand', 'Conjuguer quelques verbes faibles (vocabulaire des activités extra-scolaires) et le verbe \"sein\"', 'Conjugaison au présent (3 premières personnes du singulier) ', 'Antje Chevalaz', '2020-11-22 00:00:00', 3542),
('5EME', 'Histoire géographie', '27 questions sur l\'Islam (sa naissance, les pratiques religieuse, la civilisation musulmane) ', 'Islam - Mahomet - Piliers - Mosquée', 'Camelot Pascal', '2020-11-22 00:00:00', 3541),
('2NDE', 'Allemand', 'Allemand de voyage - 20. Expressions de la vie courante', 'Allemand de voyage - 20. Expressions de la vie courante', 'aren', '2020-11-21 00:00:00', 3540),
('2NDE', 'Allemand', 'Allemand de voyage - 19. L\'hygiène et la santé', 'Allemand de voyage - 19. L\'hygiène et la santé', 'aren', '2020-11-21 00:00:00', 3539),
('2NDE', 'Allemand', 'Allemand de voyage - 18. L\'alimentation', 'Allemand de voyage - 18. L\'alimentation', 'aren', '2020-11-21 00:00:00', 3538),
('2NDE', 'Allemand', 'Allemand de voyage - 17. Faire des projets', 'Allemand de voyage - 17. Faire des projets', 'aren', '2020-11-21 00:00:00', 3537),
('2NDE', 'Allemand', 'Allemand de voyage - 16. Entretenir une conversation', 'Allemand de voyage - 16. Entretenir une conversation', 'aren', '2020-11-21 00:00:00', 3536),
('2NDE', 'Allemand', 'Allemand de voyage - 15. Exprimer son avis, ses impressions', 'Allemand de voyage - 15. Exprimer son avis, ses impressions', 'aren', '2020-11-21 00:00:00', 3535),
('2NDE', 'Allemand', 'Allemand de voyage - 14. Parler de soi', 'Allemand de voyage - 14. Parler de soi', 'aren', '2020-11-21 00:00:00', 3534),
('2NDE', 'Allemand', 'Allemand de voyage - 13. Faire des rencontres', 'Allemand de voyage - 13. Faire des rencontres', 'aren', '2020-11-21 00:00:00', 3533),
('2NDE', 'Allemand', 'Allemand de voyage - 12. Formules usuelles', 'Allemand de voyage - 12. Formules usuelles', 'aren', '2020-11-21 00:00:00', 3532),
('2NDE', 'Allemand', 'Allemand de voyage - 11. Les sorties', 'Allemand de voyage - 11. Les sorties', 'aren', '2020-11-21 00:00:00', 3531),
('2NDE', 'Allemand', 'Allemand de voyage - 10. Les loisirs', 'Allemand de voyage - 10. Les loisirs', 'aren', '2020-11-21 00:00:00', 3530),
('2NDE', 'Allemand', 'Allemand de voyage - 09. Faire une réclamation', 'Allemand de voyage - 09. Faire une réclamation', 'aren', '2020-11-21 00:00:00', 3529),
('2NDE', 'Allemand', 'Allemand de voyage - 08. Demander de l\'aide', 'Allemand de voyage - 08. Demander de l\'aide', 'aren', '2020-11-21 00:00:00', 3528),
('2NDE', 'Allemand', 'Allemand de voyage - 07. Demander conseil', 'Allemand de voyage - 07. Demander conseil', 'aren', '2020-11-21 00:00:00', 3527),
('2NDE', 'Allemand', 'Allemand de voyage - 06. Faire des achats', 'Allemand de voyage - 06. Faire des achats', 'aren', '2020-11-21 00:00:00', 3526),
('2NDE', 'Allemand', 'Allemand de voyage - 05. Demander des renseignements', 'Allemand de voyage - 05. Demander des renseignements', 'aren', '2020-11-21 00:00:00', 3525),
('2NDE', 'Allemand', 'Allemand de voyage - 04. La nourriture', 'Allemand de voyage - 04. La nourriture', 'aren', '2020-11-21 00:00:00', 3524),
('2NDE', 'Allemand', 'Allemand de voyage - 03. Trouver son chemin', 'Allemand de voyage - 03. Trouver son chemin', 'aren', '2020-11-21 00:00:00', 3523),
('2NDE', 'Allemand', 'Allemand de voyage - 02. Les déplacements', 'Allemand de voyage - 02. Les déplacements', 'aren', '2020-11-21 00:00:00', 3522),
('2NDE', 'Allemand', 'Allemand de voyage - 01. L\'hébergement', 'Allemand de voyage - 01. L\'hébergement', 'aren', '2020-11-21 00:00:00', 3521),
('5EME', 'Mathématiques', 'fractions égales et généralités', 'fractions', 'Rolla Mouabbi', '2020-11-21 00:00:00', 3520),
('2NDE', 'Mathématiques', 'Calcul d\'images et d\'antécédents ', 'fonctions, images , antécédents', 'Garcia Catherine', '2020-11-21 00:00:00', 3518),
('3EME', 'Français', 'test de compréhension d\'Eldorado, de Gaudé', 'test de lecture', 'C Spéry', '2020-11-21 00:00:00', 3517),
('2NDE', 'Histoire géographie', '10 questions à choix unique', 'conquête Amérique', 'Clément Tisseyre', '2020-11-21 00:00:00', 3516),
('2NDE', 'Histoire géographie', '10 questions à choix unique', 'ouverture atlantique', 'Clément Tisseyre', '2020-11-21 00:00:00', 3515),
('1ERE', 'Français', 'Figures de style', 'Révisions figures de style à partir de citations des Fleurs du Mal', 'Rohrbach', '2020-11-21 00:00:00', 3514),
('1ERE', 'Français', 'Quelques question sur le recueil ', 'Fleurs du Mal- Petit bilan de séquence', 'Rohrbach', '2020-11-21 00:00:00', 3513),
('2NDE', 'Mathématiques', 'QCM simple', 'distance, milieu, parallélogramme, cercle', 'JOLY', '2020-11-21 00:00:00', 3512),
('5EME', 'Sciences de la vie et de la terre', 'Phénomènes climatiques, météorologiques ', 'Phénomènes climatiques, météorologiques ', 'Maniere', '2020-11-21 00:00:00', 3511),
('1ERE', 'Biotechnologie', 'anatomie système nerveux', 'biologie humaine anatomie système nerveux', 'DPayssan', '2020-11-21 00:00:00', 3510),
('BTS2', 'Espagnol', 'Compréhension Orale ', 'CO vídeo Herbolario Navarro', 'Syde', '2020-11-21 00:00:00', 3509),
('TERMINALE', 'Activités non spécialisées', 'Fiche d\'orientation de Terminale', 'Orientation Terminale', 'Cécile Locatelli', '2020-11-20 00:00:00', 3508),
('TERMINALE', 'Communication', 'infosup virtuel', 'infosup virtuel', 'BBerge-Turpin', '2020-11-20 00:00:00', 3507),
('6EME', 'Education musicale', 'QCM sur les différents orchestres', 'Instruments', 'COMMUN', '2020-11-20 00:00:00', 3506),
('TERMINALE', 'Sciences de la vie et de la terre', 'distinction entre météo/climat pour l\'enseignement scientifique', 'météo climat', 'dromal', '2020-11-20 00:00:00', 3505),
('2NDE', 'Anglais', 'qcm elections présidentielles aux USA 2020', 'elections, electoral college, first lady', 'Claire Chakaï', '2020-11-20 00:00:00', 3504),
('2NDE', 'Français', 'questionnaire biographique sur Racine\nquestionnaire de lecture', 'Racine; Britannicus', 'Christelle Gény', '2020-11-20 00:00:00', 3503),
('TERMINALE', 'Anglais', 'un QCM sur New Orleans après écoute d\'une video de VOA', ' New Orleans , Hurricane Katrina', 'Claire Ducommun', '2020-11-19 00:00:00', 3502),
('TERMINALE', 'Anglais', 'un QCM sur le Chinese Immigration Act qui complète une video du manuel Hit the Road Magnard Terminale', 'immigration , USA', 'Claire Ducommun', '2020-11-19 00:00:00', 3501),
('1ERE', 'Histoire géographie', 'hggsp', 'démocratie spécialité hggsp', 'fabrice', '2020-11-19 00:00:00', 3500),
('3EME', 'Histoire géographie', 'Ce QCM porte sur le chapitre \"l\'Europe entre démocraties et régimes totalitaires durant les années 1930\".', 'régimes totalitaires années 1930 France', 'JOHL', '2020-11-19 00:00:00', 3499),
('TERMINALE', 'Physique chimie', 'Thème 2 - Partie 2.1 : Deux siècles d\'énergie électrique', 'Enseignement Scientifique Alternateur Spectre de raies Théorie des bandes Conducteur Semi-conducteur électrovolt Cellule photovoltaïque', 'Helene Bellego', '2020-11-19 00:00:00', 3498),
('6EME', 'Education musicale', 'Travail autour des paramètres du son et différentes notions autour de l\'extrait \"Dans la hall du roi de la montagne\" de Grieg', 'orchestre symphonique , thème , paramètres du son', 'vimeux', '2020-11-19 00:00:00', 3497),
('4EME', 'Sciences de la vie et de la terre', 'QCM sur les risques sismiques', 'Séisme', 'LESUEUR', '2020-11-18 00:00:00', 3496),
('2NDE', 'Anglais', 'Petit quiz sur les élections à partir de docs traités en classe ', 'US ELECTIONS 2020', 'Emma DAVIES ', '2020-11-18 00:00:00', 3495),
('6EME', 'Mathématiques', 'Vocabulaire et notation de base sur les points, segments, demi-droite et droite. Programme de construction.', 'géométrie parallèles perpendiculaires sécantes', 'collin', '2020-11-18 00:00:00', 3494),
('2NDE', 'Physique chimie', 'Test sur la mole et la concentration en fin de chapitre', 'Mole et concentration', 'Neaud', '2020-11-18 00:00:00', 3493),
('6EME', 'Education physique et sportive', 'Les nouvelles pratiques sportives qui sortent des stades', 'Les sports extrêmes', 'Baffert', '2020-11-18 00:00:00', 3492),
('6EME', 'Education physique et sportive', 'Quelques question sur la préparation physique', 'La préparation physique', 'Baffert', '2020-11-18 00:00:00', 3491),
('6EME', 'Education physique et sportive', 'Gestion de son effort', 'L\'hydratation et l\'effort sportif', 'Baffert', '2020-11-18 00:00:00', 3490),
('6EME', 'Education physique et sportive', 'Caractéristiques des stades du monde', 'Architecture/histoire des stades', 'Baffert', '2020-11-18 00:00:00', 3489),
('3EME', 'Français', 'Analyse de classes grammaticales', 'Révisions classes grammaticales', 'CAILLE', '2020-11-18 00:00:00', 3488),
('TERMINALE', 'Management', '10 Questions issues des livres de terminale thème 1, question 1.5 du programme de MSGN', 'le fonctionnement cohérent des organisation MSGN ', 'Marie Grossi', '2020-11-18 00:00:00', 3487),
('2NDE', 'Français', 'questionnaire de lecture sur la nouvelle \"la Dot\"', 'QCM, Maupassant, nouvelle, La Dot', 'Beuzit', '2020-11-18 00:00:00', 3486),
('1ERE', 'Français', 'Questions sur les Fleurs du Mal', 'Baudelaire', 'Dubeaux', '2020-11-17 00:00:00', 3485),
('1ERE', 'Sciences de l\'ingénieur', 'vecteurs, produits scalaires et vectoriel', 'vecteurs, produits scalaires et vectoriel', 'lehingue.christian@lfm.edu.mx', '2020-11-17 00:00:00', 3484),
('2NDE', 'Physique chimie', '2nde bac pro\n', 'Réfraction et réflexion ', 'SarahB', '2020-11-17 00:00:00', 3483),
('3EME', 'Anglais', 'Choisir entre BV, BV-ING et TO + BV selon ce qui précède. 3 règles: 1) want/would like/would love/would hate, 2) les verbes d\'appréciation, de goût (like, hate, prefer, resent), 3) les prépositions (derrière adjectifs, noms, verbes, at, without, in, of, etc.). QCM formatif et sommatif.', 'base verbale, gérondif, to, infinitif, infinitif sans to, infinitif complet, préposition, want, would like, goût, appréciation, déclencheur, ing,', 'Olivier CASSAN', '2020-11-17 00:00:00', 3482),
('6EME', 'Education musicale', 'Travail sur les paramètres du son et différentes notions musicales à partir de l\'extrait \"Dans la hall du roi de la montagne \" de Grieg', 'orchestre symphonique , thème , paramètres du son', 'Pascale Vimeux', '2020-11-17 00:00:00', 3481),
('5EME', 'Education physique et sportive', 'Vocabulaire spécifique et manœuvres simples ', 'Voile', 'Dorine73', '2020-11-17 00:00:00', 3480),
('1ERE', 'Français', 'exercice d\'application ', 'suborbordonnées', 'penalva ', '2020-11-17 00:00:00', 3479),
('3EME', 'Anglais', 'Proverbes', 'proverbes, proverbs', 'Olivier CASSAN', '2020-11-17 00:00:00', 3478),
('1ERE', 'Physique chimie', 'Description d\'un fluide au repos, calcul de pression', 'pression, fluide au repos, loi fondamentale de la dynamique', 'Bailly', '2020-11-17 00:00:00', 3477),
('5EME', 'Technologie', 'questionnaire permettant de voir ce que les élèves ont compris du fonctionnement d\'un réseau d\'ordinateurs.', 'réseau - informatique', 'SCHIHIN', '2020-11-16 00:00:00', 3476),
('1ERE', 'Physique chimie', 'Equilibrer des demi-équations d\'oxydo-réduction\nCombiner des demi-équations d\'oxydo-réduction ', 'oxydo-réduction', 'Fulcrand', '2020-11-16 00:00:00', 3475),
('1ERE', 'Numérique et sciences informatiques', 'Du pseudo-langage au langage. L\'élève doit écrire  l\'instruction en langage python à partir d\'un commentaire. (révision des notions de base: déclaration d\'une variable, affectation, entrée, sortie et bien d\'autres)', 'Instruction python', 'Fulcrand', '2020-11-16 00:00:00', 3474),
('2NDE', 'Sciences numériques et technologie  ', 'if elif else', 'instruction conditionnelle', 'Fulcrand', '2020-11-16 00:00:00', 3473),
('2NDE', 'Sciences numériques et technologie  ', 'variable (int, float,str et bool) , type et opération', 'variable', 'Fulcrand', '2020-11-16 00:00:00', 3472),
('2NDE', 'Physique chimie', 'Vecteur position , vecteur vitesse, python', 'mécanique, mouvement', 'Fulcrand', '2020-11-16 00:00:00', 3471),
('2NDE', 'Physique chimie', 'Modélisation d\'une force sur un système : représentation d\'une force par un vecteur, quelques forces (dont le poids et la force gravitationnelle) diagramme interaction-objet', 'Mécanique, force', 'Fulcrand', '2020-11-16 00:00:00', 3470),
('3EME', 'Sciences de la vie et de la terre', 'dynamique des enveloppes externes et risques, ressources énergétiques, évaluation par compétences', 'ressources énergétiques, risque, vent, courant marin, aléa, enjeux, inondation, énergie renouvelable, énergie fossile', 'TARVI', '2020-11-16 00:00:00', 3469),
('TERMINALE', 'Physique chimie', 'Tout sur l\'aspect chimique des piles et accumulateurs', 'Pile ; accumulateur ; oxydo-réduction ; capacité', 'ahindelang', '2020-11-16 00:00:00', 3468),
('TERMINALE', 'Sciences de la vie et de la terre', 'Evaluation diagnostique Spécialité SVT plantes productrices de MO ', 'Diagnostique spé Plante productrice de MO', 'Nathan SCHLUMBERGER ', '2020-11-16 00:00:00', 3467),
('1ERE', 'Sciences de l\'ingénieur', 'Associer le schéma d\'une liaison à son nom ou ses degrés de liberté', 'liaison', 'Heather.bonny-duggan', '2020-11-16 00:00:00', 3466),
('1ERE', 'Biotechnologie', 'Questions à choix unique ou multiple Acteurs de prévention', 'acteurs,prévention', 'levallois marie', '2020-11-16 00:00:00', 3465),
('3EME', 'Anglais', 'Contrôle de connaissances Teen Time 3ème unit 2', 'comics, prétérit', 'CD_AF', '2020-11-16 00:00:00', 3464),
('1ERE', 'Sciences de la vie et de la terre', 'niveau 1ère spécialité SVT', 'Mutations ; transcription ; traduction', 'Flo71100', '2020-11-16 00:00:00', 3463),
('1ERE', 'Allemand', 'CE 30 phrases, 30 items. UNE seule réponse. Ex sur lexique ET syntaxe + rappel d\'autres points de grammaire.', 'Reisen Flug Bahn ', 'Broussisa', '2020-11-16 00:00:00', 3462),
('2NDE', 'Sciences économiques et sociales', 'QCM sur la production en seconde', 'production valeur ajoutée marchande non marchande', 'Prof de SES', '2020-11-16 00:00:00', 3461),
('2NDE', 'Anglais', 'a quiz on selfies ', 'selfies', 'CCM', '2020-11-16 00:00:00', 3460),
('1ERE', 'Marketing', 'un QCM en 10 questions à choix multiple basé sur le chapitre 1 du manuel Nathan \"Prospecter et valoriser l\'offre commerciale - option B vente 2020', 'Le SIC, Vente ', 'OTTO', '2020-11-15 00:00:00', 3459),
('1ERE', 'Physique chimie', 'théorie ondulatoire et corpusculaire de la lumière', '1 spé physique chimie', 'CHATONNIER', '2020-11-15 00:00:00', 3458),
('1ERE', 'Français', 'Contrôle de lecture de La Princesse de Clèves', 'lecture, princesse de clèves', 'FREIJA', '2020-11-15 00:00:00', 3457),
('1ERE', 'Français', 'Contrôle de grammaire très simple pour réviser la leçon sur les phrases et les propositions', 'grammaire, phrases, propositions', 'FREIJA', '2020-11-15 00:00:00', 3456),
('TERMINALE', 'Activités non spécialisées', 'Permet de vérifier si les élèves ont pu aller sur le salon virtuel d\'INFOSUP 2020', 'Orientation INFOSUP virtuel', 'Stéphane Haon', '2020-11-15 00:00:00', 3455),
('TERMINALE', 'Anglais', 'Invictus Games ', 'Diversity', 'Aurore PENNACINO', '2020-11-15 00:00:00', 3454),
('5EME', 'Physique chimie', '5 questions fléchées en compétences sur le mouvement, référentiel, vitesse (thème 1 -  module 4)', 'mouvements, référentiel, vitesse', 'arnaud.bonnot', '2020-11-15 00:00:00', 3453),
('1ERE', 'Physique chimie', 'Evaluation de fin de chapitre.', 'Forme;Terre;latitude;longitude;meridien', 'G.CUNY', '2020-11-14 00:00:00', 3450),
('5EME', 'Français', 'Apprendre à reconnaître un paragraphe argumenté', 'Paragraphe, arguments', 'M. Buys', '2020-11-14 00:00:00', 3449),
('TERMINALE', 'Histoire géographie', 'QCM sur le chapitre 2 de Mers et océans', 'mers et océans protection appropriation liberté de circulation', 'stephanie.martin1', '2020-11-14 00:00:00', 3448),
('TERMINALE', 'Education physique et sportive', 'Règlement en badminton', 'Règles badminton', 'Kerangueven', '2020-11-14 00:00:00', 3447),
('TERMINALE', 'Allemand', '36 items. Lexique Wegziehen. Ausländer, neuer Anfang.', 'So fern, so nah. CE 36 items. Auswandern. Heimweh.', 'broussisa', '2020-11-14 00:00:00', 3445),
('1ERE', 'Sciences de l\'ingénieur', 'Déterminer le sens du vecteur moment.', 'Moment', 'Franck DONNADIEU', '2020-11-13 00:00:00', 3444),
('1ERE', 'Sciences de l\'ingénieur', 'A partir d\'un symbole de liaison,, déterminer le torseur des actions mécaniques transmissibles. C\'est une base, tous les QCM sont alors envisageables', 'Torseur', 'Franck DONNADIEU', '2020-11-13 00:00:00', 3443),
('1ERE', 'Sciences de la vie et de la terre', 'spécialité SVT réplication mutation', 'réplication pcr mutation', 'vfreytag', '2020-11-13 00:00:00', 3442),
('TERMINALE', 'Philosophie', 'à partir du texte de Descartes sur le langage, associer des concepts qui logiquement vont ensemble. ', 'Association de concepts ', 'Laurent Awono', '2020-11-13 00:00:00', 3441),
('TERMINALE', 'Philosophie', 'recherche de concepts à partir d\'un sujet de philosophie ', ' recherche de concepts ', 'laurent Awono', '2020-11-13 00:00:00', 3440),
('CAP1', 'Physique chimie', 'Optique - Comment améliorer sa vision', 'Optique', 'segui', '2020-11-13 00:00:00', 3439),
('BTS1', 'Anglais', 'Expression du contraste, de l\'opposition (whereas, while, unlike, different from, not the same as, on the contrary, conversely, unequal, not on an equal footing, etc.)', 'contraste, opposition, whereas, while, same, different from, contrary, unike', 'Olivier CASSAN', '2020-11-13 00:00:00', 3438),
('4EME', 'Histoire géographie', 'essai', 'Les Lumières', 'JOURDIN', '2020-11-13 00:00:00', 3437),
('4EME', 'Anglais', 'Comparatif de supériorité, adjectifs courts (1 et 2 syllabes) et quelques expressions comprenant des comparatifs. Adverbes devant les comparatifs (a lot, much, far, way, slightly, a little, even...)', 'comparatif, supériorité, adjectifs, courts, plus, que, beaucoup plus que', 'Olivier CASSAN', '2020-11-13 00:00:00', 3436),
('4EME', 'Latin', 'imparfait de l\'indicatif', 'imparfait indicatif VA', 'LACROIX', '2020-11-13 00:00:00', 3435),
('TERMINALE', 'Espagnol', 'Vocabulario', 'igualdad mujeres', 'AnaB', '2020-11-13 00:00:00', 3434),
('1ERE', 'Physique chimie', 'QCM sur la cristallographie (maille cubique, multiplicité, compacité, masse volumique) associées à des capsules vidéo (si besoin des élèves).  1ère enseignement scientifique', 'enseignement scientifique, cristallographie, cristaux, maille, compacité, cristal, paramètre de maille, constituant, cubique', 'physique-chimie', '2020-11-12 00:00:00', 3433),
('1ERE', 'Génie électrique', 'Sur les lois et formules de bases en électricité', 'électricité energie formule électrique tension intensité puissance', 'William Désiré', '2020-11-12 00:00:00', 3432),
('1ERE', 'Français', '6 questions de contrôle de lecture & compréhension sur Alcools.', 'Apollinaire ; poésie ; contrôle de lecture', 'FViguie', '2020-11-12 00:00:00', 3431),
('2NDE', 'Génie mécanique', 'Moteur Diesel', 'Descro Diesel', 'DUPONT', '2020-11-12 00:00:00', 3430),
('1ERE', 'Education physique et sportive', 'règlement / tactique badminton', 'badminton', 'pelletier', '2020-11-12 00:00:00', 3429),
('3EME', 'Education musicale', 'Un quizz sonore', 'Purple Haze', 'Françoise Bialet', '2020-11-12 00:00:00', 3428),
('TERMINALE', 'Santé & social', 'séquence 1', 'STSS', 'LESTRADE', '2020-11-12 00:00:00', 3427),
('6EME', 'Sciences', 'Découverte Scratch', 'Scratch', 'Tantely Rahobisoa', '2020-11-12 00:00:00', 3426),
('1ERE', 'Mathématiques', 'sur les coordonnées de vecteurs, à partir d\'un graphique et de points', 'coordonnées de vecteurs, bac pro', 'farod', '2020-11-11 00:00:00', 3425),
('1ERE', 'Physique chimie', 'test sur la partie construction de gammes à l\'aide du cycle des quintes', 'gammes ;octave; quinte', 'ROHAT Valérie', '2020-11-11 00:00:00', 3424),
('2NDE', 'Education physique et sportive', 'Voici un QCM sur les règles du handball', 'Handball', 'Laurent Votte', '2020-11-11 00:00:00', 3423),
('1ERE', 'Mathématiques', 'questions sur les notions sur les vecteurs', 'notions de vecteurs, bac pro', 'farod', '2020-11-11 00:00:00', 3422),
('2NDE', 'Physique chimie', '10 questions sur le chapitres les solutions aqueuses. concentration en masse dilution et utilisation de la verrerie ', 'concentration en masse - dilution', 'polchi', '2020-11-11 00:00:00', 3421),
('4EME', 'Français', 'QCM sur Boule de Suif: DM, DS avec ou sans l\'oeuvre à disposition selon le niveau', 'Boule de Suif, questions lecture, Maupassant', 'Lojan', '2020-11-11 00:00:00', 3420),
('2NDE', 'Technologie', 'Culture nautique en vue du passage du BI MER', 'Culture nautique', 'Philippe', '2020-11-11 00:00:00', 3419),
('2NDE', 'Technologie', 'Culture nautique pour passage du BI MER', 'Nautisme', 'Philippe', '2020-11-11 00:00:00', 3418),
('3EME', 'Anglais', 'Prépositions derrière 25 verbes courants. (listen to, wait for, talk about, depend on...). Questions à mélanger aléatoirement pour un DS.', 'prépositions, verbes à prépositions, verbes prépositionnels', 'Olivier CASSAN', '2020-11-11 00:00:00', 3417),
('TERMINALE', 'Physique chimie', 'Prérequis pour le cours de mécanique en terminale spé.\nÉnergie cinétique, potentielle et mécanique.\nTravail d\'une force constante.\n17 questions', 'énergie mécanique, travail d\'une force', 'jp mathieu', '2020-11-10 00:00:00', 3416),
('5EME', 'Mathématiques', 'ecriture fractionnaire, proportion et pourcentage', 'fraction proportion pourcentage', 'HAINAUT', '2020-11-10 00:00:00', 3415),
('TERMINALE', 'Physique chimie', 'Lunette astronomique en term SPE PC', 'lunette, optique', 'jacquier-roux', '2020-11-10 00:00:00', 3414),
('4EME', 'Anglais', 'have to au présent simple aux formes affirmative, négative et interrogative. + have got to et gotta. Révision conjugaison de have au présent aux 3 formes. Liens vers exercices interactifs d\'entraînement avant évaluation sommative.', 'have to, have got to, gotta, obligation, présent simple, forme affirmative, forme négative, forme interrogative, devoir, falloir', 'Olivier CASSAN', '2020-11-10 00:00:00', 3413),
('1ERE', 'Physique chimie', 'Soleil, source d\'énergie', 'Enseignement scientifique', 'Daphné Chesnais', '2020-11-10 00:00:00', 3412),
('1ERE', 'Métiers d\'art', 'La chaine graphique / Impression', 'Technologie des arts graphiques', 'LAMBOT', '2020-11-10 00:00:00', 3411),
('2NDE', 'Education physique et sportive', 'Voici un QCM sur le règlement du badminton', 'Badminton', 'Laurent Votte', '2020-11-10 00:00:00', 3410),
('2NDE', 'Education physique et sportive', 'Voici un QCM sur les règles simples du Volley-Ball', 'Volley-ball', 'Laurent Votte', '2020-11-10 00:00:00', 3409),
('5EME', 'Technologie', 'évaluation faite après exercices d\'entraînement en classe + leçon.', 'réseau - informatique', 'SCHIHIN', '2020-11-10 00:00:00', 3408),
('4EME', 'Anglais', 'obligation, have to, have got to, gotta au présent simple. Choisir have to ou has to. Liens vers des exercices interactifs d\'entraînement. Exercices de matching, d\'épellation, phrases à écrire, phrases à traduire. Travail sur \'falloir\'. Différence entre anglais britannique et anglais américain. Expression de la certitude.', 'obligation, have to, have got to, gotta, devoir, falloir, présent simple', 'Olivier CASSAN', '2020-11-10 00:00:00', 3407),
('1ERE', 'Allemand', 'Exercice lexical + syntaxe. + Civilisation : Feiertage, warum?', 'Der 11. November. Der 8. Mai. Freundschaft. Nie Wieder!', 'Broussisa', '2020-11-09 00:00:00', 3406),
('TERMINALE', 'Physique chimie', '8 questions-10 points', 'lunette astronomique', 'Piéplu', '2020-11-09 00:00:00', 3405),
('2NDE', 'Sciences de la vie et de la terre', 'Correction non détaillée', 'Micro-Organismes et Santé', 'Eva', '2020-11-09 00:00:00', 3404),
('3EME', 'Enseignement moral et civique', '40 questions sur la citoyenneté européenne (républiques, symboles, principes...) et européenne (symboles, droits...)', 'citoyenneté française - citoyenneté européenne', 'Camelot Pascal', '2020-11-09 00:00:00', 3403),
('TERMINALE', 'Physique chimie', 'QCM de révision sur l\'alternateur', 'alternateur', 'sylvie-B', '2020-11-09 00:00:00', 3402),
('1ERE', 'Sciences de la vie et de la terre', '15 questions à réponse unique sur les mutations de l\'ADN, la variabilité génétique et la santé', 'mutations, variabilité de l\'ADN', 'klc', '2020-11-09 00:00:00', 3401),
('1ERE', 'Anglais', 'Qcm sur les femmes qui ont marqué l\'histoire ge principalement sur le discours d\'Emma Watson', 'women in power', 'LaureRocher', '2020-11-09 00:00:00', 3400),
('2NDE', 'Espagnol', 'Révision ', 'Canción \"tú mismo\"', 'Syde', '2020-11-09 00:00:00', 3399),
('TERMINALE', 'Espagnol', 'vocabulaire texte \"La plaza de mi barrio\"', 'AXE 2 Espacio público / privado', 'Syde', '2020-11-08 00:00:00', 3398),
('3EME', 'Anglais', 'Forme passive au présent simple. Formatif (révision de \'be\', révision du participe passé régulier et irrégulier, liens vers des exercices interactifs). Sommatif (exercices de type \'épellation\', 13 questions à 3 points). ', 'forme passive, passif, présent simple', 'Olivier CASSAN', '2020-11-08 00:00:00', 3397),
('2NDE', 'Physique chimie', 'transformations nucléaires', 'nucléaire', 'Amélie Jauvinien', '2020-11-08 00:00:00', 3396),
('1ERE', 'Mathématiques', 'QCM sur notion de probabilité en 1er pro', 'probabilite', 'duval', '2020-11-08 00:00:00', 3395),
('4EME', 'Histoire géographie', 'Histoire 4ème Thème 1', 'Les Lumières', 'loalex', '2020-11-08 00:00:00', 3394),
('4EME', 'Histoire géographie', '4ème Thème 1 d\'Histoire', 'Le XVIIIème siècle Expansion', 'alouis3', '2020-11-08 00:00:00', 3393),
('TERMINALE', 'Sciences économiques et sociales', 'Les différentes politiques', 'Les politiques économiques', 'SOLTNER', '2020-11-08 00:00:00', 3392),
('4EME', 'Numérique et sciences informatiques', 'enquête numérique', 'enquête', 'Florence Duquesne', '2020-11-07 00:00:00', 3391),
('3EME', 'Mathématiques', 'Utilisation du théorème de Thalès pour le calcul d\'une longueur.\nMéthode détaillée.', 'Théorème de Thalès, triangles semblables', 'Mme Meunier', '2020-11-07 00:00:00', 3390),
('TERMINALE', 'Allemand', '20 items. Courte phrase et question. 4 réponses au choix, une seule est juste. Lexique  Liberté de la presse, Démocratie.', 'Demokratie  Meinungsfreiheit', 'Broussisa', '2020-11-07 00:00:00', 3389),
('TERMINALE', 'Allemand', '25 items. Une à deux phrases et une question lexique + culture générale: Zur Zeit des Kalten Krieges + Politik. Explications en suppl. 15 à 20 min', 'Politikwissenschaften. Wie kam es zur Wende? ', 'Brousse', '2020-11-07 00:00:00', 3388),
('TERMINALE', 'Allemand', 'Une courte phrase+ une question.4 réponses possibles. Une seule juste. ', 'Als Au-pair im Ausland. ', 'Brousse', '2020-11-07 00:00:00', 3387),
('TERMINALE', 'Allemand', '40 questions Austausch  Im Ausland arbeiten / leben. Syntaxte + lexique. 15/ 30 minutes', 'Austausch, ins Ausland ziehen.', 'Brousse', '2020-11-07 00:00:00', 3386),
('2NDE', 'Espagnol', 'Campeones', 'Deporte', 'Lyvia Roussel', '2020-11-07 00:00:00', 3384),
('2NDE', 'Latin', 'Identification des dieux et de leurs attributs à travers des représentations artistiques.', 'dieux olympiens', 'Karine Vial', '2020-11-07 00:00:00', 3383),
('1ERE', 'Lettres', 'QCM de révisions pour le bac de français', 'Lumière, Voltaire', 'Céline Hoarau', '2020-11-07 00:00:00', 3382),
('6EME', 'Mathématiques', '10 questions sur multiples, diviseurs, et nombres premiers', 'multiples, diviseurs, premier', 'grennerat.fanny', '2020-11-07 00:00:00', 3381),
('1ERE', 'Physique chimie', 'Synthèse', 'Synthèse', 'CBE', '2020-11-06 00:00:00', 3380),
('TERMINALE', 'Anglais', 'Compréhension film My Fair Lady ', 'film movie Pygmalion My Fair Lady ', 'BARAY', '2020-11-06 00:00:00', 3379),
('TERMINALE', 'Sciences de la vie et de la terre', 'QCM formatif sur l\'évolution de l\'atmosphère terrestre (Thème 1 Enseignement scientifique de terminale générale)', 'Enseignement scientifique Chapitre 1 Thème 1', 'LJ23', '2020-11-06 00:00:00', 3378),
('1ERE', 'Allemand', 'Multikulti: mehr Toleranz; besser zusammen leben.', 'Multikulti', 'Brousse', '2020-11-06 00:00:00', 3377),
('2NDE', 'Histoire géographie', 'revision de connaissances', 'athènes', 'Amiot', '2020-11-06 00:00:00', 3376),
('TERMINALE', 'Espagnol', 'Vocabulario', 'espacios ciudad', 'Anne Beaujouan', '2020-11-06 00:00:00', 3375),
('2NDE', 'Espagnol', 'vocabulaire', 'yo y los otros', 'GARCIAE', '2020-11-06 00:00:00', 3374),
('2NDE', 'Espagnol', 'vocabulaire', 'deporte', 'Marina Piedra', '2020-11-06 00:00:00', 3373),
('TERMINALE', 'Physique chimie', 'fonctionnement de l\'alternateur', 'enseignement scientifique de terminale', 'physiqueetchimie', '2020-11-06 00:00:00', 3372),
('TERMINALE', 'Physique chimie', 'essai', 'essai', 'thimonier', '2020-11-05 00:00:00', 3371),
('2NDE', 'Sciences économiques et sociales', 'Comment se caractérise un secteur d\'activité, 2e bac pro industriel', 'secteurs d\'activités, nomenclature d\'activités française', 'NATHALIE GORSE', '2020-11-05 00:00:00', 3370),
('3EME', 'Enseignement moral et civique', 'définir et distinguer les droits politiques, civils, économiques et sociaux dans le République française.', 'Droits des citoyens en France', 'ograsset2', '2020-11-05 00:00:00', 3369),
('TERMINALE', 'Physique chimie', 'QCM dosage', 'dosage', 'Eric Pelette', '2020-11-04 00:00:00', 3368),
('TERMINALE', 'Physique chimie', 'Effet Doppler & intensité sonore', 'Doppler, intensité sonore, niveau sonore', 'Eric Pelette', '2020-11-04 00:00:00', 3367),
('TERMINALE', 'Physique chimie', 'Petit QCM de début d\'année du premier chapitre de TS spécialité', 'terminale, acide, base', 'Eric Pelette', '2020-11-04 00:00:00', 3366),
('TERMINALE', 'Anglais', 'Quiz culturel sur les Etats-Unis (dans le cadre de la \"semaine américaine\" au lycée La Peyrouse)', 'Quiz culture Etats-Unis USA', 'F. POITOUT', '2020-11-04 00:00:00', 3365),
('1ERE', 'Sciences de la vie et de la terre', 'QCM de révision sur l\'apport des ondes sismiques à la connaissance de la structure interne du globe terrestre', 'onde,  sismique, structure, globe', 'idabin', '2020-11-04 00:00:00', 3364),
('1ERE', 'Numérique et sciences informatiques', 'QCM uniquement sur le thème 2 (Représentation des données : types et valeurs de base) reprenant des questions de la base nationale des sujets NSI.', 'Thème 2, Types de base', 'NSI', '2020-11-04 00:00:00', 3363),
('1ERE', 'Français', 'Ce QCM doit aider les élèves à vérifier leur culture générale et leur connaissance des mouvements sociaux, artistiques et historiques.', 'Histoire, Culture, Mouvements, Idées', 'FViguie', '2020-11-04 00:00:00', 3362),
('3EME', 'Technologie', 'Organiser et structurer ses données informatiques', 'Organiser, structurer, fichiers, octet, capacité, binaire, extension, Hadopi, protéger ses données', 'OLIVA', '2020-11-04 00:00:00', 3361),
('TERMINALE', 'Histoire géographie', '10 questions sur la Seconde Guerre mondiale', 'Seconde, guerre, mondiale', 'mlionelmartin', '2020-11-04 00:00:00', 3360),
('TERMINALE', 'Histoire géographie', '10 questions sur les régimes totalitaires', 'Totalitarismes', 'mlionelmartin', '2020-11-04 00:00:00', 3359),
('6EME', 'Physique chimie', 'Apprendre à lire une grandeur physique à partir d\'un tableau de conversion.', 'Conversions', 'SAADI', '2020-11-04 00:00:00', 3358),
('3EME', 'Anglais', 'Accent tonique sur les mots de 2 syllabes (noms, adjectifs, verbes), règles d\'accentuation, exceptions (taboo, machine, Japan), paires nom/verbe (record/record),  fichiers son, test bilan à la fin.', 'prononciation, syllabes, accent de mot, accent tonique, syllabe accentuée, word stress , accentuation', 'Olivier CASSAN', '2020-11-03 00:00:00', 3357),
('3EME', 'Education physique et sportive', 'sécurité en escalade', 'sécurité escalade', 'A VADROT', '2020-11-03 00:00:00', 3356),
('TERMINALE', 'Sciences de la vie et de la terre', 'stress\n', 'THEME 3 ', 'BRSCG', '2020-11-03 00:00:00', 3355),
('1ERE', 'Physique chimie', 'définitions et équations d\'oxydoréduction', 'oxydoréduction', 'Laurence BELGHITI', '2020-11-03 00:00:00', 3354),
('2NDE', 'Sciences numériques et technologie  ', 'Attribuer la date de création aux différents réseaux sociaux', 'Chronologie des réseaux sociaux', 'Rv LEGTA Oeyreluy', '2020-11-03 00:00:00', 3353),
('1ERE', 'Histoire géographie', 'Vie et mort de l\'Empire ottoman', 'HGGSP, Empire ottoman, Puissance', 'Nicolas Corre', '2020-11-03 00:00:00', 3352),
('3EME', 'Histoire géographie', 'Maîtriser le vocabulaire élémentaire', 'Aires urbaines', 'ograsset2', '2020-11-03 00:00:00', 3351),
('1ERE', 'Numérique et sciences informatiques', 'Listes et tableaux', 'listes, tableaux', 'Tantely Rahobisoa', '2020-11-03 00:00:00', 3350),
('5EME', 'Français', 'accorder le participe passé employé comme adjectif', 'participe passé', 'jlagaillarde', '2020-11-02 00:00:00', 3349),
('2NDE', 'Anglais', 'Traduction de pour, pour ne pas, pour que, par for, to, in order to, so, so as to et des propositions infinitives ainsi que quelques expressions toutes faites comprenant \'pour\'.', 'for, to, in order to, so as to, so, pour, pour que, pour ne pas, proposition infinitive, afin de, but, objectif, visée', 'Olivier CASSAN', '2020-11-02 00:00:00', 3348),
('4EME', 'Physique chimie', 'introduction aux équations-bilan des transformations chimiques ', 'transformation chimique', 'SAADI', '2020-11-02 00:00:00', 3347),
('3EME', 'Physique chimie', 'Évaluation sur les notions de base sur le pH des solutions aqueuses.', 'pH, solutions aqueuses', 'SAADI', '2020-11-02 00:00:00', 3346),
('4EME', 'Physique chimie', 'Savoir lire et écrire les grandeurs physiques en utilisant les puissances de 10.', 'Grandeurs physiques, puissances de 10', 'SAADI', '2020-11-02 00:00:00', 3345),
('3EME', 'Anglais', 'Prononciation de ed, avec fichiers sons, QCM formatif (erreur à éviter, les 3 prononciations possibles, introduction au concept de consonnes voisées et non voisées) et sommatif, Discrimination auditive. ', 'prononciation de ed, suffixe ed, ed, préterit, present perfect, forme passive, passif, participe passé', 'Olivier CASSAN', '2020-11-01 00:00:00', 3344),
('TERMINALE', 'Sciences économiques et sociales', 'Consolidation des connaissances sur les chapitres concernant l\'engagement politique et le CI', 'Engagement politique et Commerce international', 'Magalie', '2020-11-01 00:00:00', 3343),
('1ERE', 'Histoire géographie', 'La Révolution française et l\'Empire : une nouvelle conception de la nation', 'Révolution, Empire', 'Nicolas CORRE', '2020-11-01 00:00:00', 3342),
('1ERE', 'Histoire géographie', 'Information et propagande : la guerre du Vietnam', 'S\'informer, Propagande, HGGSP, guerre du Vietnam', 'Nicolas CORRE', '2020-11-01 00:00:00', 3341),
('1ERE', 'Histoire géographie', 'Information et propagande : l\'Affaire Dreyfus', 'S\'informer, Propagande, HGGSP, Affaire Dreyfus', 'Nicolas CORRE', '2020-11-01 00:00:00', 3340),
('1ERE', 'Histoire géographie', 'De l\'agence Havas à l\'AFP', 'S\'informer, HGGSP, Agence Havas, AFP', 'Nicolas CORRE', '2020-11-01 00:00:00', 3339),
('1ERE', 'Histoire géographie', 'Comment s\'informe-t-on aujourd\'hui ? ', 'S\'informer, HGGSP', 'Nicolas CORRE', '2020-11-01 00:00:00', 3338),
('4EME', 'Technologie', 'QCM basé sur des logos d\'entreprises très connues, destiné à mettre en évidence l\'importance du Logotype dans une démarche de communication. Ce QCM intervient dans un cours sur la charte graphique dans la communication.', 'Logo, Marque, charte graphique, logotype, valeur, image, identité visuelle', 'dkaczmarek', '2020-10-31 00:00:00', 3337),
('1ERE', 'Français', 'CHAPITRES 11 à 20', 'STENDHAL', 'HURSTEL', '2020-10-31 00:00:00', 3336),
('6EME', 'Anglais', 'click on the correct number', 'numbers', 'VSHEER', '2020-10-31 00:00:00', 3335),
('3EME', 'Anglais', 'A MCQ about the US elections', 'USA, elections', 'Marie-Jeanne Linotte', '2020-10-30 00:00:00', 3334),
('3EME', 'Histoire géographie', 'QCM sur le CH. 1 du Thème 1 de Géo, 3è. 27 questions.', 'aires urbaines', 'ccasiez', '2020-10-30 00:00:00', 3333),
('CM1', 'Français', 'Distinguer groupe obligatoire et groupe facultatif', 'grammaire', 'BENMESSAOUD', '2020-10-30 00:00:00', 3332),
('CM1', 'Français', 'distinguer nature et fonction', 'grammaire', 'BENMESSAOUD', '2020-10-30 00:00:00', 3331),
('CM1', 'Mathématiques', 'Les nombres jusqu\'à 999 999', 'Les grands nombres', 'Odet', '2020-10-30 00:00:00', 3330),
('CM1', 'Histoire géographie', 'Les grandes périodes de l\'histoire', 'Les grandes périodes', 'Odet', '2020-10-30 00:00:00', 3329),
('CM1', 'Français', 'évaluation sur le verbe (rôle et construction)', 'conjugaison, le verbe', 'SIREAU', '2020-10-30 00:00:00', 3328),
('5EME', 'Latin', 'questionnaire réalisé à partir de l\'émission de France Culture \"Carbone 14\"', 'Protis, Gyptis, Marseille, récits de fondation', 'Delphine Donson', '2020-10-30 00:00:00', 3326),
('4EME', 'Latin', 'aide à la révision d\'un court texte traduit en classe', 'Milon de Crotone', 'Delphine Donson', '2020-10-30 00:00:00', 3325);
INSERT INTO `indexeducation` (`Niveau`, `Matiere`, `Description`, `Motes_Clefs`, `Auteur`, `Date`, `N_fichier_XML`) VALUES
('3EME', 'Latin', 'prophétie à la naissance de Narcisse, Narcisse face à son miroir, culture générale et traduction', 'Narcisse, Ovide', 'Delphine Donson', '2020-10-30 00:00:00', 3324),
('5EME', 'Latin', 'vérifier l\'apprentissage de la leçon sur l\'indicatif parfait en latin', 'indicatif-parfait-actif', 'Delphine Donson', '2020-10-30 00:00:00', 3323),
('1ERE', 'Mathématiques', 'Après une première diapo de révision de cours, trouver la valeur des coefficients directeurs de tangentes à une courbe représentative de fonction\nQCM d\'entraînement', 'Coefficient directeur de tangentes à une courbe représentative de fonction', 'Rv LPA Sabres', '2020-10-30 00:00:00', 3322),
('2NDE', 'Biotechnologie', 'Questions sur les bases du bionettoyage', 'Bionettoyage', 'MODERY', '2020-10-29 00:00:00', 3320),
('6EME', 'Sciences', 'Evaluation par compétences', 'Solstice, Equinoxe, Calendrier solaire, Points cardinaux', 'PJ Etchebarne', '2020-10-29 00:00:00', 3319),
('CAP1', 'Mathématiques', 'Utilisé dans le cadre des \"automatismes\"', 'Calcul mental, arrondi, pourcentage', 'Didier REY', '2020-10-28 00:00:00', 3318),
('4EME', 'Anglais', 'QCM en musique. Travail sur le verbe vouloir, want, want to et wanna au présent simple aux formes affirmative, négative, interrogative et interronégative.', 'vouloir, want, want to, wanna, présent simple, forme affirmative, forme négative, forme interrogative, forme interro-négative', 'Olivier CASSAN', '2020-10-28 00:00:00', 3317),
('3EME', 'Anglais', 'QCM portant sur une trentaine de connecteurs logiques de base. Formatif et sommatif. Questions de type épellation. Lien vers un site sur lequel les élèves peuvent écouter la prononciation en anglais des connecteurs ainsi que la prononciation de phrases d\'exemple en anglais et traduites en français. ', 'connecteurs, logiques, link words', 'Olivier CASSAN', '2020-10-28 00:00:00', 3316),
('TERMINALE', 'Sciences de la vie et de la terre', 'EDS ', 'THEME 3 ', 'BRSCG', '2020-10-27 00:00:00', 3315),
('6EME', 'Sciences', 'Ce test est créer pour revoir des notions de physiques et technologie vue en cours. Il peut servir d\'évaluation à distance.', 'matière diversité', 'cedric_lobjois', '2020-10-27 00:00:00', 3314),
('2NDE', 'Sciences de la vie et de la terre', '27 questions sur les microorganismes et le microbiote', 'microorganismes microbiote', 'p ridard', '2020-10-27 00:00:00', 3313),
('2NDE', 'Sciences de la vie et de la terre', '20 questions sur le métabolisme des cellules', 'métabolisme', 'p ridard', '2020-10-27 00:00:00', 3312),
('4EME', 'Français', 'Comprendre l\'histoire, le genre de la nouvelle, le réalisme et le message de l\'auteur', 'Maupassant, Le petit fût', 'Gaëlle', '2020-10-27 00:00:00', 3311),
('1ERE', 'Sciences de la vie et de la terre', 'expression programme génétique', 'expression programme génétique', 'p ridard', '2020-10-27 00:00:00', 3310),
('1ERE', 'Histoire géographie', 'Les sociétés face à la guerre totale (1914-1918) avec le manuel p 218 Belin', 'Sociétés Guerre totale Première Guerre mondiale', 'Fabrice Cabane', '2020-10-26 00:00:00', 3309),
('1ERE', 'Histoire géographie', 'Génocide arménien avec le manuel p 214-215 Belin', 'Génocide arménien Arménie Turquie Turcs', 'Fabrice Cabane', '2020-10-26 00:00:00', 3308),
('TERMINALE', 'Mathématiques', 'Suites arithmétiques et géométriques', 'Terminale techno 2A Suites arithmétiques et géométriques', 'E Chainey', '2020-10-26 00:00:00', 3307),
('1ERE', 'Histoire géographie', 'Les civils au cœur du conflit (1914-1918) avec le manuel p 212 Belin', 'Première Guerre mondiale Civils', 'Fabrice Cabane', '2020-10-26 00:00:00', 3306),
('2NDE', 'Histoire géographie', 'Hiérarchies sociales dans l\'empire colonial français avec le manuel p 212 Belin', 'Hiérarchies Société Colonies', 'Fabrice Cabane', '2020-10-26 00:00:00', 3305),
('2NDE', 'Histoire géographie', 'Une société en voie de recomposition au 18e s avec le manuel p 208 Belin', 'Une société en voie de recomposition au 18e siècle ', 'Fabrice Cabane', '2020-10-26 00:00:00', 3304),
('2NDE', 'Histoire géographie', 'Le poids de la société d\'ordres avec le manuel p 202 Belin', 'Société d\'ordres Ancien Régime', 'Fabrice Cabane', '2020-10-26 00:00:00', 3303),
('1ERE', 'Mathématiques', 'fonctions, taux de variation', 'fonctions, taux de variation', 'E Chainey', '2020-10-26 00:00:00', 3302),
('1ERE', 'Sciences de la vie et de la terre', 'enseignement scientifique éléments chimiques et datation.', 'enseignement scientifique , première , datation , éléments chimiques', 'anne-sophie Hodot', '2020-10-26 00:00:00', 3301),
('4EME', 'Anglais', 'QCM sur les pronoms relatifs who, which et whose. Formatif (trouver l\'antécédent, choisir entre who et which, prononciation, orthographe) et sommatif. Deux moyens mnémotechniques pour choisir entre who et which. Lien vers un cours vidéo.', 'pronoms relatifs, pronom relatif, who, which, whose, qui', 'Olivier CASSAN', '2020-10-26 00:00:00', 3300),
('6EME', 'Physique chimie', 'Diversité de la matière, propriétés de la matière', 'La matière', 'Ghizlane', '2020-10-25 00:00:00', 3299),
('TERMINALE', 'Histoire géographie', 'vérification des connaissances', 'crise 1929', 'MOUHAT', '2020-10-25 00:00:00', 3298),
('TERMINALE', 'Histoire géographie', 'verification des connaissances', 'France puissance maritime', 'Amiot', '2020-10-25 00:00:00', 3297),
('1ERE', 'Histoire géographie', 'Une guerre longue et industrielle avec le manuel Belin p 196', 'Grande Guerre Première Guerre Mondiale 1914-1918 Guerre industrielle', 'Fabrice Cabane', '2020-10-25 00:00:00', 3296),
('1ERE', 'Histoire géographie', '1914-1918 L\'Europe précipite le monde dans la guerre avec le manuel Belin p 190', 'Grande Guerre Première Guerre Mondiale 1914-1918', 'Fabrice Cabane', '2020-10-25 00:00:00', 3295),
('2NDE', 'Histoire géographie', 'Une société du progrès au 18e siècle avec le manuel Belin p 184', '18e siècle Lumières Progrès Société', 'Fabrice Cabane', '2020-10-25 00:00:00', 3294),
('2NDE', 'Histoire géographie', 'Emergence d\'un nouvel esprit scientifique au 17e siècle avec le manuel Belin p 180', 'Esprit scientifique Histoire des sciences 17e siècle', 'Fabrice Cabane', '2020-10-25 00:00:00', 3293),
('1ERE', 'Histoire géographie', 'Politique coloniale de la 3e république avec le manuel Belin p 170', 'Politique coloniale de la 3e république Colonies métropoles', 'Fabrice Cabane', '2020-10-25 00:00:00', 3292),
('1ERE', 'Histoire géographie', 'Expansion coloniale française avec le manuel Belin p 166', 'Empire colonial français 19e siècle Colonies', 'Fabrice Cabane', '2020-10-25 00:00:00', 3291),
('1ERE', 'Histoire géographie', 'Carte des empires coloniaux en 1914 avec le manuel Belin p 164-165', 'Carte Empire colonial 1914 Colonies métropoles', 'Fabrice Cabane', '2020-10-25 00:00:00', 3290),
('2NDE', 'Histoire géographie', 'La Révolution américaine 1776 avec le manuel Belin p 162', 'Révolution américaine Etats-Unis 18e siècle', 'Fabrice Cabane', '2020-10-25 00:00:00', 3289),
('2NDE', 'Histoire géographie', 'Modèle britannique admiré par Lumières avec la manuel Belin p 156', 'Angleterre Modèle politique Lumières 18e siècle', 'Fabrice Cabane', '2020-10-25 00:00:00', 3288),
('1ERE', 'Histoire géographie', 'Une société entre ouverture et fermeture (1870-1914) avec le manuel Belin p 152', 'France 3e République Société', 'Fabrice Cabane', '2020-10-25 00:00:00', 3287),
('2NDE', 'Histoire géographie', 'Naissance d\'une monarchie représentative en Angleterre avec le manuel Belin p 152', 'Angleterre Monarchie représentative 17e siècle', 'Fabrice Cabane', '2020-10-25 00:00:00', 3286),
('1ERE', 'Histoire géographie', 'La France entre 1870 et 1914 : un pays rural en voie d\'industrialisation (avec la manuel Belin p 146)', 'France 3e République Rural industrie', 'Fabrice Cabane', '2020-10-25 00:00:00', 3285),
('2NDE', 'Histoire géographie', 'L\'Etat absolu en construction en France avec la manuel Belin p 136 ', 'Etat absolu Absolutisme royal', 'Fabrice Cabane', '2020-10-25 00:00:00', 3284),
('1ERE', 'Sciences de la vie et de la terre', 'Eléments essentiels du cours', 'Transmission du patrimoine génétique ; Mutations de l\'ADN', 'Alexandre Bouchot', '2020-10-24 00:00:00', 3283),
('2NDE', 'Mathématiques', 'Identifier le coefficient multiplicateur dans des expressions de fonction.  Commentaire explicatif sur les réponses.', 'Fonction affine linéaire coefficient multiplicateur', 'Rv LPAF Sabres', '2020-10-23 00:00:00', 3282),
('4EME', 'Physique chimie', 'L\'intensité du courant, unités, mesure avec l\'ampèremètre, lois de l\'intensité dans un circuit série et dérivation, dans une installation domestique.', 'intensité électricité ampèremètre', 'Daniel JY', '2020-10-23 00:00:00', 3281),
('1ERE', 'Histoire géographie', 'La 3e République face aux oppositions et à ses contradictions avec la page 132 du manuel Belin.', 'La 3e République face aux oppositions et à ses contradictions', 'Fabrice Cabane', '2020-10-23 00:00:00', 3280),
('2NDE', 'Histoire géographie', 'L\'Etat royal en France en quête de puissance avec la page 132 du manuel Belin.', 'L\'Etat royal en France en quête de puissance', 'Fabrice Cabane', '2020-10-23 00:00:00', 3279),
('2NDE', 'Histoire géographie', 'Royaume de France en voie d\'unification et de pacification avec la page 126 du manuel Belin.', 'Royaume de France en voie d\'unification et de pacification', 'Fabrice Cabane', '2020-10-23 00:00:00', 3278),
('1ERE', 'Histoire géographie', 'Instauration de la 3e République avec la page 126 du manuel Belin.', 'Instauration de la 3e République', 'Fabrice Cabane', '2020-10-23 00:00:00', 3277),
('2NDE', 'Histoire géographie', 'Protestantisme et Réforme avec la page 108 du manuel Belin.', 'Protestantisme et Réforme', 'Fabrice Cabane', '2020-10-23 00:00:00', 3276),
('2NDE', 'Histoire géographie', '\"Vision renouvelée des arts à la Renaissance\" avec la page 104 du manuel Belin.', 'Vision renouvelée des arts à la Renaissance', 'Fabrice Cabane', '2020-10-23 00:00:00', 3275),
('2NDE', 'Histoire géographie', 'QCM sur l\'Humanisme à faire avec la page 100 du manuel Belin.', 'Humanisme', 'Fabrice Cabane', '2020-10-23 00:00:00', 3274),
('1ERE', 'Histoire géographie', 'QCM sur les dates à faire avec les frises des pages 10, 14, 36, 58, 62, 120 et 124 du manuel Belin.', 'Frises chronologiques du manuel Belin', 'Fabrice Cabane', '2020-10-23 00:00:00', 3273),
('2NDE', 'Histoire géographie', 'QCM à faire avec la page 10 du manuel Belin. La périodisation en Histoire.', 'Périodisation en Histoire (introduction du programme de Seconde)', 'Fabrice Cabane', '2020-10-23 00:00:00', 3272),
('1ERE', 'Mathématiques', 'Détermination ou influence de la valeur du coefficient directeur de la tangente et du taux de variation sur le positionnement de la tangente par rapport à la courbe représentative de la fonction.\nIntroduction au nombre dérivé et donc à la dérivée. \nCommentaire explicatif sur les réponses.', 'tangente à une courbe - introduction au nombre dérivé et à la dérivée', 'Rv LPA Sabres', '2020-10-23 00:00:00', 3271),
('2NDE', 'Mathématiques', 'Equations - Inéquations', 'Equations - Inéquations', 'Chalamel', '2020-10-22 00:00:00', 3270),
('TERMINALE', 'Physique chimie', 'cours énergie, développement et futur climatique', 'enseignement scientifique de terminale', 'physiqueetchimie', '2020-10-22 00:00:00', 3269),
('1ERE', 'Français', 'QCM pour vérifier la lecture de l\'oeuvre intégrale au programme : Mme de Lafayette, La Princesse de Clèves.\nQCM mêlant aussi des questions d\'une collègue.', 'Mme de Lafayette, La Princesse de Clèves, lecture', 'Karine Vial', '2020-10-22 00:00:00', 3267),
('6EME', 'Anglais', 'QCM audio dans lequel des mots sont épelés.', 'spelling spell épeler spelling bee dictée mots', 'Charlotte Jullien', '2020-10-22 00:00:00', 3266),
('TERMINALE', 'Comptabilité', 'QCM Thème 1 question n°3 partie contrôle des coûts', 'management sciences de gestion et numérique', 'LDOAN', '2020-10-22 00:00:00', 3265),
('4EME', 'Français', 'questions de connaissances sur l\'expression de la cause', 'cause : grammaire ; leçon ; connaissances', 'PARIS D.', '2020-10-21 00:00:00', 3264),
('TERMINALE', 'Histoire géographie', 'L\'Italie fasciste.', 'Italie Fascisme Mussolini ', 'Fabrice Cabane', '2020-10-21 00:00:00', 3263),
('TERMINALE', 'Histoire géographie', 'Thème 4 / le Patrimoine / Axe 1 / Jalon 2 : le Parthénon. Questions à répondre avec le manuel HGGSP Belin aux pages 300-303 et 306.', 'HGGSP / Thème 4 : le Patrimoine / Axe 1 / Jalon 2 : Le Parthénon.', 'Fabrice Cabane', '2020-10-21 00:00:00', 3262),
('TERMINALE', 'Histoire géographie', 'Thème 4 / le Patrimoine / Axe 1 / Jalon 1 : Versailles. Questions à répondre avec le manuel HGGSP Belin aux pages 292-297 et 306.', 'HGGSP / Thème 4 : le Patrimoine / Axe 1 / Jalon 1 : Versailles.', 'Fabrice Cabane', '2020-10-21 00:00:00', 3261),
('TERMINALE', 'Histoire géographie', 'Thème 4 / le Patrimoine / Introduction. Questions à répondre avec le manuel HGGSP Belin aux pages 280-289.', 'HGGSP / Thème 4 : le Patrimoine (introduction).', 'Fabrice Cabane', '2020-10-21 00:00:00', 3260),
('TERMINALE', 'Histoire géographie', 'Thème 2 / Objet de travail conclusif / Jalon 2 : Guerres du Golfe. Questions à répondre avec le manuel HGGSP Belin aux pages 166-171 et 176.', 'HGGSP / Thème 2 Guerre et Paix / Moyen-Orient / Jalon 2 : Guerres du Golfe.', 'Fabrice Cabane', '2020-10-21 00:00:00', 3259),
('TERMINALE', 'Histoire géographie', 'Thème 2 / Objet de travail conclusif / Jalon 1 : Guerres Israélo-arabes-palestiniennes. Questions à répondre avec le manuel HGGSP Belin aux pages 160-165 et 176.', 'HGGSP / Thème 2 Guerre et Paix / Moyen-Orient / Jalon 1 : Guerres israélo-arabes-palestiniennes', 'Fabrice Cabane', '2020-10-21 00:00:00', 3258),
('TERMINALE', 'Histoire géographie', 'Thème 2 / Objet de travail conclusif / Guerre et paix au Moyen-Orient (introduction). Questions à répondre avec le manuel HGGSP Belin aux pages 158-159.', 'HGGSP / Thème 2 Guerre et Paix / Moyen-Orient (Objet de travail conclusif)', 'Fabrice Cabane', '2020-10-21 00:00:00', 3257),
('TERMINALE', 'Histoire géographie', 'Thème 2 / Axe 2 / Jalon 2 / Faire la paix par la sécurité collective (l\'action de Kofi Annan). Questions à répondre avec le manuel HGGSP Belin aux pages 144-149 et 154.', 'HGGSP / Thème 2 Guerre et Paix / Faire la paix par la sécurité collective', 'Fabrice Cabane', '2020-10-21 00:00:00', 3256),
('TERMINALE', 'Histoire géographie', 'Thème 2 / Axe 2 / Jalon 1 / Faire la paix par les traités (Westphalie). Questions à répondre avec le manuel HGGSP Belin aux pages 138-143 et 154.', 'HGGSP / Thème 2 Guerre et Paix / Faire la paix par les traités', 'Fabrice Cabane', '2020-10-21 00:00:00', 3255),
('TERMINALE', 'Histoire géographie', 'Thème 2 / Axe 1 / Jalon 2 / Guerres irrégulières. Questions à répondre avec le manuel HGGSP Belin aux pages 124-129 et 132.', 'HGGSP / Thème 2 Guerre et Paix / Guerres irrégulières', 'Fabrice Cabane', '2020-10-21 00:00:00', 3254),
('TERMINALE', 'Histoire géographie', 'Thème 2 / Axe 1 / Jalon 1 / Guerre de 7 ans. Questions à répondre avec le manuel HGGSP Belin aux pages 114-121 et 132.', 'HGGSP / Thème 2 Guerre et Paix / Guerre de 7 ans', 'Fabrice Cabane', '2020-10-21 00:00:00', 3253),
('TERMINALE', 'Histoire géographie', 'Questions à répondre avec le manuel HGGSP Belin aux pages 100-111.', 'HGGSP Thème 2 Guerre et Paix Introduction', 'Fabrice Cabane', '2020-10-21 00:00:00', 3252),
('1ERE', 'Français', 'CHAPITRES 1 à 10', 'STENDHAL', 'HURSTEL', '2020-10-21 00:00:00', 3251),
('6EME', 'Education physique et sportive', 'Travail de connaissance des symboles : différenciation des points / lignes / surfaces et des couleurs noir / vert / marron. Travail à la maison entre les séances 2 et 3.', 'course d\'orientation, CO', 'BBachellerie', '2020-10-21 00:00:00', 3250),
('6EME', 'Education physique et sportive', 'Travail théorique sur la légende et l\'échelle (à la maison entre séances 1 et 2).', 'course d\'orientation, CO', 'BBachellerie', '2020-10-21 00:00:00', 3249),
('2NDE', 'Droit', 'Cadre juridique des activités de sécurité privée', 'Réglementation sécurité privée', 'LNGUIROI', '2020-10-20 00:00:00', 3248),
('2NDE', 'Droit', 'Découverte du Code pénal pour des métiers de la sécurité / 4 principes sur lesquels repose le code pénal', 'Code pénal, code de procédure pénale', 'LNGUIROI', '2020-10-20 00:00:00', 3247),
('2NDE', 'Mathématiques', 'Questions sur les coefficients multiplicateurs, les pourcentages à partir du cours sur la proportionnalité et les pourcentages', 'coefficient multiplicateur CM TVA pourcentage ', 'Rv LPA Sabres', '2020-10-20 00:00:00', 3246),
('1ERE', 'Histoire géographie', 'France entre 1848 et 1870 (aspects politiques)', 'France entre 1848 et 1870 (aspects politiques)', 'Fabrice Cabane', '2020-10-20 00:00:00', 3245),
('1ERE', 'Histoire géographie', 'L\'Europe entre restaurations et révolutions', 'L\'Europe entre restaurations et révolutions', 'Fabrice Cabane', '2020-10-20 00:00:00', 3244),
('2NDE', 'Histoire géographie', 'Nîmes romaine. Etude de cas.', 'Nîmes romaine', 'Fabrice Cabane', '2020-10-20 00:00:00', 3243),
('2NDE', 'Histoire géographie', 'Athènes et la Grèce', 'Athènes et la Grèce', 'Fabrice Cabane', '2020-10-20 00:00:00', 3242),
('TERMINALE', 'Histoire géographie', 'Allemagne nazie et nazisme', 'Allemagne nazie et nazisme', 'Fabrice Cabane', '2020-10-20 00:00:00', 3241),
('2NDE', 'Histoire géographie', 'Pour DNL espagnol euro. Questions en espagnol.', 'Espagne arabo-musulmane', 'Fabrice Cabane', '2020-10-20 00:00:00', 3240),
('2NDE', 'Histoire géographie', 'Pour DNL espagnol euro. Questions en espagnol.', 'España romana', 'Fabrice Cabane', '2020-10-20 00:00:00', 3239),
('1ERE', 'Physique chimie', 'QCM de révision sur la spectrophotométrie', 'Spectrophotométrie', 'Prévot Christine', '2020-10-20 00:00:00', 3238),
('TERMINALE', 'Mathématiques', 'QCM simple sur les recherches de primitives et l\'introduction aux intégrales', 'Primitives, intégrales', 'John Massa', '2020-10-20 00:00:00', 3237),
('BTS1', 'Mathématiques', 'QCM sondant les aptitudes des élèves à reconnaitre les caractéristiques d\'un signal', 'Fonctions périodiques , fonctions paires, fonction impaires', 'John Massa', '2020-10-20 00:00:00', 3236),
('TERMINALE', 'Anglais', 'QCM en musique sur want to et wanna au présent simple à toutes les formes', 'want to, wanna, présent simple, forme affirmative, forme négative, forme interrogative, forme interro-négative', 'Olivier CASSAN', '2020-10-19 00:00:00', 3235),
('BTS1', 'Numérique et sciences informatiques', 'QCM pour les BTS SIO ou fin de classe STMG.\nEmployé en BTS SIO1, B1-Dev semestre 1.', 'HTML,personnages,JavaScript,JS', 'ROUMANET', '2020-10-19 00:00:00', 3234),
('2NDE', 'Physique chimie', 'Questions de cours + applications', 'réfraction, snell descartes, modélisation ', 'Jessica Babot', '2020-10-19 00:00:00', 3233),
('1ERE', 'Physique chimie', 'Vérification du cours', 'décibel timbre hauteur fréquence', 'Jessica Babot', '2020-10-19 00:00:00', 3232),
('2NDE', 'Physique chimie', 'vérification de leçon', 'lentilles  focale, grandissement, trajet des rayons modèle oeil ', 'Jessica Babot', '2020-10-19 00:00:00', 3231),
('2NDE', 'Physique chimie', 'vérification des puissances sues par cœur. \n4 applications dont 2 plus dures', 'puissance de 10 et préfixe de conversion', 'Jessica Babot', '2020-10-19 00:00:00', 3230),
('2NDE', 'Activités non spécialisées', ' A l\'issue de la semaine de sensibilisation et notamment d\'un atelier sur le fiche de pré accord, l\'élève est en mesure de répondre à ces questions formulées par d\'autres élèves\n.', 'PFMP', 'Faure', '2020-10-19 00:00:00', 3229),
('1ERE', 'Anglais', 'Binge-watching 1', 'Vocabulaire', 'DELPUECH Hélène', '2020-10-19 00:00:00', 3228),
('5EME', 'Chinois', 'QCM pour les élèves de 5ème (niveau débutant) sur les chiffres, dates, jours (de la semaine) ainsi que les questions basiques sur la présentation...', 'date, jour, chiffres simples', 'Zilin ZHANG', '2020-10-18 00:00:00', 3227),
('5EME', 'Espagnol', 'à choix multiple ', 'chapitre 0 ', 'samaneh.rouhani@efteheran.com', '2020-10-18 00:00:00', 3226),
('1ERE', 'Français', 'QCM pour vérifier la lecture de l\'oeuvre employée en cursive de Laurent Gaudé, La Mort du Roi Tsongor', 'gaudé, tsongor, lecture', 'Karine Vial', '2020-10-17 00:00:00', 3225),
('1ERE', 'Français', 'QCM pour vérifier la lecture de l\'oeuvre employée en cursive de Didier Daeninckx, Cannibale', 'daeninckx, cannibale, lecture', 'Karine Vial', '2020-10-17 00:00:00', 3224),
('1ERE', 'Français', 'QCM pour vérifier la lecture de l\'oeuvre intégrale de Voltaire, L\'Ingénu', 'voltaire, ingénu, lecture', 'Karine Vial', '2020-10-17 00:00:00', 3223),
('TERMINALE', 'Histoire géographie', 'LES REPONSES SE TROUVENT DANS L\'EXPOSITION DE L\'ONACVG', 'ALGERIE COLONISATION DECOLONISATION ', 'Fabrice CABANE', '2020-10-17 00:00:00', 3222),
('2NDE', 'Sciences numériques et technologie  ', 'qcm sur le web : date, html, css', 'web', 'reubrez', '2020-10-16 00:00:00', 3221),
('2NDE', 'Physique chimie', 'Changements d\'etats\nChromatographie\nChiffres significatifs\nCorps purs et melanges', 'Chiffres Significatifs  et La matiere qui nous entoure', 'Jalal Souhaid', '2020-10-16 00:00:00', 3220),
('2NDE', 'Mathématiques', 'question sur la boucle for en python', 'algo,for,boucle', 'vincentp', '2020-10-15 00:00:00', 3219),
('TERMINALE', 'Philosophie', 'Des exercices de résolution syllogistique.', 'Syllogismes', 'jgy', '2020-10-15 00:00:00', 3217),
('2NDE', 'Physique chimie', 'QCM sur le notions de dilution, concentration en masse, mélange....', 'concentration en masse, masse volumique, dilution, mélange, solution aqueuse', 'Thomas.F', '2020-10-15 00:00:00', 3216),
('TERMINALE', 'Mathématiques', 'QCM bilan sur les primitives et intégrales', 'Intégrales,Primitives', 'John Massa', '2020-10-15 00:00:00', 3215),
('2NDE', 'Mathématiques', '10 questions faciles', 'Intervalles, Valeur absolue', 'Icard Py', '2020-10-14 00:00:00', 3214),
('2NDE', 'Sciences numériques et technologie  ', 'question diverses sur python', 'python', 'M.HUBERT M.', '2020-10-14 00:00:00', 3213),
('2NDE', 'Mathématiques', '10 questions faciles', 'Ensembles de nombres', 'Icard Py', '2020-10-14 00:00:00', 3212),
('BTS1', 'Marketing', 'marketing général', 'plan de marchéage', 'cboyer3', '2020-10-14 00:00:00', 3211),
('3EME', 'Sciences de la vie et de la terre', 'rappels des notions sur les séismes  ', 'séismes', 'Seguette', '2020-10-13 00:00:00', 3210),
('TERMINALE', 'Physique chimie', 'QCM en enseignement scientifique de terminale sur les alternateurs et les capteurs photovoltaiques', 'enseignement scientifique, alternateur, capteur photovoltaique', 'Chauviere Ludivine', '2020-10-11 00:00:00', 3209),
('6EME', 'Français', 'QCM pour évaluation de rattrapage sur les expansions du nom', 'expansions du nom : épithète, complément du nom, apposition', 'LAURENCE SANCHEZ', '2020-10-11 00:00:00', 3208),
('3EME', 'Français', 'analyser une forme verbale, reconnaitre le temps, le mode, voix active/passive, forme pronominale', 'analyse du verbe, modes, temps', 'LAURENCE SANCHEZ', '2020-10-11 00:00:00', 3207),
('6EME', 'Français', 'revoir la notion de champ lexical', 'champs lexicaux', 'laurence sanchez', '2020-10-11 00:00:00', 3206),
('6EME', 'Français', 'permet de vérifier le lexique de l\'analyse poétique', 'poésie, vocabulaire de la poésie', 'laurence sanchez', '2020-10-11 00:00:00', 3205),
('3EME', 'Français', 'Identifier la formation des mots. Réalisé à partir du site salle 101', 'Formation des mots', 'Amélie', '2020-10-11 00:00:00', 3204),
('4EME', 'Anglais', 'Différence entre le Present Simple et le Présent Be+ing', 'present simple; present be+ing', 'sophie.ehrhart', '2020-10-10 00:00:00', 3203),
('3EME', 'Physique chimie', 'Consulter la classification périodique.\nConnaître le modèle des  ions et l\'électroneutralité des solutions.', 'ion', 'DELATTRE', '2020-10-10 00:00:00', 3202),
('1ERE', 'Sciences', 'QCM sur ESC Bilan thermique du corps humain', 'Corps humain; bilan thermique', 'ROUX', '2020-10-09 00:00:00', 3201),
('1ERE', 'Sciences', 'QCM sur ESC Histoire de l\'âge de la Terre', 'Age; Terre', 'ROUX', '2020-10-09 00:00:00', 3200),
('1ERE', 'Sciences', 'QCM sur ESC Chapitre Entendre la musique', 'Entendre; musique', 'ROUX', '2020-10-09 00:00:00', 3199),
('2NDE', 'Histoire géographie', 'Evaluation commune', 'Evaluation commune histoire géographie et EMC', 'margotchapon@yahoo.fr', '2020-10-09 00:00:00', 3198),
('1ERE', 'Physique chimie', 'un QCM de révision sur les chapitres d\'oxydoréduction et de tableau d\'avancement du programme de 1ère spécialité', 'oxydoréduction, tableau d\'avancement', 'Chauviere Ludivine', '2020-10-09 00:00:00', 3197),
('TERMINALE', 'Droit', 'QCM de 20 questions sur les sources du droit', 'DGEMC Introduction sources du droit', 'millaret', '2020-10-08 00:00:00', 3196),
('6EME', 'Français', '10 images sont proposées, questionnaire à choix multiples', 'figure d\'analogie, comparaison, métaphore, personnification', 'Nathalie Tricoire', '2020-10-08 00:00:00', 3195),
('3EME', 'Sciences de la vie et de la terre', 'Caractères héréditaires ou non', 'génétique, caractéristiques humaines, caractères humains', 'L\'oranger', '2020-10-08 00:00:00', 3194),
('2NDE', 'Droit', 'QCM', 'agents économiques', 'jollivet', '2020-10-08 00:00:00', 3193),
('6EME', 'Sciences', 'QCM de 25 questions sur les périphériques d\'un ordinateur. ', 'périphériques, informatique, technologie', 'Tantely Rahobisoa', '2020-10-08 00:00:00', 3192),
('3EME', 'Education physique et sportive', 'QCM de 20 questions sur l\'échauffement', 'Echauffement', 'Lett Virginie', '2020-10-07 00:00:00', 3191),
('5EME', 'Physique chimie', '8 questions thème 1-module 3', 'organisation de la matière dans l\'Univers', 'arnaud.bonnot', '2020-10-07 00:00:00', 3190),
('6EME', 'Anglais', 'évaluer l\'heure', 'What time is it ?', 'Corinne ALBIZATI', '2020-10-07 00:00:00', 3189),
('2NDE', 'Sciences économiques et sociales', 'Introduction du chapitre 2 : \"Comment crée-t-on des richesses et comment les mesure-t-on ?\"', 'Biens, Services, Production, Marchande', 'CLP', '2020-10-07 00:00:00', 3188),
('3EME', 'Mathématiques', 'valeur numérique exp littérale, réduire, développer avec distributivité simple et double', 'développer distributivité simple et double', 'claire', '2020-10-07 00:00:00', 3187),
('2NDE', 'Mathématiques', 'racines carrées, géométrie collège', 'racines carrées, géométrie collège', 'Oguievetskaia', '2020-10-07 00:00:00', 3186),
('1ERE', 'Mathématiques', 'test bilan proba conditionnelles', 'probabilités conditionnelles', 'MM', '2020-10-06 00:00:00', 3185),
('TERMINALE', 'Physique chimie', 'énergie Terminale STI2D', 'énergie', 'ldescours', '2020-10-06 00:00:00', 3184),
('CAP1', 'Logistique', 'conversion', 'conversion', 'delphine.brocard', '2020-10-06 00:00:00', 3183),
('5EME', 'Education physique et sportive', 'Sécurité en escalade', 'escalade', 'Vadrot', '2020-10-06 00:00:00', 3182),
('3EME', 'Enseignement moral et civique', 'activité symboles', 'symboles', 'Pucheu Renaud', '2020-10-06 00:00:00', 3181),
('1ERE', 'Sciences de la vie et de la terre', 'conditions de formation des cristaux', 'verre ; cristaux', 'CCTX_svt', '2020-10-05 00:00:00', 3180),
('1ERE', 'Physique chimie', 'a', 'a', 'DGSELL', '2020-10-05 00:00:00', 3179),
('6EME', 'Mathématiques', 'Position d\'un chiffre dans un nombre, partie entière et décimale et écriture d\'un nombre en chiffres.', 'position d\'un chiffre- partie entière et décimale- écriture en chiffres.', 'RENAUX L', '2020-10-05 00:00:00', 3178),
('5EME', 'Mathématiques', 'revoir la somme, le produit, le quotient et la différence', 'vocabulaire opération', 'RENAUX L', '2020-10-05 00:00:00', 3177),
('2NDE', 'Physique chimie', 'QCM sur la composition de l\'atome ', 'Atome constitution composition', 'Rv', '2020-10-05 00:00:00', 3176),
('TERMINALE', 'Comptabilité', 'Un QCM pour réviser le bilan', 'bilan, emplois, ressources, créances', 'DEBZA', '2020-10-04 00:00:00', 3175),
('5EME', 'Mathématiques', 'enchainement des opérations, calcul littéral', 'enchainement des opérations, calcul littéral', 'Oguievetskaia', '2020-10-04 00:00:00', 3174),
('2NDE', 'Espagnol', 'Conocer y saber escribir los números hasta 900.000', 'Los números', 'VPoussigue', '2020-10-04 00:00:00', 3173),
('1ERE', 'Physique chimie', 'basé sur le QCM Hachette 1ère STI, avec des questions supplémentaires sur le protocole incendie et le pouvoir calorifique', 'énergie chimique ; pouvoir calorifique', 'Fiquet Sarah', '2020-10-04 00:00:00', 3172),
('6EME', 'Français', 'Réviser les 3 groupes de verbes et connaître les terminaisons simples au présent de l\'indicatif', 'groupes; verbes; infinitif; présent; ', 'Laurent B.', '2020-10-04 00:00:00', 3171),
('3EME', 'Espagnol', 'CO', 'ecología, el planeta', 'Isynou', '2020-10-04 00:00:00', 3170),
('3EME', 'Anglais', 'L\'école et la société. Les traditions américaines . La vie culturelle', 'American schools', 'Miss Watts-Edwards', '2020-10-04 00:00:00', 3169),
('6EME', 'Anglais', 'Parler de soi et d\'où on vient et où vient les autres; Le verbe auxiliaire be  dans le sens affirmative, négative et interrogative', 'Countries and nationalities', 'Miss Watts-Edwards', '2020-10-04 00:00:00', 3168),
('2NDE', 'Mathématiques', 'lire et compléter un tableau de signe, donner les solutions d\'une inéquation', 'tableau de signe, inéquation', 'Marie Diumenge', '2020-10-04 00:00:00', 3167),
('CE2', 'Mathématiques', 'révision ', 'numération et calcul', 'Azza', '2020-10-04 00:00:00', 3166),
('TERMINALE', 'Histoire géographie', 'politique extérieure.', 'Etats unis', 'G POULIQUEN', '2020-10-03 00:00:00', 3165),
('1ERE', 'Mathématiques', 'résoudre', 'résoltuion équations second degré sans discriminant', 'Marie Diumenge', '2020-10-03 00:00:00', 3164),
('6EME', 'Français', 'QCM ', 'QCM nouvelle Joker, Morgenstern', 'lafon', '2020-10-03 00:00:00', 3163),
('TERMINALE', 'Sciences', 'enseignement scientifique terminale. Thème 2. Chapitre 1', 'thème 2 2 siècles d\'électricité', 'nicolas.musson', '2020-10-03 00:00:00', 3162),
('6EME', 'Français', 'QCM ', 'QCM nouvelle une rentrée en bleu de chine, Izzo', 'lafon', '2020-10-03 00:00:00', 3160),
('1ERE', 'Mathématiques', 'associer une fonction du second degré à son tableau de variations, sa courbe', 'fonctions du 2nd degré, forme canonique, variations', 'Marie Diumenge', '2020-10-03 00:00:00', 3159),
('1ERE', 'Mathématiques', 'associer une fonction du second degré à son tableau de variations, sa courbe', 'fonctions du 2nd degré, forme canonique, variations', 'Marie Diumenge', '2020-10-03 00:00:00', 3158),
('2NDE', 'Mathématiques', 'coordonnées de vecteurs, parallélogrammes', 'coordonnées de vecteurs, parallélogrammes', 'bbesses', '2020-10-02 00:00:00', 3157),
('2NDE', 'Mathématiques', 'coordonnées de vecteurs, parallélisme, points alignés-déterminants', 'coordonnées de vecteurs, parallélisme, points alignés-déterminants', 'bbesses', '2020-10-02 00:00:00', 3156),
('2NDE', 'Mathématiques', '12 questions - 40 points', 'inequations-tableaux de signes', 'bbesses', '2020-10-02 00:00:00', 3155),
('TERMINALE', 'Mathématiques', '4 questions sur les limites de suites : définition et forme indeterminée', 'limite de suites', 'ssegolene', '2020-10-02 00:00:00', 3154),
('3EME', 'Sciences de la vie et de la terre', 'prérequis nécessaires pour aborder les notions de fin de cycle 4 sur les comportements à risques et effets sur le système nerveux', 'système nerveux/comportements à risques', 'Mme Wagner/M.Bouchot', '2020-10-02 00:00:00', 3153),
('4EME', 'Français', 'Etude du poème de Marbeuf : Et l\'amour et la mer...', 'Pierre de Marbeuf Dire l\'amour VERSIFICATION', 'Courgette', '2020-10-02 00:00:00', 3152),
('5EME', 'Français', 'QCM sur les fonctions grammaticales (thématique des grandes découvertes) compatibles pour 6ème aussi.', 'FONCTIONS GRAMMATICALES', 'Courgette', '2020-10-02 00:00:00', 3151),
('5EME', 'Français', 'Pour en finir avec à/a', 'homophones à-a', 'Courgette', '2020-10-02 00:00:00', 3150),
('5EME', 'Français', 'Réviser la conjugaison de l\'imparfait à travers des descriptions (et des reproductions) de tableaux impressionnistes.', 'Conjugaison de l\'imparfait de l\'indicatif', 'Courgette', '2020-10-02 00:00:00', 3149),
('2NDE', 'Biotechnologie', 'PSE/Thématique A/Module A3 : L\'activité Physique', 'PSE/Module A3 : L\'activité Physique', 'metaistaugis@gmail.com', '2020-10-02 00:00:00', 3148),
('6EME', 'Français', 'A quel groupe appartient chaque verbe ?', 'verbe groupe', 'Courgette', '2020-10-02 00:00:00', 3147),
('2NDE', 'Sciences de la vie et de la terre', 'Sexualité', 'Sexualité', 'CCTX_svt', '2020-10-02 00:00:00', 3146),
('2NDE', 'Sciences de la vie et de la terre', 'Spécialisation cellulaire', 'Cellules spécialisées', 'CCTX_svt', '2020-10-02 00:00:00', 3145),
('3EME', 'Histoire géographie', 'QCM général sur la PGM', 'Première Guerre mondiale', 'ccasiez', '2020-10-01 00:00:00', 3144),
('TERMINALE', 'Histoire géographie', 'L\'accession au pouvoir, l\'installation des régimes totalitaires dans les trois pays. ', 'Totalitarismes  Italie  Allemagne  urss', 'BARTROLICH', '2020-10-01 00:00:00', 3143),
('BTS1', 'Technologie', 'calcul d\'efforts sur les vérins ', 'vérin', 'PIBALEAU', '2020-10-01 00:00:00', 3142),
('4EME', 'Physique chimie', 'QCM EVALUATION LE SON', 'le son', 'jimenez.juan', '2020-09-30 00:00:00', 3141),
('TERMINALE', 'Physique chimie', 'enseignement scientifique', 'chapitre2 ', 'Haddad sandrine', '2020-09-29 00:00:00', 3140),
('BTS1', 'Management', 'QCM classe inversée', 'type de produits, marque, cycle de vie, gamme,étiquette,', 'cboyer3', '2020-09-29 00:00:00', 3139),
('CAP2', 'Activités non spécialisées', 'suite visite de la ville', 'Thonon histoire culture', 'AJL', '2020-09-29 00:00:00', 3138),
('6EME', 'Technologie', 'essai', 'test', 'Lerat', '2020-09-29 00:00:00', 3137),
('BTS1', 'Numérique et sciences informatiques', 'Évaluation sommative de fin de chapitre', 'SI, données, type de décisions, PGI, GRC, ', 'cboyer3', '2020-09-29 00:00:00', 3136),
('1ERE', 'Numérique et sciences informatiques', 'constructions élémentaires: variables et boucle for', 'Langage et programmation', 'Frayssi', '2020-09-29 00:00:00', 3135),
('2NDE', 'Sciences de la vie et de la terre', 'Classe inversée', 'Structure ADN', 'nlaurencin', '2020-09-28 00:00:00', 3134),
('TERMINALE', 'Histoire géographie', 'Interrogation-bilan axe 1.', 'spécialité, patrimoine', 'LENIS', '2020-09-28 00:00:00', 3133),
('1ERE', 'Numérique et sciences informatiques', 'QCM sur le 1er chap de SdGN (les différentes organisations). Niveau facile.', 'organisations', 'Cloërec', '2020-09-28 00:00:00', 3132),
('4EME', 'Histoire géographie', 'QCM de révisions (vérification de connaissances) sur le premier chapitre de l\'année en Histoire en 4è', 'Traite atlantique commerce triangulaire grand commerce XVIIIè siècle', 'LE COZ', '2020-09-28 00:00:00', 3131),
('2NDE', 'Sciences de la vie et de la terre', 'La biodiversité évolue au cours du temps', 'biodiversité', 'ElsaTrubert', '2020-09-28 00:00:00', 3130),
('1ERE', 'Sciences de la vie et de la terre', 'historique cellule', 'enseignement scientifique', 'montblanc', '2020-09-28 00:00:00', 3129),
('1ERE', 'Sciences', 'QCM1 sur la loi d\'Ohm après séance de co-inter', 'loi Ohm', 'Eouisse', '2020-09-28 00:00:00', 3128),
('5EME', 'Technologie', 'logiciels et rappels informatiques', 'logiciels informatiques', 'Roméo Brouté', '2020-09-27 00:00:00', 3127),
('2NDE', 'Physique chimie', 'QCM d\'appropriation de notions', 'dilution', 'brient', '2020-09-27 00:00:00', 3126),
('2NDE', 'Physique chimie', 'QCM d\'appropriation de notions', 'Solutions', 'Neaud', '2020-09-27 00:00:00', 3125),
('TERMINALE', 'Physique chimie', 'évaluation rapide sur le chapitre dosage par étalonnage incluant les spectroscopies UV et IR et la conductimétrie', 'dosage par étalonnage spectroscopie UV visible infrarouge conductimétrie', 'ROHAT Valérie', '2020-09-27 00:00:00', 3124),
('1ERE', 'Français', 'Evaluation sur les figures de style ', 'Figures de style ', 'Sam77', '2020-09-27 00:00:00', 3123),
('TERMINALE', 'Physique chimie', 'Un QCM qui se rapporte à la partie \"méthode physique d\'analyse\"', 'Beer Lambert, Kohlrausch, spectroscopie', 'Manteau', '2020-09-27 00:00:00', 3122),
('1ERE', 'Français', 'Quizz 1ère partie', 'L(étranger Camus', 'Busson', '2020-09-27 00:00:00', 3121),
('2NDE', 'Sciences numériques et technologie  ', 'prise en main simple python', 'python turtle boucle variable', 'troulet', '2020-09-26 00:00:00', 3120),
('2NDE', 'Sciences de la vie et de la terre', 'Acquisition des caractères sexuels secondaires', 'Puberté', 'CCTX_svt', '2020-09-26 00:00:00', 3119),
('2NDE', 'Sciences de la vie et de la terre', 'Acquisition des caractéristiques sexuelles', 'sexe gonadique', 'CCTXsvt', '2020-09-26 00:00:00', 3118),
('6EME', 'Arts plastiques', 'Questions sur les couleurs pures', 'cercle chromatique', 'Teskat', '2020-09-25 00:00:00', 3117),
('4EME', 'Anglais', '10 questions sur le vocabulaire \'Back to school\' et le verbes du gôuts ', 'vocab et gram goûts ', 'Dos Santos ', '2020-09-25 00:00:00', 3116),
('5EME', 'Physique chimie', 'initiation élec', 'électricité', 'Alexis Dubosquet', '2020-09-25 00:00:00', 3115),
('2NDE', 'Histoire géographie', 'Thème 1 d\'histoire - chapitre 1 - 1re partie ', 'L\'héritage de la démocratie athénienne', 'Benoît Ikhlef', '2020-09-24 00:00:00', 3114),
('2NDE', 'Sciences numériques et technologie  ', 'QCM sur le réseau et le protocole d\'adressage des machines', 'Internet IP binaire', 'M.OUVRARD', '2020-09-24 00:00:00', 3113),
('3EME', 'Espagnol', 'QCM', 'anatolio', 'Lahuerta', '2020-09-24 00:00:00', 3112),
('1ERE', 'Physique chimie', 'Quelques questions autour de la radioactivité.', 'Elements chimique, radioactivité', 'Gwenaël Cassel', '2020-09-23 00:00:00', 3111),
('TERMINALE', 'Education physique et sportive', 'qcm sur la vma , vo2max et nutrition.', 'course de durée', 'halim Abdelghani', '2020-09-23 00:00:00', 3110),
('6EME', 'Mathématiques', 'Fiche de révision d\'entrée en 6ème', 'Fiche de révision n°2', 'EL GUASMI ', '2020-09-23 00:00:00', 3109),
('TERMINALE', 'Sciences de la vie et de la terre', 'Plusieurs questions ont des documents support expérimentaux: thème: la production d\'ATP par la fibre musculaire', 'ATP, respiration, fermentation, glycolyse', 'jmi56', '2020-09-23 00:00:00', 3108),
('2NDE', 'Mathématiques', 'Ensembles de nombres Intervalle de R', 'ensembles,nombres,intervalles,valeurs,absolues', 'E Chainey', '2020-09-23 00:00:00', 3107),
('1ERE', 'Sciences de la vie et de la terre', 'All about the differences between mitosis and meiosis', 'european section, mitosis, meiosis', 'jmi56', '2020-09-23 00:00:00', 3106),
('TERMINALE', 'Physique chimie', 'titrage ', 'Titrage', 'CORDOBA', '2020-09-23 00:00:00', 3105),
('1ERE', 'Physique chimie', 'Destiné aux élèves de 1ère spécialité, ce QCM reprend les bases des réactions d\'oxydoréduction et le vocabulaire associé. Possibilité de travail en autonomie avec des capsules de cours à visionner permettant de revoir le vocabulaire et la méthode pour équilibrer des demi-équations d\'oxydoréduction en milieu acide.', 'Oxydoréduction, couple oxydant / réducteur, demi équation électronique, réaction d\'oxydation et de réduction', '-', '2020-09-23 00:00:00', 3104),
('TERMINALE', 'Philosophie', 'Porte sur un cours d\'introduction à la philosophie. Matériaux : jankelevitch à Apostrophes : à quoi servent les philosophes - jaspers, extrait d\'introduction à la philosophie, aristote, métaphysique, l\'étonnement au principe de la philosophie - repères : absolu/relatif.', 'philosophie, aristote, jaspers, jankelevitch, abolu/relatif', 'Ab-Poirey', '2020-09-23 00:00:00', 3103),
('6EME', 'Education physique et sportive', 'À partir de ces 3 vidéos: \n 1- https://www.ffdf.fr/lultimate-en-10-points/(Qu’est ce que l’Ultimate ? )\n   2- https://www.youtube.com/watch?v=YqvxczAEh40(Ultimate-règlement : Les principes de jeu)\n   3- https://www.youtube.com/watch?v=Wm9zo_D0XTI(Ultimate-règlement : Les fautes et violations fréquentes) \n... Faire réaliser aux élèves ce QCM de révision sur l\'ensemble des règles et principes de jeu de l\'Ultimate en amont d\'une première séance d\'Ultimate et/ou en continuité des premières leçons pour stabiliser les règles et principes de jeu de l\'activité.  ', 'Règles et principes de jeu Ultimate', 'Dylan Beaumont', '2020-09-23 00:00:00', 3102),
('TERMINALE', 'Mathématiques', 'Suites', 'STHR', 'BenRip', '2020-09-22 00:00:00', 3101),
('5EME', 'Education musicale', 'Retrouver, reconnaître  le thème du Dies Irae ', 'Dies Iare', 'BRIED', '2020-09-22 00:00:00', 3100),
('TERMINALE', 'Histoire géographie', 'La crise économique et ses conséquences aux Etats Unis, France et Amérique Latine', 'CRISE ECONOMIQUE', 'BARTROLICH', '2020-09-22 00:00:00', 3099),
('1ERE', 'Sciences de la vie et de la terre', 'Échelles de la roche à la maille', 'roche ; maille', 'CCTX_svt', '2020-09-22 00:00:00', 3098),
('1ERE', 'Sciences de la vie et de la terre', 'Géométrie du cube et de la sphère pour cristallographie', 'rappels géométrie', 'CCTXsvt', '2020-09-22 00:00:00', 3097),
('5EME', 'Mathématiques', 'test FM', 'test FM', 'Claire.Lagarde@ac-reunion.fr', '2020-09-22 00:00:00', 3096),
('1ERE', 'Physique chimie', 'Thème 1', 'Enseignement scientifique atome et isotope', 'pfavero', '2020-09-21 00:00:00', 3095),
('1ERE', 'Physique chimie', 'Pour les premières spé PC, après le chapitre sur les quantités de matière.', 'Quantités de matière, dissolution, dilution, concentrations', 'Zilber Karevski', '2020-09-21 00:00:00', 3094),
('4EME', 'Education musicale', 'Musique pure à l\'époque classique', 'Classique', 'COMMUN', '2020-09-21 00:00:00', 3093),
('3EME', 'Technologie', 'Hierarchiser les besoins', 'Besoins', 'sabatier', '2020-09-21 00:00:00', 3092),
('6EME', 'Education musicale', 'Musique et temps', 'temps', 'COMMUN', '2020-09-21 00:00:00', 3091),
('CAP2', 'Technologie', 'Vérification des connaissances sur la machine à boutonnière et la machine pose bouton.', 'Vêtement Flou, technologie matériel, pose bouton, machien à boutonnière', 'edme', '2020-09-21 00:00:00', 3090),
('BTS2', 'Activités non spécialisées', 'QCM sur chapitre 1, la veille', 'gestion des risques, veille', 'BRETNACHER', '2020-09-21 00:00:00', 3089),
('6EME', 'Histoire géographie', 'pour réviser les grandes périodes avec des éléments associés à chacune', 'les grandes périodes', 'CB', '2020-09-20 00:00:00', 3086),
('6EME', 'Mathématiques', 'pour réviser ou aborder les éléments de base en géométrie.', 'éléments de bas géométrie, point, droite, segment, perpendiculaire, parallèle', 'CB', '2020-09-20 00:00:00', 3085),
('6EME', 'Mathématiques', 'exercices de révision pour la rentrée en 6ème', 'révision', 'EL GUASMI', '2020-09-20 00:00:00', 3084),
('4EME', 'Espagnol', 'QCM diagnostique', 'diagnostique', 'lartigue', '2020-09-20 00:00:00', 3083),
('5EME', 'Physique chimie', 'Premier QCM / début de la séquence élec', 'électricité', 'Alexis Dubosquet', '2020-09-20 00:00:00', 3082),
('1ERE', 'Histoire géographie', 'Qcm portant sur l\'introduction du thème 2', 'Thème 2 puissance', 'Sophie.Simon@ac-lyon.fr', '2020-09-20 00:00:00', 3081),
('3EME', 'Mathématiques', 'Nombres premiers - Décompositions - Diviseurs -Multiples', 'Nombres premiers - Décompositions - Diviseurs -Multiples', 'LIGER', '2020-09-19 00:00:00', 3080),
('TERMINALE', 'Physique chimie', 'sélection de questions d\'un QCM déjà publié sur ces notions par jp mathieu', 'spécialité-chimie-acide-base-pH', 'BI', '2020-09-19 00:00:00', 3078),
('TERMINALE', 'Droit', 'Q\'est-ce que le droit', 'DGEMC Introduction', 'HDMIL', '2020-09-19 00:00:00', 3077),
('1ERE', 'Génie mécanique', 'Ce qcm s\'adresse à des élèves de 1ère BP Maintenance des véhicules option voitures particulières', 'La dépollution des moteurs', 'Pascal P', '2020-09-19 00:00:00', 3076),
('4EME', 'Sciences de la vie et de la terre', 'Magnitude, Intensité et Risque sismique', 'seismes', 'najar', '2020-09-18 00:00:00', 3075),
('TERMINALE', 'Sciences de la vie et de la terre', 'CH1 et CH2 du programme de génétique spécialité SVT', 'génétique', 'LSpagnoli', '2020-09-18 00:00:00', 3074),
('6EME', 'Enseignement moral et civique', 'Questionnaire pour sélectionner les élèves pour le projet Erasmus +', 'ERASMUS+', 'wondergwen', '2020-09-18 00:00:00', 3073),
('5EME', 'Mathématiques', 'Addition soustraction relatifs', 'Relatifs, 5e', 'Fontaine Laure', '2020-09-17 00:00:00', 3072),
('5EME', 'Education musicale', 'Moyen Age', 'Moyen Age', 'COMMUN', '2020-09-17 00:00:00', 3071),
('1ERE', 'Sciences de l\'ingénieur', '4 questions sur les diagrammes sysml', 'sysml', 'reubrez christophe', '2020-09-17 00:00:00', 3070),
('1ERE', 'Sciences de l\'ingénieur', 'les grandeurs d\'énergie, de puissance et de rendement ', 'ENERGIE RENDEMENT ', 'HBERTHE', '2020-09-17 00:00:00', 3069),
('3EME', 'Espagnol', 'Presentación de una candidata', 'MasterChef Junior', 'Jvieira', '2020-09-17 00:00:00', 3068),
('TERMINALE', 'Sciences de la vie et de la terre', 'évaluer ses connaissances sur la méiose, les brassages, l\'écriture des génotypes, la notion de diploïdie, d\'hétérozygotie etc...', 'génétique ; méiose ; brassages ; génotype', 'SVT KJu', '2020-09-17 00:00:00', 3067),
('2NDE', 'Histoire géographie', 'Petit QCM de révision des connaissances ', 'Athènes', 'Rachel Messina', '2020-09-16 00:00:00', 3066),
('2NDE', 'Physique chimie', 'solides ioniques ( composition; nom; formule )', 'solides ioniques', 'ROHAT Valérie', '2020-09-16 00:00:00', 3065),
('1ERE', 'Physique chimie', 'QCM sur le début du chapitre son en enseignement scientifique.', 'son pur son composé', 'ROHAT Valérie', '2020-09-16 00:00:00', 3064),
('5EME', 'Français', 'familles de mots (leçon colibris)', 'radical, préfixe, suffixe', 'granath', '2020-09-16 00:00:00', 3063),
('5EME', 'Mathématiques', 'Nommer une expression et calculs avec parenthèses.', 'nommer expression - parenthèses', 'LIGER', '2020-09-16 00:00:00', 3062),
('3EME', 'Anglais', 'QCM comparatives pour les 3èmes', 'Comparatives', 'Mrs Stark', '2020-09-16 00:00:00', 3061),
('1ERE', 'Français', 'QCM créé à partir du film \"Jean de La Fontaine, le défi!\"\nniveau technologique', 'La Fontaine, fables', 'Lacroix-Blondel', '2020-09-16 00:00:00', 3060),
('TERMINALE', 'Physique chimie', 'QCM 6 questions : cours et application directe. Chapitre atténuation de sons', 'Atténuation sons', 'Foucras', '2020-09-16 00:00:00', 3059),
('1ERE', 'Physique chimie', 'Destiné aux élèves de 1ère STL avec la majorité des questions utilisable avec les 1ère spécialité : QCM sur la nomenclature avec des questions sur les groupes caractéristiques et les familles chimiques. Une playlist de capsule de cours est disponible pour aider les élèves.', 'Nomenclature, alcane, alcool, aldéhyde, cétone, acide carboxylique, amine', '-', '2020-09-16 00:00:00', 3058),
('2NDE', 'Mathématiques', 'Fonctions : image, antécédents, lecture graphique', 'Automatismes, 5 questions', 'f Marrot', '2020-09-16 00:00:00', 3057),
('5EME', 'Mathématiques', '8 questions sur les triangles particuliers et l\'inégalité triangulaire', 'triangle, triangles particuliers, inégalité triangulaire', 'HAINAUT', '2020-09-16 00:00:00', 3056),
('3EME', 'Français', 'Lecture cursive en autonomie ', 'Le Message, Andrée Chédid', 'OTERO Cécile', '2020-09-16 00:00:00', 3055),
('1ERE', 'Physique chimie', '2quilibrer des équations de combustions', 'equation de combustion - Chimie SCPL', 'Gwenaelle Frapsauce', '2020-09-15 00:00:00', 3054),
('TERMINALE', 'Physique chimie', ' Profil réactionnel, catalyseur, étape inetiquement déterminante', 'Chimie SPCL  profil réactionnel', 'Gwenaelle Frapsauce', '2020-09-15 00:00:00', 3053),
('2NDE', 'Histoire géographie', '13 questions à choix multiple, niveau facile.', 'La périodisation', 'PUECH Joseph', '2020-09-14 00:00:00', 3052),
('2NDE', 'Mathématiques', 'bilan du chapitre de définition des vecteurs et de la définition des coordonnées d\'un vecteur.', 'vecteurs - coordonnées', 'harchymaide', '2020-09-14 00:00:00', 3051),
('1ERE', 'Sciences', 'réviser le cours de première_enseignement scientifique sur le son', 'son, gammes, acoustique', 'odelot', '2020-09-14 00:00:00', 3050),
('1ERE', 'Sciences de la vie et de la terre', 'QCM permettant de tester les connaissances sur le chapitre \'cellule\' du thème 1 (théorie cellulaire, ultrastructure, membrane)', 'enseignement scientifique cellule', 'sbayle-de-jesse', '2020-09-14 00:00:00', 3049),
('TERMINALE', 'Sciences de la vie et de la terre', 'questions de connaissances sur la contraction musculaire', 'contracion musculaire', 'samplay', '2020-09-14 00:00:00', 3048),
('3EME', 'Histoire géographie', 'Pour se tester sur les formations après la 3ème', 'Orientation après 3ème', 'leblay', '2020-09-14 00:00:00', 3047),
('1ERE', 'Activités non spécialisées', 'L\'élève et le numérique', 'AP 1ERE Numérique', 'A.Chéreau', '2020-09-13 00:00:00', 3046),
('1ERE', 'Mathématiques', 'Entrainement Automatismes EC Techno', '1STL Automatismes', 'PORTMANN Yohann', '2020-09-11 00:00:00', 3045),
('2NDE', 'Physique chimie', 'Un ensemble de questions portant sur le chapitre de la production et propagation des sons', 'Sons, période, fréquence, célérité, son pur, instrument de musique', 'GPonsonnet', '2020-09-11 00:00:00', 3044),
('2NDE', 'Sciences numériques et technologie  ', '  ', 'QCM les fichiers', 'MARQUES', '2020-09-11 00:00:00', 3043),
('2NDE', 'Physique chimie', 'Révision des acquis du collège', 'masse, pesée , lire un volume, réaliser une pesée', 'Fulcrand', '2020-09-10 00:00:00', 3042),
('5EME', 'Histoire géographie', 'je reprends les questions d\'un exercice du manuel hatier, je compose partiellement les réponses. Les élèves font leur exercice sur leur cahier et vont ensuite sur Pronote pour vérifier leur réponses (le temps du QCM est limité). Cela me permet aussi de savoir rapidement qui a fait ou non l\'exercice et quelle questions a posé le plus de problèmes', 'population exercice manuel', 'Christine Thuillier', '2020-09-10 00:00:00', 3041),
('6EME', 'Français', 'Questionnaire de lecture, choix multiples', 'Petit-Poucet', 'ygranath', '2020-09-10 00:00:00', 3040),
('2NDE', 'Physique chimie', 'caractéristiques du son', 'son', 'laetitia', '2020-09-10 00:00:00', 3039),
('2NDE', 'Sciences numériques et technologie  ', 'QCM les e-mails', 'QCM les e-mails', 'marques', '2020-09-10 00:00:00', 3038);
INSERT INTO `indexeducation` (`Niveau`, `Matiere`, `Description`, `Motes_Clefs`, `Auteur`, `Date`, `N_fichier_XML`) VALUES
('CAP2', 'Mathématiques', 'diverses questions sur les pourcentages , la proportionnalité ', 'pourcentages, vocabulaire statistique, proportionnalité', 'Emilie DUBUC', '2020-09-10 00:00:00', 3037),
('5EME', 'Histoire géographie', '30 questions sur les Empires byzantins et carolingiens', 'Justinien 1er, Charlemagne, empire carolingien, empire byzantin', 'Camelot Pascal', '2020-09-10 00:00:00', 3036),
('2NDE', 'Sciences numériques et technologie  ', 'pour connaître le niveau d\'équipement des élèves en début d\'année (utile en cas de continuité pédagogique)', 'questionnaire équipement', 'E.D', '2020-09-09 00:00:00', 3035),
('1ERE', 'Numérique et sciences informatiques', 'G1SNSIN03326', 'Sujet EC G1SNSIN03326', 'Fabrice Perez', '2020-09-09 00:00:00', 3034),
('TERMINALE', 'Sciences de la vie et de la terre', 'Recette n°1 de gâteau au chocolat ', 'Chocolat 1', 'Victor Lavenant', '2020-09-09 00:00:00', 3033),
('TERMINALE', 'Physique chimie', 'INFO IMPORTANTE\ncher(e)s collègues de physique-chimie enseignant en terminale. Voici un QCM sur le chapitre modélisation des transfo acides-bases. J\'ai fais le taf pour un chapitre mais n\'aurait malheureusement pas le temps de le faire pour tous... Le principe de site étant la mutualisation, si le nombre de personnes qui déposent un QCM pour les spé TS avoisinent le nombre de personnes qui téléchargent, on aura vite couvert l\'ensemble du programme de spé TS ! A bon entendeurs....et au plaisirs de pouvoir lire et télécharger un de vos QCM très prochainement ! \nPetit précision : Le QCM comporte 38 questions dont certaines sont redondantes donc prévues pour être diffuser en ne sélectionnant qu\'une partie des questions.', 'spécialité, chimie, acide-base', 'jp mathieu', '2020-09-09 00:00:00', 3032),
('2NDE', 'Sciences numériques et technologie  ', 'QCM sur le théme du web en SNT', 'WEB;cookies;URL;HTML;CSS;BALISES;HTTP', 'yann.simon', '2020-09-08 00:00:00', 3031),
('5EME', 'Mathématiques', 'Ordre de grandeur d\'un calcul', 'Ordre de grandeur', 'LIGER', '2020-09-08 00:00:00', 3028),
('4EME', 'Mathématiques', 'reconnaître des pyramides et cônes', ' pyramides et cônes', 'dubois', '2020-09-07 00:00:00', 3026),
('CAP1', 'Activités non spécialisées', 'QCM sur les pictogrammes de sécurités', 'Sécurité', 'PHILIPPE', '2020-09-07 00:00:00', 3025),
('1ERE', 'Numérique et sciences informatiques', 'enquête succincte sur le matériel informatique personnel de chaque élève', 'enquête matériel informatique personnel', 'palaysi', '2020-09-07 00:00:00', 3024),
('2NDE', 'Sciences de la vie et de la terre', 'Un QCM pour tester les acquis de troisième avant de commencer le thème 1 chapitre 1', 'Révisions, acquis, troisième, SVT', 'Veylon', '2020-09-07 00:00:00', 3023),
('TERMINALE', 'Technologie', 'Fiche écrite de l\'examen du permis C et CE', 'Permis CTRM', 'Urbanowicz', '2020-09-07 00:00:00', 3022),
('TERMINALE', 'Technologie', 'Fiche écrite de l\'examen du permis C et CE', 'Permis CTRM', 'Urbanowicz', '2020-09-07 00:00:00', 3021),
('3EME', 'Activités non spécialisées', 'QCM sur l\'année de 3ème avec diaporamas présentés à la prérentrée.', 'Vie de classe', 'DJEGHIDEL', '2020-09-07 00:00:00', 3020),
('TERMINALE', 'Physique chimie', 'SPECIALITE - chimie - Réactions et couples acides-bases uniquement - questions redondantes donc  QCM prévu pour être diffusé en ne sélectionnant que certaines questions ...', 'spécialité, chimie, acide-base', 'jp mathieu', '2020-09-06 00:00:00', 3019),
('5EME', 'Français', 'Réviser la leçon sur la versification', 'versification', 'M. Buys', '2020-09-06 00:00:00', 3018),
('2NDE', 'Mathématiques', 'Un QCM varié (réponses courtes, appariement, texte à trous, etc...) sur les taux d\'évolution et les CM.', 'CM,pourcentages, taux', 'goncalves sandrine', '2020-09-06 00:00:00', 3017),
('5EME', 'Mathématiques', '5 questions pour tester les priorités multiplications / divisions', 'Priorités Opératoires (sans parenthèses)', 'HAINAUT', '2020-09-05 00:00:00', 3016),
('1ERE', 'Allemand', 'révision noms de pays, nationalités', 'révision noms de pays, nationalités', 'Michèle HOENEN', '2020-09-04 00:00:00', 3015),
('6EME', 'Français', 'Réviser le verbe', 'Verbe', 'M. Buys', '2020-09-04 00:00:00', 3014),
('4EME', 'Technologie', 'Source : https://ent2d.ac-bordeaux.fr/disciplines/sti-college/2019/09/25/filius-un-logiciel-de-simulation-de-reseau-simple-et-accessible/', 'Algorithme de routage', 'CHABAUTY', '2020-09-04 00:00:00', 3013),
('1ERE', 'Mathématiques', 'QCM diagnostique sur les calculs commerciaux en début de séquence de co-intervention', 'coût d\'achat TVA marge Prix TTC prix HT', 'Adrien r', '2020-09-04 00:00:00', 3012),
('1ERE', 'Mathématiques', 'test de connaissance à la fin d\'une séance de cointervention', 'coût d\'achat', 'Adrien r', '2020-09-04 00:00:00', 3011),
('4EME', 'Latin', 'QCM sur les 2ères déclinaisons', 'déclinaison', 'mcgohin', '2020-09-03 00:00:00', 3010),
('3EME', 'Français', 'questionnaire de lecture sur la mécanique du coeur de Malzieu', 'lecture, mécanique', 'mcgohin', '2020-09-03 00:00:00', 3009),
('5EME', 'Technologie', 'Bien choisir les matériaux pour limiter l\'impact sur l\'environnement', 'Matériaux , impact sur l\'environnement, impact environnemental des matériaux, cycle de vie, les impacts des matériaux', 'Andricomanga', '2020-09-03 00:00:00', 3008),
('1ERE', 'Communication', 'Test de positionnement pour des élèves issus de seconde Métiers de la relation client à faire dans le courant de l\'année.', 'Accueil, commerce', 'FAUCHET', '2020-09-03 00:00:00', 3007),
('1ERE', 'Histoire géographie', '10 questions.  ', 'expositions universelles Paris', 'BARTROLICH', '2020-09-03 00:00:00', 3006),
('TERMINALE', 'Education physique et sportive', 'Questionnaire EPS début d\'année (divers, santé, activités pratiquées). ', 'Questionnaire EPS début d\'année', 'Cornu', '2020-09-03 00:00:00', 3005),
('4EME', 'Technologie', 'Source : https://ent2d.ac-bordeaux.fr/disciplines/sti-college/2019/09/25/filius-un-logiciel-de-simulation-de-reseau-simple-et-accessible/', 'Notion de protocole, d’organisation de protocoles en couche', 'CHABAUTY', '2020-09-03 00:00:00', 3004),
('5EME', 'Technologie', 'Copie du QCM Google FROMS du site de l\'ac-bordeaux', 'Architecture d’un réseau local', 'CHABAUTY', '2020-09-03 00:00:00', 3003),
('TERMINALE', 'Activités non spécialisées', 'Récapitulatif des contenus de Physique-chimie du chapitre  sur la consommation des sources d\'énergie en Tle Enseignement Scientifique', 'consommation source énergie', 'Bruno SIBILLE', '2020-09-02 00:00:00', 3002),
('TERMINALE', 'Physique chimie', 'Vérification de l\'appropriation du chapitre de physique sur la cinématique (Référentiels, vecteurs position, vitesse et accélération.)', 'Cinématique Mécanique Vitesse Accélération Référentiel', 'Bruno SIBILLE', '2020-09-02 00:00:00', 3001),
('3EME', 'Histoire géographie', 'test sur les repères en début de chapitre sur la PGM', 'première guerre mondiale, tranchées', 'Rouault Benoît', '2020-09-02 00:00:00', 3000),
('TERMINALE', 'Sciences de la vie et de la terre', 'Réviser et comprendre l\'origine et les conséquences possibles des crossing-over inégaux', 'crossing-over, duplication', 'SVT CaJUBx', '2020-09-02 00:00:00', 2999),
('2NDE', 'Sciences de la vie et de la terre', 'qcm sur la formation des roches sédimentaires', 'roches sédimentaires, érosion, sédimentation', 'smonvoisin', '2020-09-02 00:00:00', 2997),
('1ERE', 'Management', 'révision sdgn/mana', 'sdgn', 'hglissa', '2020-09-02 00:00:00', 2996),
('TERMINALE', 'Physique chimie', 'Terminale enseignement scientifique - QCM sur le thème 1.4 Énergie, choix de développement et futur climatique.\nVidéos de méthodologie disponibles pour les parties calculatoires.', 'Energie, choix de développement, futur climatique , conversions d\'unités, masse de CO2 produite par unité d\'énergie,', '-', '2020-09-01 00:00:00', 2995),
('TERMINALE', 'Droit', 'QCM de positionnement en droit pour les élèves passant de la première à la terminale STMG', 'positionnement droit', 'carnardi', '2020-09-01 00:00:00', 2994),
('2NDE', 'Anglais', 'verbes irréguliers', 'verbes irréguliers', 'Sarah Vieille', '2020-09-01 00:00:00', 2993),
('3EME', 'Activités non spécialisées', 'Un QCM court servant surtout à évaluer en début d\'année la capacité qu\'ont les élèves à utiliser pronote pour rester en contact avec leurs enseignements.', 'QCM outils de travail à distance', 'Labigand Julien', '2020-09-01 00:00:00', 2992),
('6EME', 'Anglais', 'dictée de nombres', 'nombres', 'annie', '2020-08-31 00:00:00', 2991),
('CAP1', 'Numérique et sciences informatiques', 'QCM Pronote destiné aux journées numériques rentrée 2020', 'QCM pronote ', 'el mekaoui', '2020-08-31 00:00:00', 2990),
('2NDE', 'Physique chimie', 'transformations chimiques-bilan', 'transformations physiques', 'BARON c', '2020-08-29 00:00:00', 2989),
('3EME', 'Physique chimie', 'pH, mesures, définition', 'pH', 'FV', '2020-08-28 00:00:00', 2988),
('TERMINALE', 'Sciences de la vie et de la terre', 'test des acquis de seconde et première pour préparer le chapitre \"organisation fonctionnelle de la plante à fleurs\"', 'test de connaissances la plante', 'LTHIBAULT', '2020-08-27 00:00:00', 2987),
('TERMINALE', 'Physique chimie', 'Test des connaissances sur le chapitre acide base', 'Acide base', 'Neaud', '2020-08-25 00:00:00', 2986),
('TERMINALE', 'Sciences de l\'ingénieur', 'révisions : puissances, loi Electricité,logique, algorigrammes', 'revisions de 1eres', 'bourgeois', '2020-08-24 00:00:00', 2985),
('3EME', 'Espagnol', 'C.O. Entrevista profesional ', 'C.O. Cortometraje LA ENTREVISTA', 'Katia F.', '2020-08-23 00:00:00', 2984),
('4EME', 'Espagnol', 'C.O. De pequeños ', 'Recuerdos de infancia', 'Katia F.', '2020-08-23 00:00:00', 2983),
('5EME', 'Espagnol', 'C.E. Dialogue', 'C.E. En el chat de Julieta ( Quisiera 1ère année p.40 )', 'Katia F.', '2020-08-23 00:00:00', 2982),
('4EME', 'Espagnol', 'C.O.¡ Qué alegría ! ( Recuerdos de infancia )', '¡ Qué alegría !', 'Katia F.', '2020-08-23 00:00:00', 2981),
('5EME', 'Espagnol', 'C.O. ¿ Qué meto en la maleta ?', 'La ropa', 'Katia F.', '2020-08-23 00:00:00', 2980),
('3EME', 'Espagnol', 'C.O. Mise en relation dates et évènements historiques', 'Histoire', 'Katia F.', '2020-08-23 00:00:00', 2979),
('1ERE', 'Mathématiques', 'paramètres statistiques', 'statistique', 'LA', '2020-08-21 00:00:00', 2978),
('CAP1', 'Mathématiques', 'tester les prérequis', 'test de positionnement', 'ludinant wilk', '2020-08-21 00:00:00', 2977),
('2NDE', 'Génie mécanique', 'test de connaissance sur la suspension', 'suspension véhicule', 'jeromeR', '2020-08-20 00:00:00', 2976),
('2NDE', 'Génie mécanique', 'test de connaissance sur le pneumatique', ' dimension pneumatique', 'jeromeR', '2020-08-20 00:00:00', 2975),
('2NDE', 'Génie mécanique', 'test d\'évaluation des connaissances du cycle à 4 temps', 'moteur 4 temps', 'jeromeR', '2020-08-20 00:00:00', 2974),
('4EME', 'Espagnol', 'QCM basé sur une vidéo de Tío Spanish sur el Día del libro - San Jordi', 'Día del libro', 'Choque', '2020-08-19 00:00:00', 2973),
('1ERE', 'Histoire géographie', 'Spé HGGSP. Russie, une puissance en reconstruction', 'Russie, HGGSP, spécialité', 'Fguers', '2020-08-15 00:00:00', 2972),
('2NDE', 'Histoire géographie', 'QCM sur Humanisme, renaissance, réformes', 'humanisme', 'Fguers', '2020-08-15 00:00:00', 2971),
('2NDE', 'Histoire géographie', 'QCM, chapitre l\'ouverture atlantique', 'ouverture atlantique', 'Fguers', '2020-08-15 00:00:00', 2970),
('1ERE', 'Physique chimie', 'Destiné aux élèves de 1ère spécialité, ce QCM reprend les calculs de base du chapitre sur la mole. Possibilité de travail en autonomie avec des capsules de cours à visionner.', 'La mole , Quantité de matière, Volume molaire,  Masse molaire, Concentration molaire', '-', '2020-08-14 00:00:00', 2969),
('4EME', 'Physique chimie', 'transformation physique et mélange', 'mélange, changement d\'état', 'Angélique', '2020-07-28 00:00:00', 2968),
('4EME', 'Physique chimie', 'transformation chimique', 'atome, molécule, réactif, produit, équation', 'Angélique', '2020-07-28 00:00:00', 2967),
('3EME', 'Physique chimie', 'poids et masse', 'poids, masse, unité, appareil, formule', 'Angélique', '2020-07-28 00:00:00', 2966),
('3EME', 'Physique chimie', 'les signaux', 'son, lumière, vitesse, propagation', 'Angélique', '2020-07-28 00:00:00', 2965),
('4EME', 'Physique chimie', 'les mouvements', 'trajectoire, mouvement', 'Angélique', '2020-07-28 00:00:00', 2964),
('4EME', 'Physique chimie', 'les combustions', 'combustible, comburant, carbone, transformation chimique', 'Angélique', '2020-07-28 00:00:00', 2963),
('3EME', 'Physique chimie', 'la gravitation', 'action interaction, loi', 'Angélique', '2020-07-28 00:00:00', 2962),
('5EME', 'Physique chimie', 'l\'eau', 'eau, solide, liquide, gazeux, cycle de l\'eau, test de reconnaissance', 'Angélique', '2020-07-28 00:00:00', 2961),
('5EME', 'Physique chimie', 'les changements d\'états', 'changements d\'états', 'Angélique', '2020-07-28 00:00:00', 2960),
('5EME', 'Physique chimie', 'caractéristiques des états physiques', 'états physiques, solide, liquide, gazeux, volume propre, forme propre', 'Angélique', '2020-07-28 00:00:00', 2959),
('6EME', 'Histoire géographie', 'Etude de Trajan (denier en or)', 'Empereur romain', 'Fabrice Hoarau', '2020-07-11 00:00:00', 2958),
('TERMINALE', 'Physique chimie', 'évaluation diagnostique', 'révision 1ère ondes', 'Picard', '2020-07-09 00:00:00', 2957),
('BTS1', 'Biotechnologie', 'questions sur l\'anatomie et la physiologie rénale', 'physiologie rénale; rein; néphron; ', 'absolujulie', '2020-07-07 00:00:00', 2956),
('BTS1', 'Biotechnologie', 'porte sur les voies métaboliques actives pendant l\'effort, que ce soit dans les muscles ou dans les organes de stockage de nutriments énergétiques', 'métabolisme; exercice physique; effort', 'absolujulie', '2020-07-07 00:00:00', 2955),
('BTS1', 'Biotechnologie', 'porte sur les voies métaboliques et transfert de nutriments entre organes durant la phase de jeûne', 'métabolisme; phase inter-prandiale; jeûne', 'absolujulie', '2020-07-07 00:00:00', 2954),
('BTS1', 'Biotechnologie', 'porte sur les voies métaboliques activées en phase post-prandiale, sur les formes de stockage et de conversion des différents nutriments énergétiques', 'métabolisme; phase post-prandiale', 'absolujulie', '2020-07-07 00:00:00', 2953),
('BTS1', 'Anglais', 'Lexique basique du marché immobilier et de l\'estimation partie 2', 'The Property Market and Valuation #2', 'csemperebrun', '2020-07-05 00:00:00', 2952),
('BTS1', 'Anglais', 'Lexique basique du marché immobilier et de l\'estimation partie 1', 'The Property Market and Valuation #1', 'csemperebrun', '2020-07-05 00:00:00', 2951),
('BTS1', 'Anglais', 'Lexique basique de la description des biens', 'Describing Properties', 'csemperebrun', '2020-07-05 00:00:00', 2950),
('BTS1', 'Anglais', 'Lexique basique des types d\'architecture et d\'organisation urbaine.', 'Architecture & towns', 'csemperebrun', '2020-07-05 00:00:00', 2949),
('BTS1', 'Anglais', 'Lexique basique du métier d\'agent immobilier', 'The Real Estate Agent', 'csemperebrun', '2020-07-05 00:00:00', 2948),
('4EME', 'Français', 'vocabulaire d\'analyse de la poésie', 'Poésie versification', 'Cécile Gilly', '2020-07-05 00:00:00', 2947),
('3EME', 'Français', 'vocabulaire d\'analyse de la poésie', 'Poésie versification', 'Cécile Gilly', '2020-07-05 00:00:00', 2946),
('4EME', 'Français', 'Après  le visionnage des actes IV et V dans la mise en scène d\'Yves Beaunesne', ' le CID', 'Cécile Gilly', '2020-07-05 00:00:00', 2945),
('4EME', 'Français', 'Après la lecture ou  le visionnage des actes I à III', ' le CID', 'Cécile Gilly', '2020-07-05 00:00:00', 2944),
('5EME', 'Mathématiques', 'problèmes divers', 'problèmes', 'chappui', '2020-07-04 00:00:00', 2943),
('3EME', 'Mathématiques', 'statistiques, lectures de graphiques, calcul de moyennes et de médianes', 'statistiques', 'chappui', '2020-07-04 00:00:00', 2942),
('5EME', 'Mathématiques', 'série de 10 questions de calcul mental (nombres relatifs, priorités opératoires)', 'calculs', 'chappui', '2020-07-04 00:00:00', 2941),
('5EME', 'Français', 'Ce QCM porte sur l\'accord des participes passés', 'Accord des participes passés', 'S. Lamé', '2020-07-04 00:00:00', 2940),
('3EME', 'Physique chimie', 'EDPC - Cycle 4-2nde - Clg-Lyc', 'EDPC,Signaux,Propagation', 'Nabil Lamrani', '2020-07-03 00:00:00', 2939),
('1ERE', 'Français', 'Questionnaire de lecture ', 'Princesse de Clèves', 'Sandra Couvreur', '2020-07-03 00:00:00', 2938),
('3EME', 'Histoire géographie', '12 questions', 'espaces de faible densité', 'BChauvet', '2020-07-02 00:00:00', 2937),
('3EME', 'Histoire géographie', '16 questions', 'ultramarin', 'BChauvet', '2020-07-02 00:00:00', 2936),
('3EME', 'Histoire géographie', '20 questions', 'monde après 1989 - affirmation du projet européen', 'BChauvet', '2020-07-02 00:00:00', 2935),
('3EME', 'Histoire géographie', '20 questions', 'décolonisation, Algérie', 'BChauvet', '2020-07-02 00:00:00', 2934),
('3EME', 'Histoire géographie', '20 questions', 'guerre froide / monde bipolaire', 'BChauvet', '2020-07-02 00:00:00', 2933),
('4EME', 'Histoire géographie', '20 questions', 'Révolution industrielle', 'BChauvet', '2020-07-02 00:00:00', 2932),
('4EME', 'Histoire géographie', '20 questions', 'colonies', 'BChauvet', '2020-07-02 00:00:00', 2931),
('4EME', 'Histoire géographie', '18 questions', 'tourisme mobiltés ', 'BChauvet', '2020-07-02 00:00:00', 2930),
('BTS1', 'Physique chimie', 'Énergie et puissance', 'Energie puissance', 'kbourel', '2020-07-02 00:00:00', 2929),
('5EME', 'Technologie', 'vocabulaire des ponts', 'les ponts', 'Laurent', '2020-07-02 00:00:00', 2928),
('5EME', 'Technologie', 'connaissances des plans', 'habitat', 'Laurent', '2020-07-02 00:00:00', 2927),
('6EME', 'Technologie', 'bilan 6°', 'bilan de connaissances', 'Laurent', '2020-07-02 00:00:00', 2926),
('6EME', 'Technologie', 'bilan sur les connaissances en énergie et matériaux', 'energie matériaux', 'Laurent', '2020-07-02 00:00:00', 2925),
('3EME', 'Physique chimie', 'poids gravitation', 'poids; gravitation', 'natalie', '2020-07-01 00:00:00', 2924),
('4EME', 'Physique chimie', 'lois intensité', 'lois. intensité', 'natalie', '2020-07-01 00:00:00', 2923),
('4EME', 'Physique chimie', 'lois tensions', 'lois;tension', 'natalie', '2020-07-01 00:00:00', 2922),
('BTS1', 'Communication', 'La connaissance de soi', 'La connaissance de soi', 'F Aubeneau', '2020-07-01 00:00:00', 2921),
('CAP1', 'Génie mécanique', 'lecture du pied à coulisse au 1/50ème', 'pied coulisse', 'DAVERAT Robert', '2020-07-01 00:00:00', 2920),
('5EME', 'Allemand', 'consignes de classe', 'Klassenanweisungen', 'Kaj', '2020-07-01 00:00:00', 2919),
('1ERE', 'Histoire géographie', 'QCM d\'exploration et de révision sur le thème 3 du programme d\'histoire de 1G', '3ème République, colonisation, monde ouvrier', 'Durand', '2020-06-30 00:00:00', 2918),
('4EME', 'Français', 'Réviser le présent de l\'indicatif', 'présent, indicatif, conjugaison', 'M. Buys', '2020-06-30 00:00:00', 2917),
('4EME', 'Anglais', 'DUTCH SCHULTZ GUNNED DOWN (prétérit simple vs prétérit be+ing)', 'COMPREHENSION ORALE', 'GACHASSIN', '2020-06-30 00:00:00', 2916),
('5EME', 'Anglais', 'SHANTI\'S PARTY', 'COMPREHENSION ORALE', 'GACHASSIN', '2020-06-30 00:00:00', 2915),
('5EME', 'Anglais', 'HOW THE ALLIGATOR GOT HIS SKIN', 'COMPREHENSION ECRITE', 'GACHASSIN', '2020-06-30 00:00:00', 2914),
('3EME', 'Anglais', 'REVISIONS GENERALES', 'REVISIONS', 'GACHASSIN', '2020-06-30 00:00:00', 2913),
('3EME', 'Anglais', 'REVISIONS GENERALES', 'REVISIONS', 'GACHASSIN', '2020-06-30 00:00:00', 2912),
('3EME', 'Anglais', 'AMERICAN HISTORY', 'UNITED STATES', 'GACHASSIN', '2020-06-30 00:00:00', 2911),
('3EME', 'Anglais', 'AMERICAN HISTORY', 'UNITED STATES', 'GACHASSIN', '2020-06-30 00:00:00', 2910),
('5EME', 'Education musicale', 'texte à trou sur vidéo d\'explication d\'une \"griot\" jouant de la Kora', 'Kora, musique africaine', 'Cédric Laurent', '2020-06-29 00:00:00', 2909),
('4EME', 'Histoire géographie', 'Mers et océans', 'Mers et océans', 'pschoendorff', '2020-06-29 00:00:00', 2908),
('6EME', 'Histoire géographie', 'Bilan Egypte', 'Bilan Egypte', 'pschoendorff', '2020-06-29 00:00:00', 2907),
('2NDE', 'Sciences économiques et sociales', 'Explications et redistributions des cotisations sociales', 'cotisations; sociales', 'DOMERGUE', '2020-06-29 00:00:00', 2906),
('3EME', 'Français', 'Lire et comprendre le feuilleton audio de SF', 'L\'Appel des Abysses, épisodes 8 à 10 (france culture)', 'Baddie', '2020-06-29 00:00:00', 2905),
('3EME', 'Français', 'Lire et comprendre le feuilleton audio de SF', 'L\'Appel des Abysses, épisodes 5 à 7 (france culture)', 'Baddie', '2020-06-29 00:00:00', 2904),
('3EME', 'Français', 'Lire et comprendre le feuilleton audio de SF', 'L\'Appel des Abysses, épisodes 1 à 4 (france culture)', 'Baddie', '2020-06-29 00:00:00', 2903),
('6EME', 'Français', 'Lire et comprendre l\'Odyssée', 'Ulysse et l\'Odyssée, partie 2, Martine Laffon', 'Baddie', '2020-06-29 00:00:00', 2902),
('6EME', 'Français', 'Lire et comprendre l\'Odyssée', 'Ulysse et l\'Odyssée, partie 1, Martine Laffon', 'Baddie', '2020-06-29 00:00:00', 2901),
('4EME', 'Français', 'Lire et comprendre les 4e et 5e parties des Misérables', 'Misérables 4-5', 'Baddie', '2020-06-29 00:00:00', 2900),
('4EME', 'Français', 'Lire et comprendre les 2e et 3e parties des Misérables', 'Misérables 2', 'Baddie', '2020-06-29 00:00:00', 2899),
('4EME', 'Français', 'Lire et comprendre la 1ère partie des Misérables', 'Misérables 1', 'Baddie', '2020-06-29 00:00:00', 2898),
('6EME', 'Mathématiques', 'cube, pavé, vocabulaire, représentation, patron', 'géométrie dans l\'espace', 'beddeleem denis', '2020-06-29 00:00:00', 2897),
('5EME', 'Mathématiques', 'vocabulaire des solides, représentations, patrons...  ', 'géométrie dans l\'espace', 'beddeleem denis', '2020-06-29 00:00:00', 2896),
('6EME', 'Mathématiques', 'notion d\'angle, vocabulaire, rapporteur, bissectrice...', 'angles', 'beddeleem denis', '2020-06-29 00:00:00', 2895),
('6EME', 'Mathématiques', 'notion de fraction, représentation sur un axe, égalité, comparaison...', 'fractions', 'beddeleem denis', '2020-06-29 00:00:00', 2894),
('5EME', 'Mathématiques', 'découvrir la notion de probabilité', 'probabilité', 'beddeleem denis', '2020-06-29 00:00:00', 2893),
('TERMINALE', 'Physique chimie', 'Découverte des techniques d\'hydrodistillation et de distillation fractionnée', 'séparation; distillation; technique; laboratoire', 'MEYZE', '2020-06-27 00:00:00', 2892),
('4EME', 'Français', 'Découvrir les fonctions grammaticales', 'fonction, grammaire', 'M. Buys', '2020-06-26 00:00:00', 2891),
('4EME', 'Espagnol', 'Madrid', 'Madrid', 'HAMON', '2020-06-26 00:00:00', 2890),
('4EME', 'Espagnol', 'frutas y verduras, la comida', 'frutas y verduras, la comida', 'HAMON', '2020-06-26 00:00:00', 2889),
('4EME', 'Espagnol', 'fiestas españolas', 'fiestas españolas', 'HAMON', '2020-06-26 00:00:00', 2888),
('3EME', 'Espagnol', 'el laberinto del fauno', 'el laberinto del fauno', 'HAMON', '2020-06-26 00:00:00', 2887),
('5EME', 'Espagnol', 'actividades cotidianas', 'actividades cotidianas', 'HAMON', '2020-06-26 00:00:00', 2886),
('5EME', 'Espagnol', 'el clima', 'el clima', 'HAMON', '2020-06-26 00:00:00', 2885),
('5EME', 'Espagnol', 'animales identitarios /símbolos/idiomas', 'animales identitarios /símbolos/idiomas', 'HAMON', '2020-06-26 00:00:00', 2884),
('3EME', 'Français', 'Découvrir les connecteurs logiques', 'connecteur, logique', 'M. Buys', '2020-06-26 00:00:00', 2883),
('3EME', 'Français', 'Quelques petits exercices d\'orthographe (leur/leurs, accord de tout, é ou er...)', 'leur, leurs, tout, accord, é ou er', 'M. Buys', '2020-06-26 00:00:00', 2882),
('4EME', 'Français', 'Réviser les notions suivantes ; synonyme, antonyme, homonyme, champ lexical, mots de la même famille.', 'synonyme, antonyme, homonyme, champ lexical, même famille', 'M. Buys', '2020-06-26 00:00:00', 2881),
('2NDE', 'Sciences', 'QCM permettant de revoir la notion de référentiel', 'référentiel', 'cousinie', '2020-06-25 00:00:00', 2880),
('CAP1', 'Biotechnologie', 'QCM d\'évaluation sur les conditions de vie et de multiplication des bactéries', 'Savoirs Associés Microbiologie ; Sciences Appliquées', 'Stéphanie G.', '2020-06-25 00:00:00', 2879),
('CAP1', 'Biotechnologie', 'QCM d\'évaluation sur les produits d’entretien et le pH', 'Co-intervention Maths-enseignement professionnel', 'Stéphanie G.', '2020-06-25 00:00:00', 2878),
('2NDE', 'Biotechnologie', 'QCM d\'évaluation sur la sexualité et la contraception', 'PSE module A5 Sexualité et contraception', 'Stéphanie G. ', '2020-06-25 00:00:00', 2877),
('CAP1', 'Biotechnologie', 'QCM d’évaluation sur la contamination des aliments', 'Savoirs Associés Microbiologie ; Sciences Appliquées', 'Stéphanie G.', '2020-06-25 00:00:00', 2876),
('2NDE', 'Biotechnologie', 'QCM d’évaluation sur l\'alimentation éco-responsable', 'PSE module B1', 'Stéphanie G', '2020-06-25 00:00:00', 2875),
('6EME', 'Français', 'Roman historique sur Vaux-le-Vicomte', 'Béatrice Nicodème, Eh bien dansez maintenant ! La Fontaine et la cour du roi', 'cde-monts-de-savasse', '2020-06-25 00:00:00', 2874),
('3EME', 'Français', 'Différencier les types de narrateur', 'narrateur, point de vue, focalisation, interne, externe, omniscient', 'M. Buys', '2020-06-25 00:00:00', 2873),
('6EME', 'Physique chimie', 'Questions générales sur la matière', 'matière', 'HAMMES', '2020-06-24 00:00:00', 2872),
('4EME', 'Physique chimie', 'Questions générales sur l\'intensité', 'Intensité', 'HAMMES', '2020-06-24 00:00:00', 2871),
('3EME', 'Physique chimie', 'Questions générales sur les atomes, les molécules et les ions', 'Atomes, molécules, ions', 'HAMMES', '2020-06-24 00:00:00', 2870),
('1ERE', 'Sciences', 'Bac Pro équilibrer des équations chimiques , calculer des masses molaires , exemples d\'utilisation', 'Bac Pro équilibre équations chimiques , masse molaire', 'Fleck', '2020-06-24 00:00:00', 2869),
('1ERE', 'Mathématiques', 'Bac Pro second degré nombre de solutions , identification des coefficients , discriminant', 'Bac Pro second degré nombre de solutions , identifications des coefficientsdiscriminant', 'Fleck', '2020-06-24 00:00:00', 2868),
('2NDE', 'Mathématiques', 'Bac Pro notion de fonction retrouver des images et des antécédents', 'Bac Pro notion de fonction , antécédent , image ', 'Fleck', '2020-06-24 00:00:00', 2867),
('CAP1', 'Sciences', 'le volt et l\'ampère , loi des nœuds et conversions.', 'electricite , unités de mesures , conversion , loi des noeuds', 'Fleck', '2020-06-24 00:00:00', 2866),
('CAP1', 'Sciences', 'symboles et circuits pour se rappeler du collège', 'electricite , symboles , circuits', 'Fleck', '2020-06-24 00:00:00', 2865),
('2NDE', 'Mathématiques', 'dénombrer à l\'aide d\'arbre', 'probabilités, arbre, dénombrement', 'LG', '2020-06-24 00:00:00', 2864),
('2NDE', 'Mathématiques', 'première partie : dénombrer grâce à un diagramme de Venn, intersection et réunion d\'événements, événement contraire ', 'Les probabilités', 'LG', '2020-06-24 00:00:00', 2863),
('2NDE', 'Mathématiques', 'Un bilan sur l\'ensemble des notions liées aux vecteurs', 'Les vecteurs', 'LG', '2020-06-24 00:00:00', 2862),
('2NDE', 'Mathématiques', 'Déterminer si un point appartient à une droite, trouver une équation cartésienne de droite, passer d\'une équation cartésienne à une équation réduire et réciproquement, lire graphiquement une équation réduite. ', 'Équations cartésiennes  et équation réduite d\'une droite, vecteur directeur d\'une droite', 'LG', '2020-06-24 00:00:00', 2861),
('4EME', 'Français', 'Différencier le vocabulaire péjoratif et mélioratif', 'péjoratif, mélioratif, évaluatif', 'M. Buys', '2020-06-24 00:00:00', 2860),
('3EME', 'Français', 'Commenter les valeurs du subjonctif présent', 'valeurs, subjonctif, présent, conjugaison', 'M. Buys', '2020-06-24 00:00:00', 2859),
('3EME', 'Français', 'Commenter les valeurs du présent de l\'indicatif', 'Valeurs, conjugaison, présent, indicatif', 'M. Buys', '2020-06-24 00:00:00', 2858),
('4EME', 'Français', 'Les types de phrase', 'types de phrase, exclamative, interrogative, déclarative, injonctive', 'M. Buys', '2020-06-24 00:00:00', 2857),
('3EME', 'Français', 'Maîtriser les homophones', 'Homophones', 'M. Buys', '2020-06-24 00:00:00', 2856),
('TERMINALE', 'Sciences de la vie et de la terre', 'évaluation diagnostique , stress aigu\n5 questions pour remobiliser les connaissances', 'évaluation diagnostique , stress aigu', 'Prof SVT', '2020-06-24 00:00:00', 2855),
('4EME', 'Français', 'Reconnaître les classes grammaticales', 'classes grammaticales, nature', 'M. Buys', '2020-06-24 00:00:00', 2854),
('3EME', 'Français', 'Sur l\'impératif présent', 'impératif, valeur, conjugaison', 'M. Buys', '2020-06-24 00:00:00', 2853),
('3EME', 'Français', 'Accorder le verbe avec le sujet', 'accord, sujet, verbe', 'M. Buys', '2020-06-24 00:00:00', 2852),
('3EME', 'Français', 'Accorder le participe passé', 'participe passé, accord, é, er', 'M. Buys', '2020-06-24 00:00:00', 2851),
('4EME', 'Français', 'Accorder les adjectifs qualificatifs', 'accord, adjectif, qualificatif', 'M. Buys', '2020-06-24 00:00:00', 2850),
('3EME', 'Français', 'Identifier les différents genres', 'genres, analyse, textes', 'M. Buys', '2020-06-24 00:00:00', 2849),
('CAP1', 'Génie mécanique', 'Vocabulaire technique', 'Vocabulaire,technique', 'DAVERAT Robert', '2020-06-24 00:00:00', 2848),
('3EME', 'Français', 'Futur ou conditionnel ?', 'futur, conditionnel, rai, rais', 'M. Buys', '2020-06-23 00:00:00', 2847),
('4EME', 'Français', 'Les expansions du nom (leçon)', 'expansions, nom, adjectifs', 'M. Buys', '2020-06-23 00:00:00', 2846),
('1ERE', 'Grec', 'QCM sur une émission de radio sur le théâtre d\'Aristophane\nhttps://www.franceculture.fr/emissions/concordance-des-temps/aristophane-le-rire-t-il-change', 'Aristophane', 'V. MAS', '2020-06-23 00:00:00', 2845),
('CAP2', 'Biotechnologie', 'Stress', 'Etapes stress', 'martine', '2020-06-23 00:00:00', 2844),
('CAP1', 'Biotechnologie', 'Bruit : son, grandeurs physiques ; trajet /oreille ; effets ; seuils ; préserver son audition', 'bruit', 'martine', '2020-06-23 00:00:00', 2843),
('CAP1', 'Biotechnologie', 'ressources eau monde', 'Eau, soif du monde, Y-A BERTRAND', 'martine', '2020-06-23 00:00:00', 2842),
('CAP1', 'Biotechnologie', 'plan intervention SST', 'SST', 'martine', '2020-06-23 00:00:00', 2841),
('2NDE', 'Français', 'contrôle de lecture du roman', 'lecture Une Vie Maupassant', 'crunelle', '2020-06-23 00:00:00', 2840),
('4EME', 'Français', 'Analyser la construction des mots', 'Construction - mots', 'M. Buys', '2020-06-23 00:00:00', 2839),
('TERMINALE', 'Physique chimie', 'Présentation de deux techniques de séparation: la filtration sous pression atmosphérique et la filtration sous pression réduite', 'filtration, séparation, buchner, technique, laboratoire', 'MEYZE', '2020-06-23 00:00:00', 1839),
('4EME', 'Français', 'Analyser le verbe', 'Verbe - Analyse', 'M. Buys', '2020-06-23 00:00:00', 1838),
('1ERE', 'Espagnol', 'mujer e inclusion', 'Lexique / diversité et inclusion ', 'TABIO', '2020-06-23 00:00:00', 1837),
('2NDE', 'Espagnol', 'quelques verbes réguliers et irréguliers  ', 'passé simple', 'TABIO', '2020-06-23 00:00:00', 1836),
('3EME', 'Espagnol', 'memo reguliers et irréguliers', 'imparfait', 'TABIO', '2020-06-23 00:00:00', 1835),
('6EME', 'Anglais', 'Géographie des Îles Britanniques', 'Geography ; UK ; ', 'abeltrano', '2020-06-22 00:00:00', 1834),
('TERMINALE', 'Sciences de la vie et de la terre', 'QCM et autres exercices pour évaluer les acquis des élèves avant d\'aborder la partie \"complexification des génomes; transferts horizontaux et endosymbioses.\"', 'évaluation diagnosique T1A2 complexification génome', 'R. Seggar lycée PJV', '2020-06-22 00:00:00', 1833),
('5EME', 'Enseignement moral et civique', 'écologie', 'écologie, développement durable, biodiversité, planète, empreinte carbone, citoyenneté', 'schartier3', '2020-06-21 00:00:00', 1832),
('6EME', 'Anglais', 'utilisation des adverbes, du vocabulaire de l\'école', 'school routine', 'Florence Zornitta', '2020-06-21 00:00:00', 1831),
('6EME', 'Anglais', 'utilisation des adjectifs, de be ou have, por se décrire physiquement', 'physical description', 'Florence Zornitta', '2020-06-21 00:00:00', 1830),
('1ERE', 'Numérique et sciences informatiques', '42 questions', 'Sujet E3C NSIN03325', 'Hennequart Laurent', '2020-06-20 00:00:00', 1829),
('1ERE', 'Numérique et sciences informatiques', 'G1SNSIN03324', 'Sujet E3C', 'Fabrice Perez', '2020-06-19 00:00:00', 1828),
('1ERE', 'Numérique et sciences informatiques', 'G1SNSIN03323', 'Sujet E3C', 'Fabrice Perez', '2020-06-19 00:00:00', 1827),
('5EME', 'Sciences de la vie et de la terre', 'QCM réalisé par des élèves lors de la reprise', 'Bilan année 5ème', 'BUREAU', '2020-06-19 00:00:00', 1826),
('1ERE', 'Mathématiques', 'un ensemble de notions sur le progamme de 1ère : %, fonctions, calculs de bases', 'automatismes', 'gindrey', '2020-06-19 00:00:00', 1825),
('1ERE', 'Histoire géographie', 'Thème 3 histoire 1ere TC IIIe République', 'IIIe République, Histoire', 'M. Deleplace', '2020-06-19 00:00:00', 1824),
('6EME', 'Français', 'Questions sur le genre théâtral, les didascalies, les types de comique, la salle de théâtre, en lien avec la pièce de Molière', 'Théâtre - Le Médecin malgré lui', 'Mathilde Mathisse', '2020-06-18 00:00:00', 1823),
('TERMINALE', 'Physique chimie', 'Des questions autours de deux techniques de chauffage à reflux', 'chauffage, reflux, synthèse, technique, laboratoire', 'Meyze', '2020-06-18 00:00:00', 1822),
('3EME', 'Physique chimie', 'synthèse\n', 'actions mécaniques, poids, masse, équilibre', 'Moune', '2020-06-18 00:00:00', 1821),
('TERMINALE', 'Sciences de la vie et de la terre', 'QCM et autres pour identifier les acquis des élèves avant d\'aborder le chapitre \"Complexification des génomes; transfert horizontaux et endosymbioses.\"', 'complexification génome', 'lycée JPV ', '2020-06-18 00:00:00', 1820),
('1ERE', 'Histoire géographie', 'bilan des notions vu dans l\'année en H2GSP', 'H2GSP bilan', 'isabelle Houel ', '2020-06-18 00:00:00', 1819),
('1ERE', 'Physique chimie', 'titrage', 'titrage', 'Florence Morand', '2020-06-18 00:00:00', 1818),
('6EME', 'Sciences de la vie et de la terre', 'rôle des levures et les différents pains', 'fabrication du pain', 'giobrunetti', '2020-06-17 00:00:00', 1817),
('4EME', 'Français', 'Conjugaison du subjonctif présent et passé', 'subjonctif, présent,passé,conjugaison', 'N.A.', '2020-06-17 00:00:00', 1816),
('5EME', 'Physique chimie', 'propriétés du montage en série', 'sens du courant, montage en série', 'Moune', '2020-06-17 00:00:00', 1815),
('5EME', 'Physique chimie', 'schématisation d\'un circuit électrique', 'symboles, schéma, électricité', 'Moune', '2020-06-17 00:00:00', 1814),
('5EME', 'Physique chimie', 'début de l\'électricité', 'dipôle, circuit électrique, générateur, récepteur', 'Moune', '2020-06-17 00:00:00', 1813),
('1ERE', 'Français', 'Brève Histoire du théâtre', 'théâtre ; histoire', 'Florent Viguié', '2020-06-17 00:00:00', 1812),
('TERMINALE', 'Sciences économiques et sociales', 'QCM 20 questions SES terminale politiques de l\'emploi', 'Politiques emploi', 'Laurent', '2020-06-17 00:00:00', 1811),
('TERMINALE', 'Physique chimie', 'Une technique de laboratoire: la séparation liquide-liquide.', 'décantation, séparation, technique, laboratoire', 'Meyze', '2020-06-17 00:00:00', 1810),
('2NDE', 'Anglais', 'Tools', 'tools', 'Rouibah', '2020-06-16 00:00:00', 1809),
('6EME', 'Chinois', 'Nishuone L3 Famille vocabulaire', 'L3  Famille - vocabulaire 1', 'Yuan XIAO', '2020-06-16 00:00:00', 1808),
('1ERE', 'Physique chimie', 'tableau d\'avancement', 'tableau d\'avancement, réactif limitant, réaction totale', 'Florence Morand', '2020-06-16 00:00:00', 1807),
('5EME', 'Latin', 'révision et application de la première déclinaison', 'première déclinaison', 'pouget', '2020-06-16 00:00:00', 1806),
('5EME', 'Latin', 'Révision progressive des cas et fonctions', 'cas fonctions', 'pouget', '2020-06-16 00:00:00', 1805),
('5EME', 'Français', 'Dictée-Melancholia-VictorHUGO', 'dictée', 'N.A.', '2020-06-15 00:00:00', 1804),
('6EME', 'Chinois', 'QCM vocabulaire de L5 NISHUONE', 'L5 journée vocabulaire Nishuone', 'Yuan XIAO', '2020-06-15 00:00:00', 1803),
('1ERE', 'Comptabilité', 'QCM bilan 1. 1ère Bac pro CGEM ', 'Gestion. Entreprise Maritime', 'Philippe Le Bourdon', '2020-06-15 00:00:00', 1802),
('4EME', 'Espagnol', 'Practiquer le verbe GUSTAR', 'GUSTAR', 'Esmeralda Moliner', '2020-06-15 00:00:00', 1801),
('2NDE', 'Sciences numériques et technologie  ', 'Chapitre \"Données et traitements\". Généralités. Repères historiques. D\'après fiche Eduscol.', 'données traitements', 'SH', '2020-06-15 00:00:00', 1800),
('4EME', 'Français', 'conditionnel ou futur ? 32 questions', 'conjugaison, futur, conditionnel', 'Thierry Carrère', '2020-06-15 00:00:00', 1799),
('CAP1', 'Arts plastiques', 'petit questionnaire avec des analyses d’œuvre du musée du quai d\'orsay', 'musée du quai d\'orsay', 'mylene hamet', '2020-06-15 00:00:00', 1798),
('6EME', 'Sciences de la vie et de la terre', 'après avoir visionné l\'animation sur l\'érosion: ', 'érosion s\'informer', 'crouanet', '2020-06-15 00:00:00', 1797),
('TERMINALE', 'Sciences de la vie et de la terre', 'Evaluation diagnostique', 'Génétique et évolution', 'stephanie.miquel-campagnac', '2020-06-15 00:00:00', 1796),
('1ERE', 'Histoire géographie', 'QCM permettant de réviser le chapitre 7 de géographie en Première (la Chine)', 'Chine, géographie', 'bbaumier', '2020-06-15 00:00:00', 1795),
('2NDE', 'Français', '20 questions de lecture et de culture sur l\'Iliade ', 'fiche de lecture - l\'Iliade ', 'Fabrice Granier ', '2020-06-14 00:00:00', 1794),
('3EME', 'Technologie', 'Questionnaire sur la vidéo Lumni https://www.lumni.fr/video/les-systemes-pluri-technologiques-communicants#containerType=serie&containerSlug=la-maison-lumni-college ', 'programmer,microbit,objet communicant', 'Collège Jaurès Peyrolles', '2020-06-14 00:00:00', 1793),
('3EME', 'Lettres', 'Control de lectura Requiem por un campesino español', 'Lectura Réquiem', 'Marta Segarra', '2020-06-13 00:00:00', 1792),
('1ERE', 'Mathématiques', 'bilan fonction exponentielle', 'fonction exponentielle', 'F. Salomon', '2020-06-13 00:00:00', 1791),
('3EME', 'Mathématiques', 'distributivité ( simple - Programmes de calculs - Réductions.', 'Distributivité', 'LIGER', '2020-06-13 00:00:00', 1790),
('2NDE', 'Allemand', 'Le QCM est basé sur un texte que l\'on trouve sur Planet Wissen, \"Alltag in der DDR\"', 'Alltag in der DDR', 'Nadine Pousset-Stutz', '2020-06-13 00:00:00', 1789),
('4EME', 'Histoire géographie', 'L\'Europe et la révolution industrielle', 'révolution industrielle', 'A.Dessons', '2020-06-13 00:00:00', 1788),
('4EME', 'Histoire géographie', 'Le tourisme et ses espaces', 'tourisme, mobilités', 'A.Dessons', '2020-06-13 00:00:00', 1787),
('5EME', 'Histoire géographie', 'Comment nourrir une population en forte croissance et aux besoins alimentaires accrus ?', 'alimentation, ressources', 'A.Dessons', '2020-06-13 00:00:00', 1786),
('6EME', 'Histoire géographie', 'Conquêtes, paix romaine et romanisation', 'Empire romain, paix romaine, romanisation', 'A.Dessons', '2020-06-13 00:00:00', 1785),
('5EME', 'Histoire géographie', 'Thème Prévenir les risques, s\'adapter au changement global', 'risques, changement global', 'A.Dessons', '2020-06-13 00:00:00', 1784),
('5EME', 'Histoire géographie', 'Le monde au XVIe siècle, au temps de Charles Quint et de Soliman Le Magnifique.', 'XVIe, Soliman, Charles Quint', 'A.Dessons', '2020-06-13 00:00:00', 1783),
('3EME', 'Mathématiques', 'QCM de révision de l\'année de 3ème', 'Équations, Trigonométrie & Pythagore', 'Duchamp', '2020-06-12 00:00:00', 1782),
('2NDE', 'Espagnol', 'Travailler les différentes modalités de la durée de l\'action.', 'estar + gérondif, seguir + gérondif', 'Deplante', '2020-06-12 00:00:00', 1781),
('2NDE', 'Anglais', 'Conditionnel, prétérit modal', 'conditionnel, prétérit', 'Fabienne Gosselin', '2020-06-12 00:00:00', 1780),
('1ERE', 'Physique chimie', 'Trouver le nom des molécules organiques + reconnaître les fonctions grâce aux spectres IR.\n', 'Nomenclature', 'Tristan Brendlé', '2020-06-12 00:00:00', 1779),
('6EME', 'Mathématiques', 'Ajouter et soustraire des fractions de même dénominateur.', 'addition,fraction', 'RENAUX Laurence', '2020-06-12 00:00:00', 1778),
('CAP2', 'Sciences', 'notion de pH , papier pH , acidité , basicité', 'acides bases et matériel de laboratoire', 'Fleck', '2020-06-12 00:00:00', 1777),
('5EME', 'Physique chimie', 'Après un travail sur la Lune (phases, éclipses) les élèves répondent au QCM', 'phase; lune; éclipses', 'cb13', '2020-06-12 00:00:00', 1776),
('6EME', 'Physique chimie', 'Après un travail de recherche sur le système solaire les élèves répondent au QCM', 'système solaire', 'cb13', '2020-06-12 00:00:00', 1775),
('TERMINALE', 'Sciences de la vie et de la terre', 'Ensemble des notions du thème ', 'Vie fixée ', 'N. T', '2020-06-12 00:00:00', 1774),
('1ERE', 'Anglais', 'Utiliser le pluperfect modal (= conditionnel passé) pour exprimer le regret', 'conditionnel, pluperfect modal, regret', 'Fabienne Gosselin', '2020-06-12 00:00:00', 1773),
('6EME', 'Physique chimie', 'signification des 9 pictogrammes de sécurité en chimie', 'pictogrammes, sécurité, chimie', 'Claudia CIARAVINO', '2020-06-12 00:00:00', 1772),
('3EME', 'Mathématiques', 'QCM de révision sur l\'année de 3ème (corrigé)', 'Probabilités, Théorème de Pythagore, Trigonométrie', 'Duchamp', '2020-06-11 00:00:00', 1771),
('3EME', 'Mathématiques', 'QCM de révision sur l\'année de 3ème', 'Probabilités, Théorème de Pythagore, Trigonométrie', 'Duchamp', '2020-06-11 00:00:00', 1770),
('5EME', 'Français', 'pas si simple !', 'phrases simples et complexes', 'granath', '2020-06-11 00:00:00', 1769),
('6EME', 'Français', 'utilisable pour les 5ème', 'phrases simples et complexes', 'granath', '2020-06-11 00:00:00', 1768),
('5EME', 'Français', 'intuitif en partie', 'subjonctif', 'granath', '2020-06-11 00:00:00', 1767),
('5EME', 'Arts plastiques', 'Biographie sur educarte', 'Van Gogh', 'RIGAL', '2020-06-11 00:00:00', 1766),
('1ERE', 'Anglais', 'Je confirme mon niveau B1\nJe consolide mon niveau B2\nJe teste ma maîtrise des structures autour du VERBE', 'verbe temps auxiliaires B1 B2', 'Silvère Fuseau', '2020-06-11 00:00:00', 1765),
('5EME', 'Arts plastiques', 'Les débuts de la perspective', 'perspective', 'RIGAL', '2020-06-11 00:00:00', 1764),
('3EME', 'Education musicale', 'Comparaison Beatles / Rolling Stones ', 'Rock Beatles Rolling Stones styles psychédélisme Sgt Pepper\'s', 'Françoise Bialet', '2020-06-11 00:00:00', 1763),
('3EME', 'Education musicale', 'Leçons 2 et 3 Electricité Blues F Telecaster Gibson Riff La recette du rock', 'Rock ', 'Françoise Bialet', '2020-06-11 00:00:00', 1762),
('4EME', 'Education musicale', 'En lien avec notre leçon 5', ' Jazz Duke Ellington Big band  Arrangeur Jungle New York Harlem Black Power Opéra Jazz', 'Françoise Bialet', '2020-06-11 00:00:00', 1761),
('4EME', 'Education musicale', 'Blues Gospels Negro ....', 'Jazz ', 'Françoise Bialet', '2020-06-11 00:00:00', 1760),
('5EME', 'Education musicale', 'Comment réviser les notions abordées dans notre leçon d\'écoute. Musique descriptive et narrative', 'Apprenti Sorcier Dukas', 'Françoise Bialet', '2020-06-11 00:00:00', 1759),
('TERMINALE', 'Sciences économiques et sociales', 'programme avant 2020/2021', 'Croissance et préservation de l\'environnement', 'Magalie', '2020-06-11 00:00:00', 1758),
('TERMINALE', 'Sciences économiques et sociales', 'ancien programme à partir de 2020 - fluctuations éco', 'Fluctuations éco', 'Magalie', '2020-06-11 00:00:00', 1756),
('1ERE', 'Sciences économiques et sociales', 'QCM sur la totalité du chapitre', 'Défaillances du marché', 'Magalie', '2020-06-11 00:00:00', 1755),
('2NDE', 'Sciences numériques et technologie  ', 'questions de base sur le Web', 'Le Web Html Css ', 'edith.lagarde', '2020-06-11 00:00:00', 1754),
('2NDE', 'Sciences numériques et technologie  ', 'Questions de base sur le Web', 'Le Web Html Css', 'elagarde', '2020-06-11 00:00:00', 1753),
('2NDE', 'Sciences numériques et technologie  ', 'introduction langage binaire', 'codage binaire', 'edith.lagarde', '2020-06-11 00:00:00', 1752),
('5EME', 'Education musicale', 'Apprendre de façon progressive à reconnaître à l\'oreille 3 instruments à cordes pincées (guitare classique, harpe, clavecin). 6 liens vidéo Youtube pour s\'entraîner, plus de 30 extraits musicaux différents (regroupés par 4 dans chaque question) : Bach, Tarrega, Granados, Barrios, Asturias, Heller, Rameau, Debussy, Fauré, Tournier, Alvars, Grandjany, Sierra, Halffter, Sor (si c\'est bien lui qui a écrit \"Jeux interdits\"...).', 'cordes pincées, clavecin, guitare, harpe, timbre, sonorité, familles', 'Xavier CHARLES', '2020-06-11 00:00:00', 1751),
('5EME', 'Physique chimie', 'Identifier les composants des boissons (eau,  dioxyde de carbone, liquides miscibles )', 'Les boissons', 'Le Tacon', '2020-06-11 00:00:00', 1750),
('5EME', 'Mathématiques', 'Additions et soustractions de relatifs avec simplificationsd\'écriture', 'additions, relatifs, simplification', 'BRISAC', '2020-06-11 00:00:00', 1749),
('3EME', 'Physique chimie', 'Quiz de compréhension vidéo \'Comment faire un arc en ciel?\' \nSource: On n\'est pas que des cobayes', 'arc en ciel, spectre lumière blanche', 'Adrien R', '2020-06-11 00:00:00', 1748),
('1ERE', 'Physique chimie', 'thème 4 son', 'thème 4', 'arngolive', '2020-06-11 00:00:00', 1747),
('1ERE', 'Physique chimie', 'enseignement scientifique thème1 et début thème 4 son', 'cristaux - sons', 'arngolive', '2020-06-11 00:00:00', 1746),
('5EME', 'Mathématiques', 'ordre et repérage', 'relatifs, simplification des écritures, repérage dans le plan', 'brisac', '2020-06-11 00:00:00', 1745),
('TERMINALE', 'Physique chimie', 'newton - képler', 'mécanique', 'arngolive', '2020-06-11 00:00:00', 1744),
('BTS2', 'Physique chimie', 'photographie numérique - couleurs', 'photographie - couleurs', 'arngolive', '2020-06-11 00:00:00', 1743),
('3EME', 'Mathématiques', 'repérage sur la Terre', 'repérage, latitute, longitude', 'brisac', '2020-06-11 00:00:00', 1742),
('1ERE', 'Mathématiques', 'Fonctions trigonométriques parité, périodicité', 'trigo;parité', 'CMarca', '2020-06-10 00:00:00', 1741),
('6EME', 'Mathématiques', 'petit bilan sur division euclidienne', 'division', 'pilliod', '2020-06-10 00:00:00', 1740),
('1ERE', 'Physique chimie', 'QCM de révision enseignement scientifique sur la numérisation et compression d\'un son', 'Enseignement scientifique, son une information à coder, chapitre 13, numérisation', 'freychet', '2020-06-10 00:00:00', 1739),
('6EME', 'Histoire géographie', 'Réviser la localisation des principales métropoles mondiales et les océans.', 'géographie métropole', 'Déborah Tetrel', '2020-06-10 00:00:00', 1738),
('6EME', 'Histoire géographie', 'Questions sur les premières écritures, la géographie de l\'Orient ancien et les cités.', 'histoire mésopotamie écriture cité ', 'Déborah Tetrel', '2020-06-10 00:00:00', 1737),
('6EME', 'Histoire géographie', 'Pour réviser les grands repères terrestres : continents, océans, lignes imaginaires. ', 'géographie repère continent océan', 'Déborah Tetrel', '2020-06-10 00:00:00', 1736),
('2NDE', 'Anglais', 'Choisir la bonne réponse', 'Present simple and past simple', 'ourdanabia', '2020-06-10 00:00:00', 1735),
('2NDE', 'Anglais', 'Test verbes irréguliers', 'irregular verbs', 'ourdanabia', '2020-06-10 00:00:00', 1734),
('3EME', 'Allemand', 'qcm bilan sur le parfait', 'parfait', 'stjodeutsch', '2020-06-10 00:00:00', 1733),
('2NDE', 'Technologie', 'QCM de révision de l\'habilitation électrique B1V.\n12 questions avec indication de réponse', 'Révision Habilitation électrique B1V', 'Philippe Vivarelli', '2020-06-10 00:00:00', 1732),
('1ERE', 'Français', 'Questionnaire de Lecture du \"Supplément du Voyage de Bougainville\" de Diderot ', 'Supplément, Diderot, Bougainville, Voyage', 'LE GALL Céline', '2020-06-10 00:00:00', 1731),
('1ERE', 'Sciences de la vie et de la terre', 'Radiochronologie', 'Radiochronologie', 'milena.du_manoir', '2020-06-10 00:00:00', 1730),
('1ERE', 'Sciences de la vie et de la terre', 'Entendre la musique 2', 'Entendre la musique ', 'milena.du_manoir', '2020-06-10 00:00:00', 1729),
('1ERE', 'Sciences de la vie et de la terre', 'Entendre la musique', 'Entendre la musique', 'mdumanoir', '2020-06-10 00:00:00', 1728),
('3EME', 'Anglais', 'Questionnaire pour vérifier le visionnage de la vidéo:\nhttps://www.youtube.com/watch?v=RZgkjEdMbSw', 'racism', 'Louise jolly', '2020-06-09 00:00:00', 1727),
('4EME', 'Anglais', 'Pronoms personnels sujets et compléments, adjectifs possessifs', 'pronoms, personnels, possessifs', 'Fabienne Gosselin', '2020-06-09 00:00:00', 1726),
('2NDE', 'Sciences numériques et technologie  ', 'QCM élaboré à partir de différents manuels', 'Reseaux sociaux', 'Le Bourg Caroline', '2020-06-09 00:00:00', 1725),
('2NDE', 'Physique chimie', 'Composition d\'un élément chimique, notion d\'isotope, les transformations nucléaires avec conservation de la charge et du nombre de masse (équation de Soddy).\nPossibilité de travail en autonomie avec des capsules de cours à visionner.', 'Transformations nucléaires - Isotopes', '-', '2020-06-09 00:00:00', 1724),
('1ERE', 'Portugais', '1e LV3 - Petit QCM + texte lacunaire portant sur l\'enregistrement Audiolingua \" Marina: a cantina na França e no Brasil\" (https://audio-lingua.eu/spip.php?article5456)', 'CO, portugais, PB, 1e LV3, cantina, comida', 'T. Cailliez', '2020-06-09 00:00:00', 1723),
('5EME', 'Français', 'Vendredi ou la vie sauvage. Questionnaire de lecture.', 'Vendredi, Tournier, lecture 5e, aventure', 'CD', '2020-06-09 00:00:00', 1722),
('4EME', 'Français', 'Accord des participes avec être et avoir. A paramétrer sur 20 questions prises au hasard parmi 49 questions.', 'accord des participes passés, temps composés', 'Thierry Carrère', '2020-06-09 00:00:00', 1721),
('1ERE', 'Portugais', '1e LV3 - Petit QCM + texte lacunaire portant sur l\'enregistrement Audiolingua \"Os assaltos, uma tradição carnavalesca\" (A2 / http://www.audio-lingua.eu/spip.php?article3774)', 'CO, portugais, PE, 1e LV3, A2', 'T. Cailliez', '2020-06-09 00:00:00', 1720);
INSERT INTO `indexeducation` (`Niveau`, `Matiere`, `Description`, `Motes_Clefs`, `Auteur`, `Date`, `N_fichier_XML`) VALUES
('4EME', 'Physique chimie', 'Vitesse du son - vitesse de propagation du son - déterminer une distance avec le son - ultrasons - infrasons - fréquence', 'vitesse de propagation du son ; son ; vitesse son ; déterminer une distance ; infrason ; ultrason ; fréquence', 'professeur physique-chimie', '2020-06-09 00:00:00', 1719),
('4EME', 'Physique chimie', 'Vitesse de la lumière - Déterminer une distance avec la lumière - Année lumière - Rayonnements', 'vitesse de la lumière ; année lumière ; rayonnements ; déterminer distance', 'professeur physique-chimie', '2020-06-09 00:00:00', 1718),
('2NDE', 'Hôtellerie & tourisme', 'Questions sur les marinades, farces et duxelles', 'Technologie culinaire', 'Pascal Doligez', '2020-06-09 00:00:00', 1717),
('4EME', 'Histoire géographie', 'Révisions', 'Etats-Unis, mondialisation', 'Blandine Moy', '2020-06-09 00:00:00', 1716),
('2NDE', 'Génie mécanique', 'Identifier les éléments permettant de réaliser une liaison encastrement.', 'La liaison encastrement', 'ALEVEQUE', '2020-06-09 00:00:00', 1715),
('2NDE', 'Génie mécanique', 'Le guidage en rotation', 'Guidage en rotation; roulements', 'ALEVEQUE', '2020-06-09 00:00:00', 1714),
('2NDE', 'Français', 'Personnages et situations de la pièce', 'Molière Tartuffe', 'Valérie Demars', '2020-06-09 00:00:00', 1713),
('3EME', 'Latin', 'Histoire : le personnage de Jules César', 'Jules César', 'F. Caillaud', '2020-06-09 00:00:00', 1712),
('4EME', 'Latin', 'exercices d\'étymologie', 'la guerre, vocabulaire et étymologie', 'F. Caillaud', '2020-06-09 00:00:00', 1711),
('6EME', 'Français', 'révision et exercices', 'classes grammaticales', 'F. Caillaud', '2020-06-09 00:00:00', 1710),
('6EME', 'Français', 'Cours et exercices', 'imparfait', 'F. Caillaud', '2020-06-09 00:00:00', 1709),
('1ERE', 'Mathématiques', 'application du produit scalaire;équations', 'équations cartésiennes de droites;équations de cercle', 'broquereau', '2020-06-09 00:00:00', 1708),
('1ERE', 'Mathématiques', 'question de cours fonction exponentielle', 'exponentielle', 'broquereau', '2020-06-09 00:00:00', 1707),
('1ERE', 'Mathématiques', 'question cours', 'suites géom,arithm', 'broquereau', '2020-06-09 00:00:00', 1706),
('2NDE', 'Biotechnologie', 'QCM connaissances sur le MODULE B2 remis aux élèves avant évaluation sommative', 'MODULE B2 : LES RISQUES MAJEURS', 'BOTELLO', '2020-06-09 00:00:00', 1705),
('3EME', 'Physique chimie', 'Quizz préliminaire à la séquence spectre de la lumière blanche.\nInspiré du travail d\'Audrey Campbell, académie de Versailles.', 'lumière, spectre, preliminaire, cycle 4', 'Adrien R', '2020-06-09 00:00:00', 1704),
('2NDE', 'Physique chimie', 'Exprimer le résultat d\'un calcul avec le bon nombre de chiffres significatifs. \n- 2 Vidéos de méthodologie sont proposées pour aider les élèves à maîtriser ces notions.', 'Chiffres significatifs et écriture d\'un résultat', '...', '2020-06-08 00:00:00', 1703),
('2NDE', 'Mathématiques', 'Bac Pro Trigonométrie dans le triangle rectangle', 'Trigonométrie dans le triangle rectangle', 'Christian Petit', '2020-06-08 00:00:00', 1702),
('1ERE', 'Mathématiques', 'Bac Pro Trigonométrie - valeurs remarquables sur le cercle trigonométrique', 'Trigonométrie - valeurs remarquables sur le cercle trigonométrique', 'Christian Petit', '2020-06-08 00:00:00', 1701),
('2NDE', 'Mathématiques', 'Bac Pro théorème de Thalès', 'théorème de Thalès', 'Christian Petit', '2020-06-08 00:00:00', 1700),
('2NDE', 'Mathématiques', 'Bac Pro théorème de Pythagore', 'théorème de Pythagore', 'Christian Petit', '2020-06-08 00:00:00', 1699),
('TERMINALE', 'Mathématiques', 'Bac Pro Statistiques à deux variables', 'Statistiques à deux variables', 'Christian Petit', '2020-06-08 00:00:00', 1698),
('2NDE', 'Mathématiques', 'Bac Pro représentations statistiques', 'représentations statistiques', 'Christian Petit', '2020-06-08 00:00:00', 1697),
('TERMINALE', 'Mathématiques', 'Bac Pro probabilités-union-intersection', 'probabilités-union-intersection', 'Christian Petit', '2020-06-08 00:00:00', 1696),
('TERMINALE', 'Mathématiques', 'Bac Pro Primitives et intégrales', 'Primitives et intégrales', 'Christian Petit', '2020-06-08 00:00:00', 1695),
('2NDE', 'Mathématiques', 'Bac Pro positions relatives droites et plans de l\'espace', 'positions relatives droites et plans de l\'espace', 'Christian Petit', '2020-06-08 00:00:00', 1694),
('2NDE', 'Mathématiques', 'Bac Pro population-caractère', 'population-caractère', 'Christian Petit', '2020-06-08 00:00:00', 1693),
('2NDE', 'Mathématiques', 'Bac Pro perspective cavalière', 'perspective cavalière', 'Christian Petit', '2020-06-08 00:00:00', 1692),
('1ERE', 'Mathématiques', 'Bac Pro paramètres de dispersion et position 1ere BP', 'paramètres de dispersion et position 1ere BP', 'Christian Petit', '2020-06-08 00:00:00', 1691),
('2NDE', 'Mathématiques', 'Bac Pro Notion d\'échelle', 'Notion d\'échelle', 'Christian Petit', '2020-06-08 00:00:00', 1690),
('2NDE', 'Mathématiques', 'Bac Pro fonctions généralités', 'fonctions généralités', 'Christian Petit', '2020-06-08 00:00:00', 1689),
('TERMINALE', 'Mathématiques', 'Bac Pro fonction-nb dérivé-tangente', 'fonction-nb dérivé-tangente', 'Christian Petit', '2020-06-08 00:00:00', 1688),
('TERMINALE', 'Mathématiques', 'Bac Pro fonction e(x) et ln(x)', 'fonction e(x) et ln(x)', 'Christian Petit', '2020-06-08 00:00:00', 1687),
('2NDE', 'Mathématiques', 'Bac Pro effectifs-fréquences', 'effectifs-fréquences', 'Christian Petit', '2020-06-08 00:00:00', 1686),
('2NDE', 'Physique chimie', 'Concentration en masse, concentration molaire et dilution', 'concentration en masse concentration molaire dilution', 'andydavigny', '2020-06-08 00:00:00', 1685),
('2NDE', 'Physique chimie', 'Rappels collège, utilisation d\'un multimètre, loi des mailles lois des noeuds', 'capteurs electricité', 'Thermeau', '2020-06-08 00:00:00', 1684),
('TERMINALE', 'Biotechnologie', 'identifier une oxydation, une réduction, un couple rédox', 'oxydoréduction', 'yager', '2020-06-08 00:00:00', 1683),
('1ERE', 'Anglais', 'QCM sur un extrait du 1er chapitre de 1984.', 'big, brother, dystopia, 1984, orwell', 'Fabienne Gosselin', '2020-06-08 00:00:00', 1682),
('1ERE', 'Anglais', 'Choisir entre as et like.', 'as, like', 'Fabienne Gosselin', '2020-06-08 00:00:00', 1681),
('BTS1', 'Anglais', 'Choisir entre work/job.\nChoisir la bonne préposition devant \"work\".', 'work, job', 'Fabienne Gosselin', '2020-06-08 00:00:00', 1680),
('5EME', 'Histoire géographie', 'Chapitre sur les bouleversements sociaux et religieux au XVIème siècle', 'Humanisme et réformes religieuses au XVIème siècle', 'Julie LE COZ', '2020-06-08 00:00:00', 1679),
('5EME', 'Français', 'Conjugaison du passé composé.  30 questions', 'conjugaison, passé composé, temps composés', 'Thierry Carrère', '2020-06-08 00:00:00', 1678),
('3EME', 'Enseignement moral et civique', 'Les institutions de la V° République', 'Les institutions', 'FOURNET', '2020-06-07 00:00:00', 1677),
('4EME', 'Activités non spécialisées', 'Photographie de presse et photographie sur Internet. Vérifier et évaluer une photographie. Effectuer une recherche inversée.', 'EMI, documentation, français, évaluation de l\'information, photographie', 'CBonnet', '2020-06-07 00:00:00', 1676),
('6EME', 'Enseignement moral et civique', 'QCM permettant d\'aborder la notion de handicap à partir de vidéo (Lumni.fr)', 'handicap', 'CB', '2020-06-06 00:00:00', 1675),
('6EME', 'Activités non spécialisées', 'S\'informer sur la création des jeux vidéo à partir d\'une courte vidéo.', 'Jeu vidéo', 'CB', '2020-06-06 00:00:00', 1674),
('6EME', 'Activités non spécialisées', 'S\'informer sur la cyberdépendance à partir de deux courtes vidéos', 'Cyberdépendance', 'CB', '2020-06-06 00:00:00', 1673),
('5EME', 'Enseignement moral et civique', 'QCM permettant d\'aborder le thème des discriminations et les moyens de lutter contre à partir d\'une vidéo', 'Discrimination racisme antisémistisme', 'CB', '2020-06-06 00:00:00', 1672),
('5EME', 'Anglais', 'Savoir évaluer la fiabilité d\'une information et détecter une fake news. Apprendre à l\'aide d\'une vidéo en anglais.', 'EMI, documentation, presse, évaluation de l\'information, fake news, désinformation', 'estelle romano', '2020-06-06 00:00:00', 1671),
('6EME', 'Activités non spécialisées', 'Savoir s\'informer : pluralité de l\'information, fake news, désinformation et manipulation d\'images. Apprendre avec 1jour1actu (lire des articles, écouter une interview et visionner une vidéo).', 'EMI, documentation, presse, évaluation de l\'information, fake news, désinformation', 'estelle romano', '2020-06-06 00:00:00', 1670),
('6EME', 'Mathématiques', 'QCM pour réviser au aborder simplement la notion de proportionnalité.', 'proportionnalite', 'CB', '2020-06-06 00:00:00', 1669),
('5EME', 'Mathématiques', 'additions soustractions  de 2 relatifs', 'additions soustractions relatifs', 'GOMEZ L', '2020-06-06 00:00:00', 1668),
('6EME', 'Mathématiques', 'pourcentages', 'pourcentages', 'GOMEZ L', '2020-06-06 00:00:00', 1667),
('4EME', 'Physique chimie', 'exercice et définitions sur l\'année lumière; le nuage de Magellan', 'L\'Univers, année lumière', 'G.NUTTENS', '2020-06-05 00:00:00', 1666),
('4EME', 'Physique chimie', 'diagramme d\'énergie, sources et formes d\'énergie', 'Transferts et conversions d\'énergie', 'G.NUTTENS', '2020-06-05 00:00:00', 1665),
('6EME', 'Physique chimie', 'filtration, décantation,évaporation', 'Séparation  des mélanges', 'G.NUTTENS', '2020-06-05 00:00:00', 1664),
('5EME', 'Français', 'Trouver le participe passé d\'un verbe. A paramétrer sur 20 questions prises au hasard parmi 50 questions.', 'participe passé, conjugaison, temps composé', 'Thierry Carrère', '2020-06-05 00:00:00', 1663),
('6EME', 'Mathématiques', '10 questions  autour de la proportionnalité', 'proportionnalité', 'gilles Schouller', '2020-06-05 00:00:00', 1662),
('2NDE', 'Espagnol', 'L\'obligation', 'préposition l\'obligation', 'Elena Ferrer', '2020-06-05 00:00:00', 1661),
('2NDE', 'Espagnol', 'Trouver l\'emploi de \"para\" dans chaque phrase', 'préposition \"para\"', 'Elena Ferrer', '2020-06-05 00:00:00', 1660),
('TERMINALE', 'Espagnol', 'Test de lexique sur l\'immigration', 'interro lexique, inmigración', 'Elena Ferrer', '2020-06-05 00:00:00', 1659),
('5EME', 'Mathématiques', 'Gestion de données avec utilisation de graphiques', 'statistiques, graphiques, fréquences, pourcentages', 'Dominique Arnaud', '2020-06-05 00:00:00', 1658),
('4EME', 'Mathématiques', 'Transformations, solutions d\'équations', 'Transformations, équations', 'M_Lefrancois', '2020-06-04 00:00:00', 1657),
('4EME', 'Français', 'Petit questionnaire de lecture + résumé à trous pour vérifier la lecture de la nouvelle Lettre d\'une inconnue ', 'lettre d\'une inconnue, zweig, questionnaire, lecture, résumé', 'Fabienne Roux', '2020-06-04 00:00:00', 1656),
('1ERE', 'Mathématiques', 'Automatismes premières technologiques\nConversions', 'automatismes ; conversions ; longueur ; aire ; volume ; durée', 'J. Charnay', '2020-06-04 00:00:00', 1655),
('4EME', 'Français', 'QCM Les Misérables épisodes 13 et 14 du feuilleton radiophonique de France Culture ', 'QCM Les Misérables épisodes 13 et 14 du feuilleton radiophonique de France Culture ', 'Pascual Marie-Alice', '2020-06-04 00:00:00', 1654),
('4EME', 'Français', 'QCM Les Misérables épisodes 10, 11 et 12 du feuilleton radiophonique de France Culture', 'QCM Les Misérables épisodes 10,11 et 12 du feuilleton radiophonique de France Culture', 'Pascual Marie-Alice', '2020-06-04 00:00:00', 1653),
('4EME', 'Français', 'QCM Les Misérables épisodes 7, 8 et 9 du feuilleton radiophonique de France Culture', 'QCM Les Misérables épisodes 7, 8 et 9 du feuilleton radiophonique de France Culture', 'Pascual Marie-Alice', '2020-06-04 00:00:00', 1652),
('4EME', 'Français', 'QCM Les Misérables épisodes 4, 5 et 6 du feuilleton radiophonique de France Culture', 'QCM Les Misérables épisodes 4, 5 et 6 du feuilleton radiophonique de France Culture', 'Pascual Marie-Alice', '2020-06-04 00:00:00', 1651),
('4EME', 'Français', 'QCM Les Misérables Episodes 1,2 et 3 du feuilleton radiophonique de France culture', 'QCM Les Misérables  Épisodes 1,2 et 3 du feuilleton radiophonique de France culture', 'Pascual Marie-Alice', '2020-06-04 00:00:00', 1650),
('5EME', 'Sciences de la vie et de la terre', 'Nutrition des végétaux', 'Nutrition et organisation des Végétaux', 'Maniere A', '2020-06-04 00:00:00', 1649),
('5EME', 'Sciences de la vie et de la terre', 'Nutrition des animaux', 'Nutrition des animaux', 'Maniere A', '2020-06-04 00:00:00', 1648),
('5EME', 'Sciences de la vie et de la terre', 'Nutrition et organisation des animaux', 'Nutrition et organisation des animaux', 'Maniere A', '2020-06-04 00:00:00', 1647),
('2NDE', 'Physique chimie', 'Représentations vectorielle de forces (version finale)', 'Forces', 'andydavigny', '2020-06-04 00:00:00', 1646),
('3EME', 'Sciences de la vie et de la terre', 'Génétique division cellulaire', 'Génétique 3 division cellulaire', 'Maniere A', '2020-06-04 00:00:00', 1645),
('3EME', 'Sciences de la vie et de la terre', 'Génétique suite', 'Génétique 2 gènes allèles', 'Maniere A', '2020-06-04 00:00:00', 1644),
('3EME', 'Sciences de la vie et de la terre', 'Début génétique', 'Génétique 1', 'Maniere A', '2020-06-04 00:00:00', 1643),
('2NDE', 'Physique chimie', 'Représentation de forces', 'Forces', 'andydavigyn', '2020-06-04 00:00:00', 1642),
('6EME', 'Histoire géographie', 'révision du chapitre', 'Rome et la Romanisation', 'ed', '2020-06-04 00:00:00', 1641),
('5EME', 'Français', 'Conjugaisons des temps simples de l\'indicatif. A paramétrer sur 20 questions prises au hasard parmi 100 questions.', 'conjugaison, temps simples, présent, imparfait, futur, passé simple', 'Thierry Carrère', '2020-06-04 00:00:00', 1640),
('3EME', 'Histoire géographie', 'QCM de vérification de la compréhension de la leçon', 'IVè République', 'Villeminot', '2020-06-04 00:00:00', 1639),
('TERMINALE', 'Histoire géographie', 'Ce QCM est axé sur le programme de TS. Il est associé à des liens vers des documents divers (images, textes, vidéos...)', 'Le Proche et le Moyen-Orient, un foyer de conflit depuis 1945', 'Durand', '2020-06-04 00:00:00', 1638),
('2NDE', 'Génie mécanique', 'Ci2_Environnement Professionnel\nGestion des déchets', 'BacPro / CAP MV', 'SCazaban', '2020-06-04 00:00:00', 1637),
('2NDE', 'Génie mécanique', 'Ci2_Environnement Professionnel\nL\'outillage courant', 'BacPro / CAP MV', 'SCazaban', '2020-06-04 00:00:00', 1636),
('2NDE', 'Génie mécanique', 'Ci1_Généralités Automobiles\nDu moteur à la roue', 'BacPro / CAP MV', 'SCazaban', '2020-06-04 00:00:00', 1635),
('2NDE', 'Génie mécanique', 'Ci3-Maintenance préventive\nRévision Périodique', 'BacPro / CAP MV', 'SCazaban', '2020-06-04 00:00:00', 1634),
('5EME', 'Allemand', 'Exercices de CE en lien avec le site languagesonline.org.uk', 'Stadt,languagesonline.org.uk', 'pguern', '2020-06-03 00:00:00', 1633),
('5EME', 'Education musicale', 'L\'univers du cirque est vivant et beaucoup d\'artistes l\'ont illustré. Ses musiques sont assez caractéristiques.', 'forain, cirque, fanfare, syncope', 'A. Babin', '2020-06-03 00:00:00', 1632),
('1ERE', 'Technologie', 'Destiné aux élève de Plasturgie..', 'plasturgie', 'moulin', '2020-06-03 00:00:00', 1631),
('2NDE', 'Français', 'petit questionnaire sur des connaissances générales du genre de la nouvelle.', 'Un genre littéraire: la nouvelle', 'sandra87', '2020-06-03 00:00:00', 1630),
('5EME', 'Mathématiques', 'Mesurer un angle - Somme des angles dans un triangles', 'Angles', 'LIGER', '2020-06-03 00:00:00', 1629),
('1ERE', 'Physique chimie', 'QCM sur le chapitre transferts d\'énergie d\'un système mécanique', 'travail , Ep, Ec,Em', 'ROHAT', '2020-06-03 00:00:00', 1628),
('2NDE', 'Anglais', 'test sur le milieu de la liste des verbes irréguliers', 'verbes irréguliers- 2/3', 'sylvie estour', '2020-06-03 00:00:00', 1627),
('2NDE', 'Anglais', 'test sur le début de la liste des verbes irréguliers', 'verbes irréguliers', 'sylvie estour', '2020-06-03 00:00:00', 1626),
('1ERE', 'Anglais', 'réviser present perfect /for/since/ago', 'réviser present perfect /for/since/ago', 'sylvie estour', '2020-06-03 00:00:00', 1625),
('4EME', 'Histoire géographie', 'Révisions', 'Révolution industrielle', 'Blandine', '2020-06-03 00:00:00', 1624),
('3EME', 'Technologie', 'Les évolutions des objets techniques au fil du temps', 'évolution, invention, innovation, famille, lignée', 'stéphane', '2020-06-03 00:00:00', 1623),
('5EME', 'Anglais', 'Leçon sur Lumni.fr ', 'Découverte Nouvelle Zélande', 'Gonzales', '2020-06-03 00:00:00', 1622),
('5EME', 'Allemand', 'conjuguer au présent wollen, mögen, können, müssen et möchte', 'verbes de modalité', 'chillet', '2020-06-03 00:00:00', 1621),
('3EME', 'Espagnol', 'Imparfait et enfance', 'Imparfait', 'Estañol', '2020-06-03 00:00:00', 1620),
('1ERE', 'Génie mécanique', 'Ci4-Remplacement d\'un kit de distribution', 'BacPro / CAP MV', 'SCazaban', '2020-06-03 00:00:00', 1619),
('1ERE', 'Physique chimie', 'Entrainement', 'Temps de réponse', 'Y Leleu', '2020-06-03 00:00:00', 1618),
('BTS1', 'Physique chimie', 'Entrainement', 'réponse indicielle', 'Y Leleu', '2020-06-03 00:00:00', 1617),
('BTS2', 'Physique chimie', 'Entrainement', 'Hydrostatique', 'Y Leleu', '2020-06-03 00:00:00', 1616),
('BTS2', 'Physique chimie', 'Entrainement', 'Relation pression force surface', 'Y Leleu', '2020-06-03 00:00:00', 1615),
('BTS1', 'Physique chimie', 'Entrainement', 'Numérisation de l\'information: effets de l\'échantillonnage', 'Y Leleu', '2020-06-03 00:00:00', 1614),
('BTS1', 'Physique chimie', 'Entrainement', 'Numérisation de l\'information:Exploitation de relevés', 'Y Leleu', '2020-06-03 00:00:00', 1613),
('BTS1', 'Physique chimie', 'Entrainement', 'Numérisation de l\'information', 'Y Leleu', '2020-06-03 00:00:00', 1612),
('BTS1', 'Physique chimie', 'Entrainement', 'Modélisation des sytèmes linéaires', 'Y Leleu', '2020-06-03 00:00:00', 1611),
('BTS1', 'Physique chimie', 'Entrainement', 'Les ondes mécaniques', 'Y Leleu', '2020-06-03 00:00:00', 1610),
('BTS1', 'Physique chimie', 'Entrainement', 'Les ondes electromagnetiques', 'Y Leleu', '2020-06-03 00:00:00', 1609),
('1ERE', 'Physique chimie', 'Entrainement', 'Les mailles cubiques', 'Y Leleu', '2020-06-03 00:00:00', 1608),
('BTS2', 'Physique chimie', 'Entrainement', 'Les debits massique et volumique', 'Y Leleu', '2020-06-03 00:00:00', 1607),
('1ERE', 'Physique chimie', 'Lecture d’oscillogrammes', 'Grandeurs périodiques', 'Y Leleu', '2020-06-03 00:00:00', 1606),
('BTS1', 'Physique chimie', 'Entrainement', 'Filtrage', 'Y Leleu', '2020-06-03 00:00:00', 1605),
('BTS2', 'Physique chimie', 'Entrainement', 'Débit volumique, viscosité', 'Y Leleu', '2020-06-03 00:00:00', 1604),
('2NDE', 'Génie mécanique', 'Ci3_Remplacement Simple et Accessible\nContacteur Feux de recul', 'BacPro / CAP MV ', 'SCazaban', '2020-06-03 00:00:00', 1603),
('4EME', 'Education physique et sportive', 'QCM séance PPG', 'PPG', 'GORSE', '2020-06-02 00:00:00', 1602),
('5EME', 'Latin', 'QCM conçu avec les élèves après avoir visionné l\'épisode', 'HERMES grands mythes arte ', 'kbazin', '2020-06-02 00:00:00', 1601),
('5EME', 'Latin', 'QCM conçu avec les élèves après avoir visionné l\'épisode', 'LE TARTARE grands mythes arte ', 'kbazin', '2020-06-02 00:00:00', 1600),
('5EME', 'Latin', 'QCM conçu avec les élèves après avoir visionné l\'épisode', 'prométhée  grands mythes arte ', 'kbazin', '2020-06-02 00:00:00', 1599),
('5EME', 'Latin', 'QCM conçu avec les élèves après avoir visionné l\'épisode', 'zeus épisode 2  grands mythes arte ', 'kbazin', '2020-06-02 00:00:00', 1598),
('5EME', 'Latin', 'QCM conçu avec les élèves après avoir visionné l\'épisode', 'Dionysos  grands mythes arte ', 'kbazin', '2020-06-02 00:00:00', 1597),
('TERMINALE', 'Comptabilité', 'Calcul et enregistrement de facture d\'avoir', 'Facture;avoir', 'CCloerec', '2020-06-02 00:00:00', 1596),
('5EME', 'Latin', 'QCM conçu avec les élèves après avoir visionné l\'épisode', 'aphrodite grands mythes arte ', 'kbazin', '2020-06-02 00:00:00', 1595),
('5EME', 'Latin', 'QCM concu avec les élèves après avoir visionné l\'épisode', 'athéna grands mythes arte ', 'kbazin', '2020-06-02 00:00:00', 1594),
('TERMINALE', 'Physique chimie', 'QCM évaluation sur les dosages d\'oxydoréduction en TST2S', 'Dosage d\'oxydoréduction TST2S', 'Canu', '2020-06-02 00:00:00', 1593),
('TERMINALE', 'Physique chimie', 'QCM de révisions ou QCM de devoir', 'Travail d\'une force et énergies', 'CANU', '2020-06-02 00:00:00', 1592),
('5EME', 'Français', 'Conjugaisons sur le passé simple. A paramétrer sur 20 questions parmi 50 questions prises au hasard. Pour tous les niveaux de collège.', 'conjugaison, passé simple', 'Thierry Carrère', '2020-06-02 00:00:00', 1591),
('1ERE', 'Allemand', 'Quiz', 'Staat und Demokratie', 'Rummel', '2020-06-02 00:00:00', 1590),
('5EME', 'Latin', 'QCM COMPOSE A PARTIR DES QUESTIONS DES ELEVES APRES VISIONNAGE CHEZ EUX DE L EPISODE CONSACRE A HADES', 'grands mythes ARTE HADES', 'KBAZIN', '2020-06-02 00:00:00', 1589),
('1ERE', 'Allemand', 'Quiz', 'Geografie', 'Rummel', '2020-06-02 00:00:00', 1588),
('1ERE', 'Portugais', '1e LV3 - Petit QCM + texte lacunaire portant sur l\'enregistrement Audiolingua \"Jennifer : a minha casa\" (https://audio-lingua.eu/spip.php?article6564) ', 'CO, portugais, casa, PE', 'T. Cailliez', '2020-06-02 00:00:00', 1587),
('6EME', 'Histoire géographie', 'QCM de positionnement de fin de séquence sur les chapitres Habiter le littoral', 'Littoral, Habiter le littoral', 'Sébastien Giacomazzi', '2020-06-02 00:00:00', 1586),
('6EME', 'Histoire géographie', 'QCM de positionnement de fin de séquence sur les chapitres Habiter la ville & Habiter la ville de demain', 'Métropole, Habiter la ville', 'Sébastien Giacomazzi', '2020-06-02 00:00:00', 1585),
('5EME', 'Latin', 'Quizz sur le podcast \"Hercule et les 12 travaux\" de Quelle Histoire', 'HERCULE 12 TRAVAUX', 'AADUBOSC', '2020-06-02 00:00:00', 1584),
('3EME', 'Espagnol', 'QCM sur le subjonctif, l\'impératif et la défense en relation avec le thème et le vocabulaire de l\'environnement', 'Subjonctif, impératif et défense', 'holalerouret', '2020-06-01 00:00:00', 1582),
('1ERE', 'Portugais', 'Exercice pour une séquence \"Portugal na Grande Guerra\" (axe 8 du programme du cycle terminal ou programme de 1e de DNL Portugais / Histoire-Géographie) - 1. QCM basé sur une courte vidéo sur l\'entrée en guerre du Portugal', 'Portugais, Grande Guerra, Primeira Guerra Mundial, cycle terminal', 'Ressources portugais', '2020-06-01 00:00:00', 1581),
('1ERE', 'Portugais', 'Exercice pour une séquence \"Portugal na Grande Guerra\" (axe 8 du programme du cycle terminal ou programme de 1e de DNL Portugais / Histoire-Géographie) - 2. QCM basé sur une vidéo sur les motivations de la participation portugaise au conflit', 'Portugais, Grande Guerra, Primeira Guerra Mundial, cycle terminal', 'Ressources portugais', '2020-06-01 00:00:00', 1580),
('1ERE', 'Portugais', 'Exercice pour une séquence \"Portugal na Grande Guerra\" (axe 8 du programme du cycle terminal ou programme de 1e de DNL Portugais / Histoire-Géographie) - 3. Textes lacunaires basés sur une vidéo sur les motivations de la participation portugaise au conflit', 'Portugais, Grande Guerra, Primeira Guerra Mundial, cycle terminal', 'Ressources portugais', '2020-06-01 00:00:00', 1579),
('1ERE', 'Portugais', 'Exercice pour une séquence \"Portugal na Grande Guerra\" (axe 8 du programme du cycle terminal ou programme de 1e de DNL Portugais / Histoire-Géographie) - 4. Exercice de révision du lexique nouveau', 'Portugais, Grande Guerra, Primeira Guerra Mundial, cycle terminal', 'Ressources portugais', '2020-06-01 00:00:00', 1578),
('6EME', 'Sciences de la vie et de la terre', 'QCM test de connaissances sur le cycle de développement des plantes à fleurs', 'cycle de vie,développement,plantes', 'EDelerue', '2020-06-01 00:00:00', 1577),
('5EME', 'Mathématiques', 'Vocabulaire sur les angles, puis propriétés liées au parallélisme', 'Angles et parallélisme', 'elodiesnauwaert', '2020-06-01 00:00:00', 1576),
('6EME', 'Physique chimie', 'les mouvements de la Terre et leur conséquences, alternance jour-nuit, mouvement apparent du soleil, saisons, année bisextile', 'rotation terrestre, révolution, points cardinaux, ensoleillement, année bissextile', 'Armelle GRU', '2020-06-01 00:00:00', 1575),
('2NDE', 'Allemand', 'Un QCM sur les professions et la formation en Allemagne.', 'Berufe, Ausbildung, Universität', 'Elisa Enoeckl', '2020-06-01 00:00:00', 1574),
('5EME', 'Sciences de la vie et de la terre', '5eme svt bilan P3C3 biodiversité', '5eme svt bilan P3C3 biodiversité', 'delphin agnes', '2020-06-01 00:00:00', 1573),
('3EME', 'Anglais', 'QCM à partir d\'un aticle de presse sur la mort de George Floyd', 'equal rights discrimination', 'Dany Marot', '2020-06-01 00:00:00', 1572),
('TERMINALE', 'Physique chimie', 'ancien programme', 'transmission', 'Alexandra Tréhet', '2020-06-01 00:00:00', 1571),
('2NDE', 'Physique chimie', 'ancien programme', 'transfert thermique', 'Alexandra Tréhet', '2020-06-01 00:00:00', 1570),
('TERMINALE', 'Physique chimie', 'ancien programme', 'transfert quantique', 'Alexandra Tréhet', '2020-06-01 00:00:00', 1569),
('TERMINALE', 'Physique chimie', 'ancien programme', 'stratégie synthèse', 'Alexandra Tréhet', '2020-06-01 00:00:00', 1568),
('TERMINALE', 'Physique chimie', 'ancien programme', 'enjeux énergie', 'Tréhet', '2020-06-01 00:00:00', 1567),
('TERMINALE', 'Physique chimie', 'ancien programme', 'dosage', 'Tréhet', '2020-06-01 00:00:00', 1566),
('TERMINALE', 'Physique chimie', 'ancien programme', 'respect environnement', 'Tréhet', '2020-06-01 00:00:00', 1565),
('2NDE', 'Physique chimie', 'cours exo', 'transformation chimique', 'Tréhet', '2020-06-01 00:00:00', 1564),
('2NDE', 'Physique chimie', 'globale surtout inertie', 'méca', 'Tréhet', '2020-06-01 00:00:00', 1563),
('2NDE', 'Physique chimie', 'cours exo', 'synthèse', 'Tréhet', '2020-06-01 00:00:00', 1562),
('4EME', 'Management', 'Questionnaire sur la présentation du diaporama sur la mini-entreprise', 'mini entreprise', 'Delphine.Fort', '2020-06-01 00:00:00', 1561),
('6EME', 'Anglais', 'Evaluation de fin de séquence de Piece of Cake 6°, Amusement Park.', 'évaluation, amusement parks, Piece of Cake', 'Euriell', '2020-06-01 00:00:00', 1560),
('1ERE', 'Langue vivante', 'Exercice pour une séquence \"Portugal na Grande Guerra\" (axe 8 du programme du cycle terminal ou programme de 1e de DNL Portugais / Histoire-Géographie) - 1. QCM basé sur une courte vidéo sur l\'entrée en guerre du Portugal', 'Portugais, Grande Guerra, Primeira Guerra Mundial, cycle terminal', 'Ressources portugais', '2020-06-01 00:00:00', 1559),
('1ERE', 'Langue vivante', 'Exercice pour une séquence \"Portugal na Grande Guerra\" (axe 8 du programme du cycle terminal ou programme de 1e de DNL Portugais / Histoire-Géographie) - 2. QCM basé sur une vidéo sur les motivations de la participation portugaise au conflit', 'Portugais, Grande Guerra, Primeira Guerra Mundial, cycle terminal', 'Ressources portugais', '2020-06-01 00:00:00', 1558),
('1ERE', 'Langue vivante', 'Exercice pour une séquence \"Portugal na Grande Guerra\" (axe 8 du programme du cycle terminal ou programme de 1e de DNL Portugais / Histoire-Géographie) - 3. Textes lacunaires basés sur une vidéo sur les motivations de la participation portugaise au conflit', 'Portugais, Grande Guerra, Primeira Guerra Mundial, cycle terminal', 'Ressources portugais', '2020-06-01 00:00:00', 1557),
('1ERE', 'Langue vivante', 'Exercice pour une séquence \"Portugal na Grande Guerra\" (axe 8 du programme du cycle terminal ou programme de 1e de DNL Portugais / Histoire-Géographie) - 4. Exercice de révision du lexique rencontré', 'Portugais, Grande Guerra, Primeira Guerra Mundial, cycle terminal', 'Ressources portugais', '2020-06-01 00:00:00', 1556),
('2NDE', 'Sciences de la vie et de la terre', '10 questions à choix simple de connaissances', 'agents pathogènes et maladies vectorielles', 'fouilleta', '2020-06-01 00:00:00', 1555),
('2NDE', 'Sciences de la vie et de la terre', '10 questions sur document pour évaluer l\'extraction et l\'interprétation rigoureuse de données scientifiques', 'microbiote et santé', 'fouilleta', '2020-06-01 00:00:00', 1554),
('TERMINALE', 'Sciences de la vie et de la terre', '20 questions sur le tronc commun sauf plantes fixées et domestiquées.', 'test général sur le tronc commun sauf plantes', 'Fouilleta', '2020-06-01 00:00:00', 1553),
('1ERE', 'Physique chimie', 'Enseignement Scientifique', 'La Terre un astre singulier', 'Jalal Souhaid', '2020-06-01 00:00:00', 1552),
('3EME', 'Mathématiques', 'Résolutions d\'équations (simples  ) - simplifications d\'écriture - Mises en équation', 'Equations', 'LIGER', '2020-06-01 00:00:00', 1551),
('TERMINALE', 'Sciences de la vie et de la terre', 'Mise en évidence de la stabilité des fréquences', 'Hardy-Weinberg', 'CCTX', '2020-06-01 00:00:00', 1550),
('1ERE', 'Histoire géographie', '20 questions', 'Colonisation 1850/1914', 'Klimpt', '2020-05-31 00:00:00', 1549),
('2NDE', 'Physique chimie', 'Transformations chimiques et réactions chimiques', 'réactions chimiques transformations chimiques équations chimiques', 'andydavigny', '2020-05-31 00:00:00', 1548),
('3EME', 'Mathématiques', 'Description du triangle ( hypoténuse, adjacent, opposé ) - Calcul longueur - Calcul angle.', 'Trigonométrie', 'LIGER', '2020-05-31 00:00:00', 1547),
('1ERE', 'Numérique et sciences informatiques', 'G1SNSIN03322', 'Sujet E3C', 'Fabrice Perez', '2020-05-30 00:00:00', 1546),
('1ERE', 'Biotechnologie', 'Tester ses connaissances ', 'Test Appareil cardiovasculaire', 'kasri', '2020-05-30 00:00:00', 1545),
('1ERE', 'Numérique et sciences informatiques', 'G1SNSIN03321\nje n\'ai pas corrigé les erreurs trouvées dans le sujet, il faut lire:\n A.6 \'y contient la valeur4\'\n C.2 \'C { \"Nom\": \"Camille Muffat\"...D {Nom: \"Camille...\'\n D.5 ', 'Sujet E3C', 'Fabrice Perez', '2020-05-30 00:00:00', 1544),
('2NDE', 'Physique chimie', 'Relation vitesse distance et durée', 'Relation vitesse distance et durée', 'andydavigny', '2020-05-30 00:00:00', 1543),
('2NDE', 'Physique chimie', 'Actions mécaniques', 'Actions mécaniques forces', 'andydavigny', '2020-05-30 00:00:00', 1542),
('2NDE', 'Physique chimie', 'Principe d\'inertie', 'Principe d\'inertie', 'andydavigny', '2020-05-30 00:00:00', 1541),
('2NDE', 'Physique chimie', 'Transformations physiques chimiques et nucléaires', 'Transformations physiques chimiques et nucléaires', 'andydavigny', '2020-05-30 00:00:00', 1540),
('2NDE', 'Physique chimie', 'Loi des mailles et loi des nœuds', 'loi des mailles et loi des nœuds', 'andydavigny', '2020-05-30 00:00:00', 1539),
('2NDE', 'Physique chimie', 'Caractéristique, loi d\'Ohm et point de fonctionnement', 'Caractéristique point de fonctionnement', 'andydavigny', '2020-05-30 00:00:00', 1538),
('1ERE', 'Physique chimie', 'Ce QCM est noté sur 12. Chaque question peut avoir une, plusieurs ou aucune réponses exactes.', 'Numerisation ', 'Jalal Souhaid', '2020-05-29 00:00:00', 1537),
('6EME', 'Histoire géographie', 'révision du chapitre', 'Rome et la Romanisation', 'ed', '2020-05-29 00:00:00', 1536),
('3EME', 'Histoire géographie', 'Questionnaire de fin de chapitre', 'France-français 1945-2000', 'houdang', '2020-05-29 00:00:00', 1535),
('6EME', 'Education musicale', 'Initiation aux différents modes de jeu de la flûte et du violon (lié, piqué, sautillé, pizzicato). Explications dans les questions, vidéos.', 'façon de jouer, violon, flûte, lié, piqué, pizzicato, sautillé, ', 'Xavier CHARLES', '2020-05-29 00:00:00', 1534),
('3EME', 'Français', 'déterminer les classes grammaticales des propositions subordonnées, facile', 'grammaire, propositions, subordonnées', 'LindaV', '2020-05-29 00:00:00', 1533),
('4EME', 'Français', 'uniquement la forme verbale à écrire, ', 'subjonctif, présent, deuxième groupe, troisième groupe', 'LindaV', '2020-05-29 00:00:00', 1532),
('4EME', 'Français', 'accord du participe passé, auxiliaire avoir surtout, avec parfois cas du COD antéposé (pas de verbe pronominal, pas de cas difficile)', 'accord du participe passé, COD antéposé', 'LindaV', '2020-05-29 00:00:00', 1531),
('3EME', 'Français', 'test compréhension écume des jours  XLV à la fin', 'écume des jours, Vian, lecture, chapitres XXI -XLV', 'LindaV', '2020-05-29 00:00:00', 1530),
('3EME', 'Français', 'test compréhension écume des jours XXI à XLV', 'écume des jours, Vian, lecture, chapitres XXI -XLV', 'LindaV', '2020-05-29 00:00:00', 1529),
('4EME', 'Français', 'test compréhension histoire tirée de nouvelle étude de femme la Grande Brétèche jusqu\'à la moitié environ (fin du récit du notaire)', 'Balzac,la Grande Brétèche, lecture, nouvelle', 'LindaV', '2020-05-29 00:00:00', 1528),
('6EME', 'Français', 'test 6è pronoms compléments d\'objet direct et indirect, pas de COS', 'pronoms, complément d\'objet, COD, COI', 'LindaV', '2020-05-29 00:00:00', 1527),
('3EME', 'Français', 'révision des types de discours: DI, DD, DIL', 'discours direct, indirect, paroles, rapportées, révision', 'LindaV', '2020-05-29 00:00:00', 1526),
('6EME', 'Français', 'reconnaître les fonctions des pronoms personnels COD ou COI (pas de COS)', 'pronoms,personnels,COI', 'LindaV', '2020-05-29 00:00:00', 1525),
('6EME', 'Français', 'étude du Complément d\'Objet, reconnaître les pronoms ayant cette fonction :démonstratifs, personnels, possessifs', 'pronoms, démonstratifs, personnels, possessifs, CO', 'LindaV', '2020-05-29 00:00:00', 1524),
('3EME', 'Français', 'Vérification de la compréhension chapitres I à IV page 45.\nF', 'écume des jours Vian lecture chapitres I à Iv', 'LindaV', '2020-05-29 00:00:00', 1523),
('6EME', 'Français', 'vérification de la compréhension du conte. Facile.', 'conte vaillant petit tailleur Grimm lecture', 'LindaV', '2020-05-29 00:00:00', 1522),
('1ERE', 'Anglais', 'QCM sur chaque chapitre pour comprendre ', 'Of Mice and Men', 'Pauline Vaukan Labarbe', '2020-05-29 00:00:00', 1521),
('1ERE', 'Sciences de la vie et de la terre', 'QCM sur entendre la musique (basée sur celui déjà mis à disposition par un collègue et complété avec des questions et documents de différents manuels d\'enseignement scientifique)', 'Entendre la musique', 'valerie.mouton1', '2020-05-29 00:00:00', 1520),
('2NDE', 'Education physique et sportive', 'questionnaire bilan', 'bilan confinement', 'jean-marc.ambrass', '2020-05-29 00:00:00', 1519),
('2NDE', 'Allemand', 'Kapitel 2 - Spielregeln', 'lecture suivie Großstadtliebe', 'amartinez', '2020-05-29 00:00:00', 1518),
('5EME', 'Français', 'Conjugaisons sur le futur simple. A paramétrer sur 20 questions parmi 90 questions prises au hasard. Pour tous les niveaux de collège.', 'conjugaison, futur,', 'Thierry Carrère', '2020-05-29 00:00:00', 1517),
('5EME', 'Mathématiques', '5 questions à choix multiples pour reconnaitre des figures symétriques et appliquer les règles de conservation.', 'symétrie centrale', 'Mme Guého', '2020-05-29 00:00:00', 1516),
('5EME', 'Mathématiques', '5 questions à choix multiples sur des situations basiques de probabilité. ', 'probablités', 'Mme Guého', '2020-05-29 00:00:00', 1515),
('5EME', 'Mathématiques', '10 questions à choix multiples pour vérifier la compréhension d\'un script. ', 'algorithmique', 'Mme Guého', '2020-05-29 00:00:00', 1514),
('4EME', 'Mathématiques', '2 exercices Vrai ou Faux sur la valeur de différentes puissances de dix. ', 'puissances de dix', 'Mme Guého', '2020-05-29 00:00:00', 1513),
('4EME', 'Mathématiques', '6 questions de bases sur l\'emploi des préfixes, nano, micro, milli, kilo, Méga et Téra.', 'Préfixes', 'Mme Guého', '2020-05-29 00:00:00', 1512),
('4EME', 'Mathématiques', 'Démontrer qu\'un triangle est rectangle, ou pas, plus une question sur la nature d\'un quadrilatère en fonction de l\'angle formé par ses diagonales.  ', 'réciproque Pythagore', 'Mme Guého', '2020-05-29 00:00:00', 1511),
('4EME', 'Mathématiques', '3 questions pour lire les coordonnées, placer un point et choisir le bon repère dans un pavé droit. ', 'Repérage pavé', 'Mme Guého', '2020-05-29 00:00:00', 1510),
('2NDE', 'Chinois', 'Révision du vocabulaire du temps', 'vocabulaire du temps', 'zhang xixi', '2020-05-29 00:00:00', 1509),
('1ERE', 'Anglais', 'Questions about the Russian Revolution to prepare the reading of Animal Farm.', 'Russian Revolution, Animal farm', 'aducrocq1', '2020-05-29 00:00:00', 1508),
('5EME', 'Mathématiques', 'vocabulaire des angles: angles alternes-internes, opposés ar le sommet, supplémentaires et lien avec les droites parallèles ( pas d\'angles correspondants)', 'angles et droites paralléles', 'Elise_Locatelli', '2020-05-29 00:00:00', 1507),
('1ERE', 'Français', 'Questionnaire de lecture et de compréhension sur le chapitre \"Des Cannibales\" dans les Essais de Montaigne. A faire avec le texte sous les yeux.', 'Montaigne, Essais, \"Des Cannibales\"', 'isabelle Fuchs', '2020-05-29 00:00:00', 1506),
('6EME', 'Anglais', 'QCM sur la routine simple, les corvées et les adverbes de fréquence', 'routine, chores, adverbes de fréquence', 'Charlotte Jullien', '2020-05-29 00:00:00', 1505),
('5EME', 'Anglais', 'C/E', 'dragons', 'PAILLER', '2020-05-29 00:00:00', 1504),
('5EME', 'Anglais', 'c/o', 'dragons', 'PAILLER', '2020-05-29 00:00:00', 1503),
('3EME', 'Anglais', 'intro au passif', 'passif', 'PAILLER', '2020-05-29 00:00:00', 1502),
('4EME', 'Anglais', 'part 2 légende des leprechauns. Intro du pst perfect', 'PRESENT PERFECT/LEPRECHAUNS', 'PAILLER', '2020-05-29 00:00:00', 1501),
('4EME', 'Anglais', 'CO', 'Leprechauns', 'PAILLER', '2020-05-29 00:00:00', 1500),
('4EME', 'Mathématiques', 'Transformations', 'Transformations', 'M_Lefrancois', '2020-05-28 00:00:00', 1499),
('4EME', 'Sciences de la vie et de la terre', 'bilan sur tout le chapitre la transmission de la vie chez l\'Homme  ', 'gamètes fécondation contraception ', 'Nadège BENALLOUL', '2020-05-28 00:00:00', 1498),
('5EME', 'Sciences de la vie et de la terre', '5ème reproduction', '5ème reproduction', 'Boucly Virginie', '2020-05-28 00:00:00', 1497),
('6EME', 'Physique chimie', 'Evaluation sommative_Les états de la matières, ses propriétés, mesures de masse et de volume.', 'La matière', 'vsaintsaens', '2020-05-28 00:00:00', 1496),
('2NDE', 'Chinois', 'les connaissances sur la COVID-19', ' COVID-19', 'ZHANG Xixi', '2020-05-28 00:00:00', 1495),
('4EME', 'Physique chimie', 'Questions de cours', 'Les signaux', 'vsaintsaens', '2020-05-28 00:00:00', 1494),
('4EME', 'Anglais', 'QCM sur la Cyberphobie avec des compréhensions orales et écrites  ', 'cyberphobia, computer, phobie', 'vmery-conesa', '2020-05-28 00:00:00', 1493),
('5EME', 'Histoire géographie', 'devoir', 'société féodale', 'FL', '2020-05-28 00:00:00', 1492),
('2NDE', 'Espagnol', 'Objectifs: vocabulaire propre à la thématique: fête des rois mages, présent de l\'indicatif.\nCe QCM peut aussi être utilisé pour le collège et le niveau CAP. Il a été conçu pour des 2nde Bac Pro afin d\'être proposé en début d\'année.', 'Presentar el día de los Reyes Magos', 'Melanie mezil', '2020-05-28 00:00:00', 1491),
('3EME', 'Anglais', 'quiz type \"qu\'est-ce que j\'ai retenu\"', 'Romeo and Juliet', 'KC', '2020-05-28 00:00:00', 1489),
('3EME', 'Anglais', 'quiz type \"qu\'est-ce que j\'ai retenu\" sur l\'extrait de sense and sensibility p.112 JTT 3e', 'sense and sensibility (p112 JTT 3e)', 'KC', '2020-05-28 00:00:00', 1488),
('2NDE', 'Sciences numériques et technologie  ', 'Réponses à un questionnaire après analyse des méta-données d\'une image.', 'Méta-données d\'une photo', 'Sacha Vasic', '2020-05-28 00:00:00', 1487),
('2NDE', 'Histoire géographie', 'Ce QCM fut élaboré à partir du cours p.206 et 207 du livre de Seconde Histoire Hachette.', 'Le modèle britannique et son influence sur les Lumières.', 'Yves Léauté', '2020-05-28 00:00:00', 1486),
('4EME', 'Sciences de la vie et de la terre', 'neurone-message nerveux -recepteur-effecteur', 'système nerveux', 'mazzini', '2020-05-28 00:00:00', 1485),
('1ERE', 'Sciences', 'Récapitulatif de l\'année', 'Organisation de la matière ; Bilan radiatif ; Terre ; phases de la Lune ; sons', 'Lollivier', '2020-05-28 00:00:00', 1484),
('3EME', 'Physique chimie', 'lois de l\'électricité, résistance', 'lois de l\'électricité, résistance', 'séverine abadie', '2020-05-28 00:00:00', 1483),
('1ERE', 'Histoire géographie', 'QCM élaboré pour une 1ère générale sur la 1ère Guerre mondiale à partir du cours p.254-255 dans le manuel Hachette Histoire', 'Embrasement mondial 1ère Guerre mondiale', 'Yves Léauté', '2020-05-28 00:00:00', 1482),
('1ERE', 'Histoire géographie', 'QCM pour 1ère STMG élaboré à partir des pages 196-197 et 210 du manuel Nathan', 'Les espaces ruraux et périurbains', 'Yves Léauté', '2020-05-28 00:00:00', 1481),
('2NDE', 'Histoire géographie', 'QCM élaboré à partir du cours du manuel Histoire Seconde Hachette p. 186-187', 'Etat absolutiste Louis XIV', 'Yves Léauté', '2020-05-28 00:00:00', 1480),
('2NDE', 'Histoire géographie', 'QCM élaboré à partir du cours dans le manuel Hachette Histoire Seconde p. 172-173', 'Affirmation autorité royale 16ème et 17ème siècles', 'Yves Léauté', '2020-05-28 00:00:00', 1479),
('1ERE', 'Espagnol', 'Evaluation CE sur texte Stranger, Jorge Ramos', 'CE', 'Christelle Ruiz', '2020-05-28 00:00:00', 1478),
('1ERE', 'Espagnol', 'Tester sur le lexique du sport', 'el deporte', 'Christelle Ruiz', '2020-05-28 00:00:00', 1477),
('TERMINALE', 'Génie mécanique', 'comment contrôler un injecteur diesel', 'freinage, ESP, Antipatinage, automobile', 'Martin Mickael', '2020-05-28 00:00:00', 1476),
('2NDE', 'Espagnol', 'Tester sur les conjugaisons du passé simple', 'passé simple', 'Christelle Ruiz', '2020-05-28 00:00:00', 1475),
('TERMINALE', 'Génie mécanique', 'comment contrôler un injecteur diesel', 'climatisation, automobile', 'Martin Mickael', '2020-05-28 00:00:00', 1474),
('2NDE', 'Espagnol', 'Tester sur les conjugaisons et emplois du subjonctif présent', 'subjonctif présent', 'Christelle Ruiz', '2020-05-28 00:00:00', 1473),
('TERMINALE', 'Génie mécanique', 'comment contrôler un injecteur diesel', 'injecteur, diesel, automobile', 'Martin Mickael', '2020-05-28 00:00:00', 1472),
('TERMINALE', 'Génie mécanique', 'comment contrôler un injecteur essence', 'injecteur, essence, automobile', 'Martin Mickael', '2020-05-28 00:00:00', 1471),
('TERMINALE', 'Espagnol', 'Evaluation CO, vidéo horaires de travail en Espagne', 'CO', 'Christelle Ruiz', '2020-05-28 00:00:00', 1470),
('4EME', 'Physique chimie', 'QCM bilan sur la résistance électrique, loi d\'Ohm', 'résistance', 'Cindy Potiron', '2020-05-28 00:00:00', 1469),
('TERMINALE', 'Espagnol', 'CE type Bac ', 'Ninos emigrantes', 'M-H', '2020-05-28 00:00:00', 1468),
('5EME', 'Français', 'Conjugaisons à l\'imparfait de verbes très courants. A paramétrer sur 20 questions prises au hasard parmi 80 questions', 'conjugaison, imparfait', 'Thierry Carrère', '2020-05-28 00:00:00', 1467),
('CAP1', 'Mathématiques', 'Conversions sexagésimales', 'Temps', 'Didier Garin', '2020-05-27 00:00:00', 1466),
('CAP1', 'Mathématiques', 'Conversions sexagésimales', 'Temps', 'Didier Garin', '2020-05-27 00:00:00', 1465),
('CAP1', 'Mathématiques', 'Conversions sexagésimales', 'Temps', 'Didier Garin', '2020-05-27 00:00:00', 1464),
('CAP1', 'Mathématiques', 'Conversions sexagésimales', 'Temps', 'Didier Garin', '2020-05-27 00:00:00', 1463),
('CAP1', 'Mathématiques', 'Conversions sexagésimales', 'Temps', 'Didier Garin', '2020-05-27 00:00:00', 1462),
('CAP2', 'Mathématiques', 'Utiliser la propriété de Thalès', 'Thalès', 'Didier Garin', '2020-05-27 00:00:00', 1461),
('CAP2', 'Mathématiques', 'Résoudre une équation, calculer la valeur d\'une expression littérale', 'Expressions littérales', 'Didier Garin', '2020-05-27 00:00:00', 1460),
('CAP2', 'Mathématiques', 'Résoudre une équation, calculer la valeur d\'une expression', 'Expressions littérales', 'Didier Garin', '2020-05-27 00:00:00', 1459),
('6EME', 'Anglais', 'Emploi de \"can\" et de ses différents degrés.', 'can, degrees', 'ROUHART', '2020-05-27 00:00:00', 1458),
('6EME', 'Anglais', 'Choix du bon mot interrogatif dans les questions.', 'questions, Wh- words, questions words', 'ROUHART', '2020-05-27 00:00:00', 1457),
('6EME', 'Anglais', 'Utilisation des verbes de goût suivis de la forme V-ing', 'like, Ving', 'ROUHART', '2020-05-27 00:00:00', 1456),
('3EME', 'Espagnol', 'Un petit questionnaire culturel sur les fêtes hispaniques vues en clase.', 'fiestas, cultura, hispánica', 'Mme García', '2020-05-27 00:00:00', 1455),
('3EME', 'Education musicale', 'QCM avec explications permettant de commencer à comprendre, et surtout à entendre, la différence entre un enregistrement \"mono\" et un \"stéréo\". Les sons utilisés sont assez variés  : Beethoven, Mozart, Led Zeppelin, Lully, Jehan Alain, Indochine, Reinhardt, Berlioz, Hitchcock, mésanges...', 'Mono, stéréo', 'Xavier CHARLES', '2020-05-27 00:00:00', 1454),
('5EME', 'Français', 'Dictée à trous tirée du Petit Nicolas', 'orthographe ; dictée', 'CDupau', '2020-05-27 00:00:00', 1453),
('5EME', 'Français', '10 questions sur le vocabulaire d\'analyse d\'un poème', 'vocabulaire ; poésie ; versification', 'CDupau', '2020-05-27 00:00:00', 1452),
('5EME', 'Français', 'Exerciess sur le futur de l\'indicatif', 'conjugaison ; futur', 'CDupau', '2020-05-27 00:00:00', 1451),
('3EME', 'Français', 'Questions sur l\'expression de l\'opposition (mode, conjonction de subordination', 'grammaire, opposition', 'CDupau', '2020-05-27 00:00:00', 1450),
('3EME', 'Français', 'Questions sur l\'accord des participes des verbes pronominaux', 'participe . verbes pronominaux ; accord', 'CDupau', '2020-05-27 00:00:00', 1449),
('3EME', 'Français', 'Questions sur le vocabulaire spécifique à la poésie, les strophes, les rimes', 'poésie ; versification ; vocabulaire', 'CDupau', '2020-05-27 00:00:00', 1448),
('5EME', 'Latin', 'Questions sur le futur, traduction de formes verbales', 'futur ; conjugaison ; traduction', 'CDupau', '2020-05-27 00:00:00', 1447),
('3EME', 'Grec', 'Questions sur Athènes et l\'Acropole, sur Olympie. Traduction de verbes à l\'imparfait.', 'Athènes ; Acropole ; Olympie ; imparfait', 'CDupau', '2020-05-27 00:00:00', 1446),
('3EME', 'Français', 'questions de lecture sur le Père Goriot de Balzac', 'Lecture ; Balzac ; Goriot', 'CDupau', '2020-05-27 00:00:00', 1445),
('3EME', 'Physique chimie', 'Bilan sur les types de tensions, puissance et énergie électriques.', 'électricité, types de tensions, énergie, puissance, période, fréquence', 'Julien', '2020-05-27 00:00:00', 1444),
('3EME', 'Physique chimie', 'Bilan sur les signaux, leur propagation, formule de la vitesse, période, fréquence.', 'signaux, période, fréquence', 'Julien', '2020-05-27 00:00:00', 1443),
('4EME', 'Physique chimie', 'Bilan sur l\'électricité, lois du courant, résistance électrique, caractéristique électrique, loi d\'Ohm.', 'électricité, résistance, loi d\'Ohm', 'Julien', '2020-05-27 00:00:00', 1442),
('5EME', 'Français', '100 conjugaisons de verbes très courants. Peut servir à tous les niveaux de collège. ', 'conjugaison, présent', 'Thierry Carrère', '2020-05-27 00:00:00', 1441),
('6EME', 'Mathématiques', 'Volume d\'un pavé, unités de volume, conversions', 'Volumes', 'Bovier', '2020-05-27 00:00:00', 1440),
('2NDE', 'Anglais', 'Un test de compréhension portant sur Owl Hall, une histoire de Robert Campbell et Lindsay Clandfield (chapitres 1 à 7).', 'Reading comprehension Stories Owl Hall Listening Comprehension Compréhension orale écrite Lecture suivie Histoire ', 'Céline Louis', '2020-05-27 00:00:00', 1439),
('4EME', 'Anglais', 'exercice à trous sur les quantifieurs - much, many, some, any, etc... La thématique est généralement celle de la nourriture.', 'quantifieurs', 'cservain', '2020-05-27 00:00:00', 1438),
('4EME', 'Education musicale', 'Notion de FORME, les explications sont dans chaque question (pas de cours nécessaire avant), 6 fichiers sons (Mozart, Brahms, Dvorak, Haydn, Mister Jazz), une vidéo sur Youtube (Mozart, Marche turque).', 'Forme', 'Xavier CHARLES', '2020-05-27 00:00:00', 1437),
('4EME', 'Technologie', 'Store automatique, chaînes d\'information et d\'énergie. Ressource = vidéo 1\'59\'\' clg Adolphe Chérioux en lien dans le QCM', 'store automatique, chaîne d\'information, chaîne d\'énergie, système automatisé', 'Technopolis', '2020-05-27 00:00:00', 1436),
('6EME', 'Technologie', 'Qu\'est-ce qu\'une imprimante 3d ? Ressource = vidéo de 3\'15\'\' en lien dans le QCM', 'imprimante 3d, fabrication, machine, réalisation, prototypage, thingiverse', 'Technopolis', '2020-05-27 00:00:00', 1435),
('1ERE', 'Physique chimie', 'Exercice STI2D sur calcul de qdm, concentration et groupe caractéristique (chapitre organisation de la matière).', 'chimie, STI2D, concentration, masse molaire, groupes caratéristiques', 'Clémence Devailly', '2020-05-27 00:00:00', 1434),
('1ERE', 'Physique chimie', 'Questions de cours sur Organisation de la matière, propriétés des matériaux STI2D', 'matériaux, famille, concentration', 'Clémence Devailly', '2020-05-27 00:00:00', 1433),
('3EME', 'Sciences de la vie et de la terre', 'Bilan des chapitres sur la diversité et l\'unité des êtres vivants ', 'programme génétique mitose méiose féconfation ', 'Nadège BENALLOUL', '2020-05-27 00:00:00', 1432),
('1ERE', 'Physique chimie', 'Entraînement progressif pour équilibrer des équation redox 2', 'Redox, oxydo-réduction', 'Clémence Devailly', '2020-05-27 00:00:00', 1431),
('1ERE', 'Physique chimie', 'Entraînement progressif pour équilibrer des équations redox.', 'Redox, oxydo-réduction', 'Clémence Devailly', '2020-05-27 00:00:00', 1430),
('6EME', 'Technologie', 'Histoire du téléphone portable. Ressource = vidéo Lumni de 1\'42\'\' en lien dans le QCM', 'évolution, histoire, téléphone portable', 'Technopolis', '2020-05-27 00:00:00', 1429),
('3EME', 'Sciences de la vie et de la terre', 'Bilan des chapitres sur les microorganismes et les réponses immunitaires', 'microorganismes réponses immunitaires', 'Nadège BENALLOUL', '2020-05-27 00:00:00', 1428),
('6EME', 'Technologie', 'Histoire de la trottinette électrique, ressource = vidéo Lumni de 1\'42\'\' en lien dans le QCM ', 'évolution, histoire, trottinette électrique', 'Technopolis', '2020-05-27 00:00:00', 1427),
('6EME', 'Technologie', 'Histoire de la montgolfière, ressource = vidéo Lumni de 1\'30\'\' en lien dans le QCM ', 'évolution, histoire, montgolfière', 'Technopolis', '2020-05-27 00:00:00', 1426);
INSERT INTO `indexeducation` (`Niveau`, `Matiere`, `Description`, `Motes_Clefs`, `Auteur`, `Date`, `N_fichier_XML`) VALUES
('6EME', 'Technologie', 'Histoire des énergies utilisées pour la propulsion des bateaux', 'évolution, histoire, énergie, transport, bateau', 'Technopolis', '2020-05-27 00:00:00', 1425),
('4EME', 'Mathématiques', 'automatisme sur les écritures scientifiques', 'puissance, écriture scientifique', 'alada', '2020-05-27 00:00:00', 1424),
('4EME', 'Mathématiques', 'automatisme sur les écritures scientifiques', 'puissance,écriture scientifique', 'alada', '2020-05-27 00:00:00', 1423),
('3EME', 'Mathématiques', 'QCM et 2 exercices sur le théorème de Thalès (et un peu sa réciproque).', 'Thalès', 'Argelliès', '2020-05-27 00:00:00', 1422),
('3EME', 'Mathématiques', 'QCM sur des équations du 1er degré à une inconnue et des équations produit nul.', 'Equation 1er degré produit nul', 'Argelliès', '2020-05-27 00:00:00', 1421),
('3EME', 'Sciences de la vie et de la terre', 'Relier différentes situations à ces deux méthodes', 'méthodes d\'aseptie et d\'antiseptie', 'giobrunetti', '2020-05-26 00:00:00', 1420),
('3EME', 'Français', 'Repérage, maîtrise des outils grammaticaux  et identification grammaticale des groupes exprimant l\'opposition, approche du subjonctif présent', 'L\'opposition', 'Ch FREBAULT', '2020-05-26 00:00:00', 1419),
('4EME', 'Français', '(2ème QCM d\'entraînement) Les pronoms relatifs + les rapports logiques : cause, but, conséquence dans les subordonnées conjonctives et autres groupes', 'Propositions subordonnées : les pronoms relatifs + cause, but, conséquence ', 'Ch FREBAULT', '2020-05-26 00:00:00', 1418),
('4EME', 'Français', '(1er QCM d\'entraînement) Identification de ces propositions, emploi des pronoms relatifs et des conjonctions de subordination.', 'Propositions subordonnées relatives et conjonctives', 'Ch FREBAULT', '2020-05-26 00:00:00', 1417),
('4EME', 'Histoire géographie', 'révision du chapitre', 'Conquêtes et sociétés coloniales', 'ed', '2020-05-26 00:00:00', 1416),
('6EME', 'Physique chimie', 'QCM sur les sources et formes d\'énergie pour les 6ème mais applicables aux autres niveaux.', 'Sources et formes d\'énergie', 'Landeau S', '2020-05-26 00:00:00', 1415),
('6EME', 'Français', 'Trois exercices : 1) lexique à trouver dans une liste à partir d\'une image et d\'un portrait écrit ; 2) vocabulaire de l\'exercice 1 à retrouver dans une nouvelle image ; 3) une question de compréhension d\'un portrait de Barbe Noire par Gilles Lapouge.', 'vocabulaire, portrait, pirate', 'M. André', '2020-05-26 00:00:00', 1414),
('6EME', 'Français', 'Phrases simples et complexes', 'phrase, phrase simple, phrase complexe', 'vbaltet', '2020-05-26 00:00:00', 1413),
('3EME', 'Mathématiques', 'notion de fonctions', 'fonctions', 'BRISAC', '2020-05-26 00:00:00', 1412),
('5EME', 'Mathématiques', 'somme des angles dans un triangle', 'angles, triangles', 'BRISAC', '2020-05-26 00:00:00', 1411),
('2NDE', 'Italien', 'test italiano\n', 'grammaire conjugaison articles pronoms prepositions', 'Nina.VICARIO1', '2020-05-26 00:00:00', 1410),
('3EME', 'Histoire géographie', 'QCM sur la Guerre froide', 'Guerre froide', 'FOURNIER Guillaume', '2020-05-26 00:00:00', 1409),
('TERMINALE', 'Sciences économiques et sociales', 'Questions à choix unique ou à choix multiple sur institutions européennes et gouvernance multiniveaux', 'SSP Europe', 'Barillot', '2020-05-26 00:00:00', 1408),
('4EME', 'Mathématiques', 'Tester une égalité et résolution d\'une équation simple', 'EQUATIONS DU 1er DEGRE', 'SAVARINO LECHENET', '2020-05-26 00:00:00', 1407),
('3EME', 'Physique chimie', ' ', 'tests , ions', 'lespine', '2020-05-26 00:00:00', 1406),
('3EME', 'Education physique et sportive', '39 questions qui couvrent l\'ensemble du règlement UNSS en Natation', 'Juges Natation', 'Sandrone', '2020-05-26 00:00:00', 1405),
('1ERE', 'Physique chimie', '6 alcools et aldéhydes à nommer à partir de la formule semi-développée', 'Nomenclature des alcools et aldéhydes', 'I. Valet', '2020-05-26 00:00:00', 1404),
('1ERE', 'Physique chimie', '12 questions utilisant le travail des forces, la conservation et la non-conservation de l\'énergie mécanique', 'Energie mécanique', 'I. Valet', '2020-05-26 00:00:00', 1403),
('1ERE', 'Histoire géographie', 'Hist Chap 8 Métropole et colonies Première générale', 'Métropole et colonies', 'bbaumier', '2020-05-26 00:00:00', 1402),
('1ERE', 'Histoire géographie', 'Histoire Chap9 10 et 11 Première générale', 'Première Guerre mondiale', 'bbaumier', '2020-05-26 00:00:00', 1401),
('1ERE', 'Histoire géographie', 'Chap7 Geo Premiere', 'Chine', 'bbaumier', '2020-05-26 00:00:00', 1400),
('3EME', 'Mathématiques', 'Reconnaitre des droites parallèles et savoir rédiger la démonstration quand les droites sont parallèles et quand elles ne le sont pas. ', 'Thalès', 'Mme Guého', '2020-05-26 00:00:00', 1399),
('3EME', 'Français', 'Questionnaire de lecture', 'Lecture, questionnaire, Inconnu à cette adresse', 'Thierry Carrère', '2020-05-26 00:00:00', 1398),
('6EME', 'Mathématiques', 'fractions égales, fractions et pourcentages, situations de proportionnalité ou non, tableau proportionnalité, coefficient', 'fractions, pourcentages, proportionnalité', 'mme barraud', '2020-05-26 00:00:00', 1397),
('6EME', 'Mathématiques', 'fractions égales, fractions et pourcentages, situations de proportionnalité ou non, tableau proportionnalité, coefficient', 'fractions, pourcentages, proportionnalité', 'mme barraud', '2020-05-26 00:00:00', 1396),
('2NDE', 'Sciences de la vie et de la terre', 'Utilisation du microscope en anglais', 'anglais euro microscope', 'Catherine Fradin', '2020-05-26 00:00:00', 1395),
('1ERE', 'Sciences de la vie et de la terre', 'programme de spécialité', 'immunologie innée', 'Catherine Fradin', '2020-05-26 00:00:00', 1394),
('1ERE', 'Sciences de la vie et de la terre', 'programme de spécialité', 'geologie dynamique interne', 'Catherine Fradin', '2020-05-26 00:00:00', 1393),
('2NDE', 'Génie industriel', 'Pilotage par carte de contrôle', 'Carte de Contrôle', 'BERTHOMIER', '2020-05-26 00:00:00', 1392),
('1ERE', 'Histoire géographie', 'Un QCM sur la Première Guerre mondiale', 'Guerre mondiale, 1914, 1918, 1919', 'La Fontaine Niamey', '2020-05-26 00:00:00', 1391),
('BTS1', 'Anglais', 'Lexique de la prospection', 'Prospecting', 'csemperebrun', '2020-05-26 00:00:00', 1390),
('5EME', 'Physique chimie', 'évolution de T durant le chgt d\'état d\'un corps pur ou un mélange ; températures de chgt d\'états', 'Changement d\'états ; courbes ; mélanges&corps purs ; T(éb)', 'Delandre', '2020-05-26 00:00:00', 1389),
('6EME', 'Activités non spécialisées', 'Un QCM pour en savoir plus sur les périodiques. ', 'EMI, périodiques,presse', 'virginie G', '2020-05-26 00:00:00', 1388),
('1ERE', 'Santé & social', 'Révision en 5 question sur la restauration de la santé', 'Restauration de la santé,mode d\'intervention en santé publique', 'Julie Chassé', '2020-05-26 00:00:00', 1387),
('2NDE', 'Hôtellerie & tourisme', 'bilan des connaissances', 'supports de vente, prestations en restauration', 'Mme Depoux', '2020-05-26 00:00:00', 1386),
('5EME', 'Physique chimie', 'Il s\'agit d\'un QCM d\'évaluation de chimie 5ème sur les états, leurs changements et leurs courbes associées. Synthèse de certaines questions plus ou plus réaménagées de QCM déjà disponibles sur Pronote avec des nouvelles questions plus quantitatives (graphiques), en plus.', 'Etats Physiques ; Changements d\'Etats Physiques ; Courbes', 'S Gobe', '2020-05-26 00:00:00', 1385),
('3EME', 'Anglais', 'Test pour vérifier connaissances liés au chapitre Big brands, Tiny hands de Piece of Cake 3°. Vérification du vocabulaire, de la grammaire mission 1 et compréhension écrite.', 'piece of cake, big brands tiny hands, vocabulaire, child labour, grammaire, passif, autorisation, interdiction, obligation, would habitude', 'Euriell', '2020-05-26 00:00:00', 1384),
('5EME', 'Physique chimie', 'Il s\'agit d\'un QCM d\'évaluation de chimie 5ème sur les mélanges et les techniques de séparation. Synthèse de certaines questions plus ou plus réaménagées de QCM disponibles sur Pronote avec des nouvelles, en plus.', 'Mélanges ; Vocabulaires des Mélanges ; Techniques de Séparation', 'S Gobe', '2020-05-26 00:00:00', 1383),
('5EME', 'Physique chimie', 'Il s\'agit d\'un QCM évaluation de chimie 5ème sur l\'eau', 'Répartition Eau Terrestre ; Etats Physiques ; Changements d\'état ; Test de reconnaissance eau ; Démarche expérimentale ; Matériel ; Sécurité', 'S Gobe', '2020-05-26 00:00:00', 1382),
('4EME', 'Physique chimie', 'Il s\'agit d\'un QCM évaluation de chimie 4ème sur l\'air et l’atmosphère avec des questions quantitatives.\n(21 questions)', 'Air et Atmosphère ; Masse Volume et Pression Air', 'S Gobe', '2020-05-26 00:00:00', 1381),
('3EME', 'Physique chimie', 'Il s\'agit d\'un QCM évaluation bilan de chimie 3ème\n(21 questions)', 'Organisation de la Matière ; Ions et Tests de Reconnaissance ; pH ; Sécurité ; Pictogramme ; Transformations et Réactions chimiques ; Conservation de la masse ; Ajustement coefficients', 'S Gobe', '2020-05-26 00:00:00', 1380),
('2NDE', 'Français', 'Vérification lecture cursive Petit Pays chapitres 1 à 14 inclus', 'petit pays; roman; lecture cursive', 'Emmanuelle Audras', '2020-05-26 00:00:00', 1379),
('2NDE', 'Français', 'Vérification de lecture cursive sur Petit Pays de Gaël Faye chapitres 15 à 20', 'petit pays; roman; lecture cursive', 'Emmanuelle Audras', '2020-05-26 00:00:00', 1378),
('6EME', 'Français', 'Vérification de lecture cursive chapitre 4 et 5', 'louison; Molière; lecture cursive', 'Emmanuelle Audras', '2020-05-26 00:00:00', 1377),
('6EME', 'Français', 'Vérification de lecture cursive chapitre 2', 'louison; Molière; lecture cursive', 'Emmanuelle Audras', '2020-05-26 00:00:00', 1376),
('6EME', 'Français', 'Questions de vérification de lecture cursive. chapitre 1', 'louison; Molière; lecture cursive', 'Emmanuelle Audras', '2020-05-26 00:00:00', 1375),
('1ERE', 'Mathématiques', 'Suites arithmétiques et suites géométriques', 'suites', 'raffin', '2020-05-26 00:00:00', 1374),
('2NDE', 'Sciences numériques et technologie  ', 'questions de cours', 'Localisation, cartographie et mobilité', 'arnaud.bonnot', '2020-05-26 00:00:00', 1373),
('1ERE', 'Histoire géographie', 'Un QCM sur la Première Guerre mondiale', 'Guerre mondiale, 1914, 1918, 1919', 'La Fontaine Niamey', '2020-05-26 00:00:00', 1372),
('1ERE', 'Histoire géographie', 'Un QCM sur la Première Guerre mondiale', 'Guerre mondiale, 1914, 1918, 1919', 'La Fontaine Niamey', '2020-05-26 00:00:00', 1371),
('1ERE', 'Histoire géographie', 'Un QCM sur la Première Guerre mondiale', 'Guerre mondiale, 1914, 1918, 1919', 'La Fontaine Niamey', '2020-05-26 00:00:00', 1370),
('4EME', 'Anglais', 'Construction et utilisation de prétérit simple, prétérit be+v-ING, present perfect', 'prétérit simple, prétérit be+v-ING, present perfect', 'Euriell', '2020-05-26 00:00:00', 1369),
('1ERE', 'Physique chimie', 'questions de cours', 'Structures des entités organiques et synthèse', 'arnaud.bonnot', '2020-05-26 00:00:00', 1368),
('1ERE', 'Physique chimie', 'questions de cours', 'Couleurs', 'arnaud.bonnot', '2020-05-26 00:00:00', 1367),
('1ERE', 'Physique chimie', 'questions de cours', 'Ondes mécaniques', 'arnaud.bonnot', '2020-05-26 00:00:00', 1366),
('1ERE', 'Physique chimie', 'questions de cours', 'Énergie des systèmes électriques', 'arnaud.bonnot', '2020-05-26 00:00:00', 1365),
('2NDE', 'Physique chimie', 'questions de cours', 'Transformations physiques', 'arnaud.bonnot', '2020-05-26 00:00:00', 1364),
('2NDE', 'Physique chimie', 'questions de cours', 'spectre émission', 'arnaud.bonnot', '2020-05-26 00:00:00', 1363),
('2NDE', 'Physique chimie', 'questions de cours', 'émission et perception d\'un son', 'arnaud.bonnot', '2020-05-26 00:00:00', 1362),
('5EME', 'Histoire géographie', 'QCM à partir de vidéos pour découvrir ou réviser les effets du changement global à l\'échelle mondiale et le vocabulaire de base : déforestation désertification...', 'changement global, désertification, déforestation, vocabulaire', 'CB', '2020-05-26 00:00:00', 1361),
('5EME', 'Histoire géographie', 'Pour réviser l\'organisation de la ville au Moyen Age, les marchands, les artisans et la lettre de change.', 'moyen âge, marchands, artisans, ville, lettre de change', 'CB', '2020-05-26 00:00:00', 1360),
('5EME', 'Histoire géographie', 'Pour réviser la seigneurie et le rôle du seigneur et les trois ordres de la société féodale.', 'seigneurie, société féodale, moyen-äge, chevalier ', 'celinebrunetti', '2020-05-26 00:00:00', 1359),
('6EME', 'Français', 'Texte à trous sur les formes verbales se terminant par le son [e]', 'grammaire ; orthograohe , conjugaison', 'Françoise Hébert', '2020-05-25 00:00:00', 1358),
('6EME', 'Français', 'QCM sur le passé composé et le son [e] dans les terminaisons verbales', 'conjugaison ; orthographe , passé composé', 'Françoise Hébert', '2020-05-25 00:00:00', 1357),
('3EME', 'Education physique et sportive', 'rôles des jeunes officiels', 'natation unss', 'ralambomanana', '2020-05-25 00:00:00', 1356),
('3EME', 'Education physique et sportive', 'rôles de jeunes officiels', 'natation unss', 'ralambomanana', '2020-05-25 00:00:00', 1355),
('3EME', 'Education physique et sportive', 'rôles de jeunes officiels', 'natation unss', 'ralambomanana', '2020-05-25 00:00:00', 1354),
('3EME', 'Education physique et sportive', 'rôles des jeunes officielles ', 'natation unss', 'ralambomanana', '2020-05-25 00:00:00', 1353),
('2NDE', 'Sciences numériques et technologie  ', 'QCM POUR UNE ÉVALUATION DES ÉLÈVES  EN SNT  THÈMES LES DONNEES STRUCTUREES ', 'DONNEES STRUCTUREES', 'PEREIRAPATRICK', '2020-05-25 00:00:00', 1352),
('1ERE', 'Sciences', 'essentiel à retenir en 10 questions sur 20 points', 'enseignement scientifique, son, codage', 'François Dehocq', '2020-05-25 00:00:00', 1351),
('1ERE', 'Sciences', 'essentiel à retenir en 10 questions sur 20 points', 'enseignement scientifique, son, gammes', 'François Dehocq', '2020-05-25 00:00:00', 1350),
('1ERE', 'Sciences', 'essentiel à retenir en 13 questions sur 20 points', 'enseignement scientifique, son, vibration', 'François Dehocq', '2020-05-25 00:00:00', 1349),
('1ERE', 'Sciences', 'essentiel à retenir en 13 questions sur 20 points', 'enseignement scientifique, soleil, bilan radiatif terrestre', 'François Dehocq', '2020-05-25 00:00:00', 1348),
('1ERE', 'Sciences', 'essentiel à retenir en 13 questions sur 20 points', 'enseignement scientifique, soleil, rayonnement solaire', 'François Dehocq', '2020-05-25 00:00:00', 1347),
('1ERE', 'Sciences', 'essentiel à retenir en 10 questions sur 20 points', 'enseignement scientifique, matière, éléments', 'François Dehocq', '2020-05-25 00:00:00', 1346),
('1ERE', 'Sciences', 'essentiel à retenir en 10 questions sur 20 points', 'cristaux', 'François Dehocq', '2020-05-25 00:00:00', 1345),
('2NDE', 'Mathématiques', 'TAILLE DE L’ÉCHANTILLON', 'ECHANTILLONNAGE', 'DOGLIOLI', '2020-05-25 00:00:00', 1344),
('5EME', 'Education musicale', 'Il s\'agit de commencer à bien identifier à l\'oreille 3 instruments à clavier (7 fichiers sons, et 3 liens vers Youtube)', 'audition ; instruments à clavier ; piano ; orgue ; clavecin', 'Xavier CHARLES', '2020-05-25 00:00:00', 1343),
('TERMINALE', 'Sciences de la vie et de la terre', 'Quelques prérequis à maîtriser avant d\'aborder l\'équilibre d\'Hardy-Weinberg.', 'Hardy-Weinberg', 'CCTX', '2020-05-25 00:00:00', 1342),
('4EME', 'Education physique et sportive', 'alimentation', 'alimentation, nutrition, sport', 'schartier3', '2020-05-25 00:00:00', 1341),
('4EME', 'Education physique et sportive', 'Sport et handicap', 'sport partagé, handicap, handisport, paralympique', 'schartier3', '2020-05-25 00:00:00', 1340),
('3EME', 'Français', 'Bilan sur la fiche Versification', 'versification', 'naeva.aubert', '2020-05-25 00:00:00', 1339),
('2NDE', 'Français', 'Ecole des Femmes, Molière ', 'Ecole, des, Femmes, Molière ', 'schick', '2020-05-25 00:00:00', 1338),
('2NDE', 'Français', 'Art, Reza', 'Art, Reza', 'schick', '2020-05-25 00:00:00', 1337),
('2NDE', 'Mathématiques', 'Bilan sur les équations cartésiennes, équations réduites et systèmes.', 'droites systèmes', 'combalbert  ', '2020-05-25 00:00:00', 1336),
('5EME', 'Latin', 'cas et fonctions, révisions pour tous les niveaux', 'cas et fonctions', 'aadubosc', '2020-05-25 00:00:00', 1335),
('5EME', 'Latin', 'Les temps primitifs et le présent de l\'indicatif, révisions pour tous les niveaux', 'present indicatif temps primitifs', 'aadubosc', '2020-05-25 00:00:00', 1334),
('5EME', 'Sciences de la vie et de la terre', 'Contamination, infection, et micro-organismes', 'contamination, infection, micro-organismes', 'Dam', '2020-05-25 00:00:00', 1333),
('TERMINALE', 'Mathématiques', 'bilan sur le logarithme népérien : équation fonctionnelle, dérivée, limites, résolution d\'équations', 'logarithme népérien', 'Caroline D', '2020-05-25 00:00:00', 1332),
('2NDE', 'Mathématiques', 'bilan sur les tableaux de variations en seconde', 'tableau de variations', 'Caroline D', '2020-05-25 00:00:00', 1331),
('4EME', 'Allemand', 'A partir du Padlet de Isabelle Stock \"DACH-Länder\", mes élèves ont créé un quiz collaboratif sur les vidéos visionnées', '1001, civilisation, DACH-Länder', 'crouleaux', '2020-05-25 00:00:00', 1330),
('4EME', 'Allemand', 'A partir du padlet de Isabelle Stock \"DACH-Länder\", mes élèves ont créé un quiz collaboratif', '1001, civilisation, DACH-Länder', 'crouleaux', '2020-05-25 00:00:00', 1329),
('4EME', 'Histoire géographie', 'Maitrise du lexique et des repères sur la R.I', 'La société industrielle au XIXe siècle', 'Phir', '2020-05-25 00:00:00', 1328),
('2NDE', 'Mathématiques', '20 questions sur les fonctions de référence et les variations', 'variations fonctions références', 'Balin', '2020-05-25 00:00:00', 1327),
('5EME', 'Français', 'Questionnaire de compréhension de la pièce après l\'avoir vue.', 'Le malade imaginaire, Molière', 'P. Salabert', '2020-05-25 00:00:00', 1326),
('1ERE', 'Santé & social', 'Révisions du chapitre 8 Organisation du système de protection sociale français', 'Oganisation du système de protection sociale français, sécurité sociale, assurance maladie, assistance, aide sociale, assurance sociale', 'Julie Chassé', '2020-05-25 00:00:00', 1325),
('4EME', 'Technologie', 'Chaîne d\'information et chaîne d\'énergie pour une centrale d\'alarme', 'Chaîne d\'information Chaîne d\'énergie', 'Bou David', '2020-05-25 00:00:00', 1324),
('4EME', 'Technologie', 'Chaîne d\'information et chaîne d\'énergie d\'une lampe de terrasse automatique.', 'Chaîne d\'information Chaîne d\'énergie', 'Bou David', '2020-05-25 00:00:00', 1323),
('6EME', 'Technologie', 'énergie du tram', 'tram, tramway, énergie, transport', 'Technopolis', '2020-05-25 00:00:00', 1322),
('4EME', 'Technologie', 'Comparaison de la chaîne d\'information d\'un syst. automatisé avec les organes du corps humain', 'chaîne d\'information', 'Technopolis', '2020-05-25 00:00:00', 1321),
('4EME', 'Technologie', 'Comparaison de la chaîne d\'énergie d\'un syst. automatisé avec les organes du corps humain', 'chaîne d\'énergie', 'Technopolis', '2020-05-25 00:00:00', 1320),
('1ERE', 'Santé & social', 'Révisions en 10 questions des fondamentaux sur les modes d\'intervention de la promotion à la santé, de la prévention, et de l\'éducation à la santé', 'Promotion, prévention, éducation à la santé, mode d\'intervention en santé publique', 'Julie Chassé', '2020-05-25 00:00:00', 1319),
('1ERE', 'Santé & social', 'Révision en 5 questions sur un mode d\'intervention en santé publique, la veille sanitaire (10 minutes)', 'Modes d\'intervention en santé publiques, veille sanitaire, sécurité sanitaire', 'Julie Chassé', '2020-05-25 00:00:00', 1318),
('4EME', 'Anglais', 'Quizz connaissances', 'Australia, connaissances', 'Mrs Dagnicourt', '2020-05-25 00:00:00', 1317),
('1ERE', 'Mathématiques', 'Evaluation produit scalaire ', 'Produit scalaire (2)', 'Yann Mobian', '2020-05-25 00:00:00', 1316),
('6EME', 'Anglais', 'Ecouter l\'enregistrement et répondre aux 13 questions', 'English royal family CO', 'miss letellier', '2020-05-25 00:00:00', 1315),
('6EME', 'Mathématiques', 'calculs d\'aire 6e', 'calculs d\'aire', 'Delagoutte', '2020-05-25 00:00:00', 1314),
('3EME', 'Mathématiques', 'repérage : longitude/latitude + coordonnées', 'repérage', 'Delagoutte', '2020-05-25 00:00:00', 1313),
('6EME', 'Mathématiques', 'donner une fraction à partir d\'une représentation', 'fraction représentation', 'Delagoutte', '2020-05-25 00:00:00', 1312),
('4EME', 'Mathématiques', 'solides : volumes et patrons', 'patrons + volumes', 'Delagoutte', '2020-05-25 00:00:00', 1311),
('6EME', 'Anglais', 'Différence entre l\'emploi de \'play the\' + instrument de musique et \'play\' + sport', 'play, sport, instruments de musique', 'ROUHART', '2020-05-25 00:00:00', 1310),
('1ERE', 'Français', 'Questions sur les points au programme oral de grammaire 2020', 'Grammaire bac 2020', 'Céline Benoit', '2020-05-25 00:00:00', 1309),
('6EME', 'Anglais', 'conjugaison de \'have\' dans des phrases sur la description physique', 'have, description', 'ROUHART', '2020-05-25 00:00:00', 1308),
('TERMINALE', 'Génie électrique', 'les bases', 'fibre optique', 'cordier-lallouet', '2020-05-25 00:00:00', 1307),
('2NDE', 'Sciences', 'synthèse additive - synthèse soustractive - couleur d\'un objet ', 'lumières et couleurs', 'Fred B', '2020-05-25 00:00:00', 1306),
('3EME', 'Histoire géographie', 'QCM à faire en 30 minutes avec 2 compétences évaluées', 'Décolonisation', 'vaslin', '2020-05-25 00:00:00', 1305),
('5EME', 'Histoire géographie', 'Quiz de 10 questions sur la féodalité et le pouvoir royal du XI au XV e siècle', 'Moyen-âge, féodalité, pouvoir en occident', 'Philippe Réveillé', '2020-05-25 00:00:00', 1304),
('3EME', 'Technologie', 'QCM à partir d\'un sujet de DNB \nLyre à Led', 'Sujet DNB Lyre à led', 'Smav', '2020-05-25 00:00:00', 1303),
('TERMINALE', 'Mathématiques', 'forme algébrique, équation, module, argument, forme trigonométrique.', 'NOMBRES COMPLEXES', 'Soeren Dessenante', '2020-05-25 00:00:00', 1302),
('TERMINALE', 'Mathématiques', 'Calculs sur les aires, les intégrales et les primitives.', 'Aire intégrale primitive', 'soeren dessenante', '2020-05-25 00:00:00', 1301),
('2NDE', 'Sciences numériques et technologie  ', 'Débuter en python', 'Python', 'S.Roussel', '2020-05-25 00:00:00', 1300),
('2NDE', 'Sciences numériques et technologie  ', 'Internet, contrôle des connaissance', 'Internet', 'S.Roussel', '2020-05-25 00:00:00', 1299),
('2NDE', 'Sciences numériques et technologie  ', 'Comprendre le DNS en 5 minutes', 'Internet,DNS', 'S.Roussel', '2020-05-25 00:00:00', 1298),
('2NDE', 'Mathématiques', 'Quatre questions par association.', 'Fonctions de référence, ensemble de définition, courbe représentative, résolution graphique d\'équation', 'Johan', '2020-05-25 00:00:00', 1297),
('2NDE', 'Mathématiques', 'Difficile, bien que sur une petite partie du programme.', 'Géométrie, Repérage, Milieu, Distance en repère orthonormé, périmètre, aire', 'Johan', '2020-05-25 00:00:00', 1296),
('2NDE', 'Mathématiques', 'Difficile. Ensemble de nombres, intervalles, réunions d\'intervalles, valeur absolue d\'un nombre, Propriétés puissances, identités remarquables, développement, factorisation, équations 1er ou 2nd degré (factorisation, produit nul)', 'Nombres, Calculs', 'Johan', '2020-05-25 00:00:00', 1295),
('6EME', 'Sciences de la vie et de la terre', 'QCM d\'exploitation du \"C\'est toujours pas sorcier : les super pouvoirs des abeilles\".', 'abeilles', 'Senabre Jérémy', '2020-05-25 00:00:00', 1294),
('5EME', 'Histoire géographie', 'QCM pour évaluer des connaissances\nEn lien avec une étude de documents sur la ressource EAU\n8 questions\nfacile', 'l\'eau en egypte', 'botbol soraya', '2020-05-25 00:00:00', 1293),
('3EME', 'Enseignement moral et civique', 'Quiz sur la paix dans le monde, la défense française et les obligations du citoyen', 'Défense, JDC, sécurité,ONU', 'Philippe Réveillé', '2020-05-24 00:00:00', 1292),
('6EME', 'Histoire géographie', 'Quiz sur les métropoles mondiales, niveau 6e', 'Métropoles', 'P. Réveillé', '2020-05-24 00:00:00', 1291),
('6EME', 'Mathématiques', 'Reconnaissance des solides, vocabulaire lié à ces solides.', 'Solides, géométrie dans l\'espace, vocabulaire', 'EMilliot', '2020-05-24 00:00:00', 1290),
('3EME', 'Technologie', 'La modélisation, la simulation et les logiciels pour les réaliser', 'modélisation simulation', 'J. Galisson', '2020-05-24 00:00:00', 1289),
('5EME', 'Arts plastiques', 'Questionnaire \"bas les masques\"', 'Compétences culturelles', 'BENNATHAN', '2020-05-24 00:00:00', 1288),
('4EME', 'Physique chimie', 'Bilan masse volumique ', 'Masse volumique', 'Persillon I', '2020-05-24 00:00:00', 1287),
('2NDE', 'Physique chimie', '35 questions sur toute la partie son ( à découper plusieurs qcm)', 'son vitesse propagation période fréquence timbre niveau sonore', 'Martinez Marie', '2020-05-24 00:00:00', 1286),
('3EME', 'Histoire géographie', 'Maitrise du lexique et des repères chronologiques', 'La guerre froide', 'PHIR', '2020-05-24 00:00:00', 1285),
('5EME', 'Histoire géographie', 'maitrise du lexique', 'Les villes au Moyen -âge', 'PHIR', '2020-05-24 00:00:00', 1284),
('5EME', 'Anglais', 'Un QCM qui permet de réviser quelques élèments vus en 5e', 'révisions, année, 5eme', 'Miss F.', '2020-05-24 00:00:00', 1283),
('TERMINALE', 'Mathématiques', 'Sujet de la course aux nombres terminale professionnelle et technologique - Session 2020', 'La course aux nombres', 'CASSUTO', '2020-05-24 00:00:00', 1282),
('TERMINALE', 'Mathématiques', 'Sujet de la course aux nombres terminale générale et technologique - Session 2020', 'La course aux nombres', 'CASSUTO', '2020-05-24 00:00:00', 1281),
('BTS1', 'Mathématiques', 'Sujet de la course aux nombres STS Industrielle - Session 2020', 'La course aux nombres', 'CASSUTO', '2020-05-24 00:00:00', 1280),
('2NDE', 'Mathématiques', 'Sujet de la course aux nombres seconde professionnelle - Session 2020', 'La course aux nombres', 'CASSUTO', '2020-05-24 00:00:00', 1279),
('1ERE', 'Mathématiques', 'Sujet de la course aux nombre première non spécialité maths - Session 2020', 'La course aux nombres', 'CASSUTO', '2020-05-24 00:00:00', 1278),
('1ERE', 'Mathématiques', 'Sujet de la course aux nombre première professionnelle- Session 2020', 'La course aux nombres', 'CASSUTO', '2020-05-24 00:00:00', 1277),
('1ERE', 'Mathématiques', 'Sujet de la course aux nombre première spécialité maths- Session 2020', 'La course aux nombres', 'CASSUTO', '2020-05-24 00:00:00', 1276),
('3EME', 'Sciences de la vie et de la terre', 'microorganismes, pathogènes et hygiène', 'Contamination, Infection', 'Perennes', '2020-05-24 00:00:00', 1275),
('3EME', 'Mathématiques', 'Développer et factoriser identités remarquables', 'Calcul littéral', 'BLANC', '2020-05-24 00:00:00', 1274),
('3EME', 'Mathématiques', 'Développer et factoriser ', 'Calcul littéral', 'BLANC', '2020-05-24 00:00:00', 1273),
('3EME', 'Mathématiques', 'Fonctions affines', 'Fonctions', 'BLANC', '2020-05-24 00:00:00', 1272),
('3EME', 'Mathématiques', 'Fonctions linéaires', 'Fonctions', 'BLANC', '2020-05-24 00:00:00', 1271),
('4EME', 'Mathématiques', 'Théorème de Thalès', 'Théorème de Thalès', 'BLANC', '2020-05-24 00:00:00', 1270),
('4EME', 'Mathématiques', 'développement et factorisation', 'Calcul littéral', 'BLANC', '2020-05-24 00:00:00', 1269),
('4EME', 'Mathématiques', 'développement simple', 'Calcul littéral', 'BLANC', '2020-05-24 00:00:00', 1268),
('4EME', 'Mathématiques', 'suppression de parenthèses et factorisation', 'Calcul littéral', 'BLANC', '2020-05-24 00:00:00', 1267),
('4EME', 'Mathématiques', 'résolution d\'équations', 'Equations', 'BLANC', '2020-05-24 00:00:00', 1266),
('4EME', 'Mathématiques', 'résolution d\'équations', 'Equations', 'BLANC', '2020-05-24 00:00:00', 1265),
('BTS2', 'Génie civil', 'Questions de technologie, d\'hydraulique appliquée aux pompes. Petits calculs de HMT et de NPSHD.', 'pompage. hydraulique. technologie.', 'Rihoux', '2020-05-24 00:00:00', 1264),
('1ERE', 'Histoire géographie', 'évolution sociale', 'th 3 hsitoire ch2', 'EMORINE Julien', '2020-05-24 00:00:00', 1263),
('1ERE', 'Histoire géographie', '3ème république', 'th3 histoire', 'EMORINE Julien', '2020-05-24 00:00:00', 1262),
('2NDE', 'Français', 'Méthode Essai et dissertation sur œuvre 3 déterminer le plan attendu', 'méthode essai et dissertation sur oeuvre 3 plan attendu', 'Dupré Carchia', '2020-05-24 00:00:00', 1261),
('2NDE', 'Français', 'méthode essai et dissertation sur œuvre 2 analyser  sujet', 'méthode essai et dissertation sur oeuvre analyser  sujet', 'Dupré Carchia', '2020-05-24 00:00:00', 1260),
('2NDE', 'Français', 'Méthode Essai et dissertation sur œuvre 1 1° approche', 'méthode essai et dissertation sur oeuvre  1° approche', 'Dupré Carchia', '2020-05-24 00:00:00', 1259),
('2NDE', 'Français', 'Langue Fonctions essentielles (manuel Horizons pluriels Nathan)', 'langue fonctions essentielles ', 'Dupré Carchia', '2020-05-24 00:00:00', 1258),
('2NDE', 'Français', 'Langue Orthographe Maîtriser les accords (manuel Horizons pluriels Nathan)', 'Langue orthographe  accords', 'Dupré Carchia', '2020-05-24 00:00:00', 1257),
('2NDE', 'Français', 'Courbet : Le réalisme en peinture', 'réalisme Courbet', 'Dupré Carchia', '2020-05-24 00:00:00', 1256),
('2NDE', 'Français', 'Balzac La Bourse Contrôle de lecture', 'Balzac Bourse', 'Dupré Carchia', '2020-05-24 00:00:00', 1255),
('5EME', 'Espagnol', 'Géolocalisation de l\'Espagne / Estar + prépositions de lieu', 'Situation dans l\'espace + Espagne', 'Hispaprofe', '2020-05-24 00:00:00', 1254),
('3EME', 'Espagnol', 'Obligation personnel / impersonnelle : hay que - tener que', 'Obligation', 'Hispaprofe', '2020-05-24 00:00:00', 1253),
('4EME', 'Espagnol', 'QCM sur le présent progressive : estar + gérondif', 'Gérondif et forme progressive', 'Hispaprofe', '2020-05-24 00:00:00', 1252),
('4EME', 'Espagnol', 'QCM - vocabulaire sur le monde du travail', 'Travail, CV, Lettre de motivation, vocabulaire', 'vargas pelle', '2020-05-23 00:00:00', 1251),
('3EME', 'Espagnol', 'QCM - contaminación LaSexta TV La contaminación en España, las ciudades más y menos contaminadas', 'contamination, vocabulaire CO', 'vargas pelle', '2020-05-23 00:00:00', 1250),
('2NDE', 'Mathématiques', 'Questions de bases, variations, minimum, maximum.', 'Fonctions, variations', 'P.Lessault', '2020-05-23 00:00:00', 1249),
('2NDE', 'Mathématiques', 'Les 30 questions du sujet de la course aux nombres de la session 2020', 'Course aux nombres', 'Cassuto', '2020-05-23 00:00:00', 1247),
('6EME', 'Allemand', 'Questions autour du thème \"Geburtstag\"', 'Geburtstag', 'limamschule', '2020-05-23 00:00:00', 1246),
('2NDE', 'Allemand', 'QCM 1er chapitre lecture suivie \"Groβstadtliebe\"', 'lecture suivie', 'a.martinez', '2020-05-23 00:00:00', 1245),
('2NDE', 'Français', 'révisions', 'Chansons', 'Busson', '2020-05-23 00:00:00', 1244),
('6EME', 'Mathématiques', 'Contrôle fin chapitre Aires et Périmètres', 'Aires, Périmètres', 'Hein van der Ploeg', '2020-05-23 00:00:00', 1243),
('5EME', 'Mathématiques', 'Conversion des mesures de temps', 'Conversion, temps', 'Hein van der Ploeg', '2020-05-23 00:00:00', 1242),
('6EME', 'Français', 'Texte de Yack Rivais \"La petite poule rousse\" : réécrire correctement les formes verbales au passé simple', 'passé simple ; texte à corriger', 'Mathilde Mathisse', '2020-05-23 00:00:00', 1241),
('3EME', 'Sciences de la vie et de la terre', 'tester ses connaissances sur les méthodes de contraception/contragestion', 'maîtrise de la procréation humaine', 'giobrunetti', '2020-05-23 00:00:00', 1240),
('6EME', 'Mathématiques', 'Placer la virgule dans une multiplication de déciamux', 'Multiplication de déciamux', 'Moureaux', '2020-05-23 00:00:00', 1239),
('6EME', 'Mathématiques', 'Médiatrice d\'un segment', 'Médiatrice', 'Moureaux', '2020-05-23 00:00:00', 1238),
('3EME', 'Français', 'Contrôle de lecture sur les 2e, 3e et 4e parties du roman Ravage.', 'Ravage; Barjavel; 2e,3e et 4e parties;', 'Eggenspieler', '2020-05-23 00:00:00', 1237),
('3EME', 'Français', 'Contrôle de lecture sur la première partie du roman Ravage: 10 questions sur le monde futuriste / 10 questions sur l\'histoire', 'Ravage; Barjavel; première partie;', 'Eggenspieler', '2020-05-23 00:00:00', 1236),
('4EME', 'Histoire géographie', 'QCM sur les conquêtes et les cociétes coliniales au XIXème siècle', 'colonisation colonies métropoles', 'Camelot Pascal', '2020-05-23 00:00:00', 1235),
('3EME', 'Histoire géographie', 'QCM sur l\'indépendance des colonies et la construction de nouveaux états après 1945', 'Indépendance Décolonisation colonies métropoles', 'Camelot Pascal', '2020-05-23 00:00:00', 1234),
('6EME', 'Sciences de la vie et de la terre', 'Date formation de le Terre, conditions favorables à l\'apparition de la vie, biodiversité et évolution.', 'Histoire et évolution de le vie sur Terre', 'cchiotti', '2020-05-23 00:00:00', 1233),
('5EME', 'Histoire géographie', 'QCM sur l\'affirmation des rois capétiens et valois', 'Monarchie Capétiens Valois Rois ', 'Camelot Pascal', '2020-05-23 00:00:00', 1232),
('3EME', 'Histoire géographie', 'QCM sur la Guerre Froide (1945-1990)', 'Guerre Froide', 'Camelot Pascal', '2020-05-23 00:00:00', 1231),
('6EME', 'Sciences de la vie et de la terre', 'clé de détermination, classification phylogénétique', 'Diversité du vivant', 'cchiotti', '2020-05-23 00:00:00', 1230),
('3EME', 'Sciences de la vie et de la terre', 'microorganismes pathogènes, contamination, infection, barrières naturelles, asepsie, antisepsie', 'Immunité', 'cchiotti', '2020-05-23 00:00:00', 1229),
('3EME', 'Histoire géographie', 'QCM sur les institutions de la Vème République de 1958 à nos jours', 'Vème république Présidents ministres', 'Camelot Pascal', '2020-05-23 00:00:00', 1228),
('6EME', 'Mathématiques', '10 questions de fractions égales et simplification', 'fractions égales et simplification', 'gilles Schouller', '2020-05-23 00:00:00', 1227),
('TERMINALE', 'Sciences de la vie et de la terre', 'Mise en évidence que la stabilité des fréquences', 'Hardy-Weinberg', 'CCTX', '2020-05-23 00:00:00', 1226),
('6EME', 'Education musicale', 'Suite d\'extraits musicaux pour essayer de distinguer une mesure binaire d\'une mesure ternaire.', 'Mesure binaire ou ternaire?', 'Cecile KREISEL', '2020-05-22 00:00:00', 1225),
('6EME', 'Education musicale', 'Révision des nuances.', 'Les nuances', 'Cecile KREISEL', '2020-05-22 00:00:00', 1224),
('3EME', 'Physique chimie', 'calculs de vitesse', 'vitesse', 'E. Kaminski', '2020-05-22 00:00:00', 1223),
('3EME', 'Sciences de la vie et de la terre', 'Bilan sur la biodiversité et l\'évolution', 'Biodiversité, parentés, évolution, théories', 'Delacour Sandrine', '2020-05-22 00:00:00', 1222),
('5EME', 'Sciences de la vie et de la terre', 'Bilan de fin de chapitre sur la reproduction animale, végétale, sexuée, asexuée.', 'reproduction sexuée et asexuée', 'Delacour Sandrine', '2020-05-22 00:00:00', 1221),
('6EME', 'Sciences de la vie et de la terre', 'Bilan de fin de chapitre sur le développement des êtres vivants', 'développement animal et végétal', 'Delacour Sandrine', '2020-05-22 00:00:00', 1220),
('6EME', 'Sciences de la vie et de la terre', 'Bilan de fin de chapitre sur l\'alimentation humaine', 'Alimentation', 'Delacour Sandrine', '2020-05-22 00:00:00', 1219),
('6EME', 'Français', '3 textes : conjuguer verbes à l\'imparfait / au passé simple / choisir le temps qui convient', 'imparfait et passé simple', 'Mathilde Mathisse', '2020-05-22 00:00:00', 1218),
('6EME', 'Français', 'connaissances des notions lexicales et exercices sur le lexique de la ruse', 'Lexique ruse fable', 'Mathilde Mathisse', '2020-05-22 00:00:00', 1217),
('6EME', 'Français', 'exercices d\'identification (COD ou COI) et de repérage des compléments dans des phrases.', 'COD-COI Renart', 'Mathilde Mathisse', '2020-05-22 00:00:00', 1216),
('6EME', 'Français', 'La Fontaine et la fable', 'La Fontaine ', 'Mathilde Mathisse', '2020-05-22 00:00:00', 1215),
('3EME', 'Education musicale', 'La naissance du rock', 'Rock', 'Françoise Bialet', '2020-05-22 00:00:00', 1214),
('4EME', 'Education musicale', 'Le jazz au temps de la prohibition ', 'Jazz', 'Françoise Bialet', '2020-05-22 00:00:00', 1213),
('3EME', 'Espagnol', 'Une activité de compréhension orale et de révision du futur autour du thème du voyage à partir d\'une vidéo du site VideoELE.', 'voyage, futur', 'Gilles Graber', '2020-05-22 00:00:00', 1212),
('4EME', 'Espagnol', 'Un mini quiz de compréhension écrite/orale  pour découvrir quelques exemples de l\'architecture espagnol et hispano-américaine', 'casas', 'Gilles Graber', '2020-05-22 00:00:00', 1211),
('3EME', 'Espagnol', 'réviser le vocabulaire des métiers', 'les métiers', 'Gilles Graber', '2020-05-22 00:00:00', 1210),
('3EME', 'Espagnol', 'réviser le futur', 'futur', 'Graber', '2020-05-22 00:00:00', 1209),
('2NDE', 'Sciences de la vie et de la terre', 'Associés à docs extraits de Bac 1ere L-ES mis ici : https://drive.google.com/file/d/1Ns-DaET79RC2AdKUir5XeZQurJo8slMN/view?usp=sharing', 'Agrosystèmes et développement durable', 'valfu', '2020-05-22 00:00:00', 1208),
('5EME', 'Mathématiques', 'additions ou soustractions de deux nombres relatifs\nreconnaitre un parallélogramme\nutiliser les propriétés du parallélogramme', 'parallélogramme addition relatifs', 'Nathalie Pariat', '2020-05-22 00:00:00', 1207),
('4EME', 'Physique chimie', 'connaître les grandeurs; savoir convertir; exploiter une relation', 'résistance; caractéristique; loi d\'Ohm; effet Joule', 'Sandrine Limbert', '2020-05-22 00:00:00', 1206),
('3EME', 'Français', 'Identifier les formes impersonnelles', 'formes impersonnelles', 'H.S', '2020-05-22 00:00:00', 1205),
('5EME', 'Mathématiques', 'Evaluation', 'Calcul littéral', 'Mme Breton-Gourvennec', '2020-05-22 00:00:00', 1204),
('5EME', 'Mathématiques', 'Evaluation', 'Nombres en écriture fractionnaire', 'Mme Breton-Gourvennec', '2020-05-22 00:00:00', 1203),
('6EME', 'Mathématiques', 'Evaluation', 'Opérations avec les nombres décimaux', 'Mme Breton-Gourvennec', '2020-05-22 00:00:00', 1202),
('6EME', 'Mathématiques', 'Evaluation', 'Périmètres Aires', 'Mme Breton-Gourvennec', '2020-05-22 00:00:00', 1201),
('3EME', 'Mathématiques', 'Évaluation finale', 'Statistiques', 'Mjan', '2020-05-22 00:00:00', 1200),
('3EME', 'Mathématiques', 'Évaluation finale', 'Réciproque de Thalès', 'Mjan', '2020-05-22 00:00:00', 1199),
('3EME', 'Mathématiques', 'Évaluation finale', 'Thalès ', 'Mjan', '2020-05-22 00:00:00', 1198),
('4EME', 'Mathématiques', 'Évaluation finale', 'Thalès et sa réciproque', 'Mjan', '2020-05-22 00:00:00', 1197),
('4EME', 'Mathématiques', 'Évaluation finale sur les puissances', 'puissances', 'Mjan', '2020-05-22 00:00:00', 1196),
('4EME', 'Mathématiques', 'Évaluation intermédiaire sur les puissances', 'puissances', 'Mjan', '2020-05-22 00:00:00', 1195),
('5EME', 'Education musicale', 'Qu\'est-ce qu\'un instrument collectif?', 'La musique de Bali', 'Claire Le Monnier', '2020-05-22 00:00:00', 1194),
('4EME', 'Education musicale', 'Comprendre ce que sont l\'auto-tune et le vocodeur', 'Les voix robotiques', 'Claire Le Monnier', '2020-05-22 00:00:00', 1193),
('3EME', 'Education musicale', 'La théâtralité dans l\'ouverture de Don Giovanni de Mozart', 'Don Giovanni Mozart', 'Claire Le Monnier', '2020-05-22 00:00:00', 1192),
('6EME', 'Histoire géographie', 'révisions', 'judaïsme', 'Claire Nesson', '2020-05-22 00:00:00', 1191),
('TERMINALE', 'Sciences de la vie et de la terre', 'Vérifier ses connaissances sur les enzymes', 'Enzymologie', 'Nathalie V.', '2020-05-22 00:00:00', 1190),
('5EME', 'Anglais', 'QCM sur le sujet des métiers. Découverte de vocabulaire et compréhension orale et écrite.', 'jobs, ', 'valerie', '2020-05-22 00:00:00', 1189),
('1ERE', 'Mathématiques', '10 questions sur tout le programme', 'révisions', 'Chambre Sylvaine', '2020-05-22 00:00:00', 1188),
('5EME', 'Anglais', 'Adjectifs courts et longs', 'Superlative', 'Laura', '2020-05-22 00:00:00', 1187),
('5EME', 'Anglais', 'QCM sur le sujet des métiers avec compréhension orale et écrite et vocabulaire', 'skills, obligations, ', 'valerie', '2020-05-22 00:00:00', 1186),
('4EME', 'Anglais', 'QCM sur le sujet informatique avec compréhension orale et écrite et vocabulaire', 'computer, pc, cyber, compréhension écrite, compréhension orale', 'valerie', '2020-05-22 00:00:00', 1185),
('4EME', 'Anglais', 'compréhension écrite et orale', 'pc clinic, computer, pc, past simple, present perfect', 'valerie', '2020-05-22 00:00:00', 1184),
('3EME', 'Sciences de la vie et de la terre', 'microorganisme, contamination, leucocyte , ac ag, ', 'syst immunitaire', 'magali.tacchi', '2020-05-22 00:00:00', 1180),
('3EME', 'Sciences de la vie et de la terre', 'cellule, noyau chromosome caryotype, ADN, gène, 10 questions', 'la cellule ', 'magali.tacchi', '2020-05-22 00:00:00', 1179),
('6EME', 'Sciences de la vie et de la terre', 'besoins des végétaux - production de matière- cycle de la matière 10 questions', 'producteurs de matière organique', 'magali.tacchi', '2020-05-22 00:00:00', 1178),
('1ERE', 'Numérique et sciences informatiques', 'G1SNSIN03320', 'Sujet E3C', 'F. Perz', '2020-05-22 00:00:00', 1176),
('1ERE', 'Numérique et sciences informatiques', 'G1SNSIN03319', 'Sujet E3C', 'Fabrice Perez', '2020-05-22 00:00:00', 1175),
('2NDE', 'Anglais', 'compréhension orale QCM basé sur l\'écoute d\'un document audio disponible à cette adresse : https://learningenglish.voanews.com/a/basketball-fans-mourn-death-of-us-superstar-kobe-bryant/5262244.html', 'sports & société, athlète, basketball, compréhension orale, VOA, ', 'Silvère Fuseau', '2020-05-22 00:00:00', 1174),
('3EME', 'Education musicale', 'Notion de consonance et dissonance à partir d\'extraits de musique de film, ainsi que d\'un \"caterto\" (concerto pour orchestre et un chat pianiste...), d\'un épisode de Columbo, et du Sacre du Printemps de Stravinsky.', 'consonance/dissonance ; musique de film', 'Xavier CHARLES', '2020-05-21 00:00:00', 1173),
('5EME', 'Education musicale', 'A partir de la vidéo de la Toccata et fugue en Ré mineur de J.S. Bach (version orgue, version orchestre), questions sur le fonctionnement de l\'orgue, notion de transcription, \"point d\'orgue\"', 'Orgue ; transcription ; point d\'orgue', 'Xavier CHARLES', '2020-05-21 00:00:00', 1172),
('4EME', 'Education musicale', 'Quelques questions de révision de vocabulaire (instruments, pizzicato, polyphonie) en partant de la vidéo \"confinée\" 2020 du Boléro de Ravel', 'Boléro de Ravel polyphonie', 'Xavier CHARLES', '2020-05-21 00:00:00', 1171),
('4EME', 'Mathématiques', 'développements et factorisations\nmoyenne médiane effectif fréquence', 'calcul littéral statistiques', 'Nathalie Pariat', '2020-05-21 00:00:00', 1170),
('3EME', 'Mathématiques', 'développements et factorisations\ncalculs de grandeurs produits et quotients', 'calcul littéral grandeurs produits qutoients', 'Nathalie Pariat', '2020-05-21 00:00:00', 1169),
('6EME', 'Mathématiques', '5 questions ', 'Multiples et diviseurs', 'Mortier', '2020-05-21 00:00:00', 1168),
('4EME', 'Mathématiques', '6 questions ', 'Parallélogrammes', 'Mortier', '2020-05-21 00:00:00', 1167),
('3EME', 'Mathématiques', '10 questions - 2 configurations, propriété directe, réciproque et contraposée', 'Thalès', 'Mortier', '2020-05-21 00:00:00', 1166),
('4EME', 'Mathématiques', '5 questions ', 'Puissances', 'Mortier', '2020-05-21 00:00:00', 1165),
('6EME', 'Mathématiques', '5 questions ', 'Droites parallèles et perpendiculaires', 'Mortier', '2020-05-21 00:00:00', 1164),
('6EME', 'Mathématiques', '10 questions ', 'Fractions', 'Mortier', '2020-05-21 00:00:00', 1163),
('3EME', 'Mathématiques', '10 questions ', 'Equations', 'Mortier', '2020-05-21 00:00:00', 1162),
('4EME', 'Mathématiques', '10 questions - Simplifier et réduire, produire une expression littérale, calculer et tester', 'Calcul littéral', 'Mortier', '2020-05-21 00:00:00', 1161),
('6EME', 'Mathématiques', '10 questions', 'Symétrie axiale', 'Mortier', '2020-05-21 00:00:00', 1160),
('4EME', 'Mathématiques', '10 questions - pas de médiane', 'Statistiques', 'Mortier', '2020-05-21 00:00:00', 1159),
('6EME', 'Mathématiques', '10 questions ', 'Proportionnalité', 'Mortier', '2020-05-21 00:00:00', 1158),
('3EME', 'Mathématiques', '10 questions ', 'Fonctions affines et linéaires', 'Mortier', '2020-05-21 00:00:00', 1157),
('4EME', 'Mathématiques', '10 questions - simple distributivité seulement', 'Développer/factoriser', 'Mortier', '2020-05-21 00:00:00', 1156),
('3EME', 'Mathématiques', '10 questions', 'Trigonométrie', 'Mortier', '2020-05-21 00:00:00', 1155),
('4EME', 'Mathématiques', '6 questions', 'Transformations', 'Mortier', '2020-05-21 00:00:00', 1154),
('6EME', 'Mathématiques', '10 questions', 'Quadrilatères', 'Mortier', '2020-05-21 00:00:00', 1153),
('4EME', 'Mathématiques', '10 questions', 'Puissances', 'Mortier', '2020-05-21 00:00:00', 1152),
('3EME', 'Mathématiques', '10 questions', 'Statistiques', 'Mortier', '2020-05-21 00:00:00', 1151),
('1ERE', 'Numérique et sciences informatiques', 'G1SNSIN03318', 'Sujet E3C', 'F. Perez', '2020-05-21 00:00:00', 1150),
('1ERE', 'Physique chimie', 'Questions de cours, calculs de fréquence, calculs de taille de fichier, déterminations de fréquence d\'échantillonnage.', 'musique art nombres son information coder codage échantillonnage', 'Franck BERLIOZ', '2020-05-21 00:00:00', 1149),
('2NDE', 'Physique chimie', 'Question des cours, calculs d\'angle et d\'indice de réfraction. Calculs de position d\'image.', 'réfraction réflexion lumière lentilles minces convergentes', 'Franck BERLIOZ', '2020-05-21 00:00:00', 1148),
('2NDE', 'Technologie', 'Révision de la technologie textile : la classification des fibres textiles, le coton, le lin, les autres fibres végétales. \n', 'textile, coton, lin, fibre, végétale', 'Lopico Fanny', '2020-05-21 00:00:00', 1147),
('3EME', 'Français', 'passé simple morpho verbes en -er', 'passé simple ', 'M.Menou', '2020-05-20 00:00:00', 1146),
('3EME', 'Physique chimie', 'Vitesse ', 'vitesse', 'PROFPHYSAF', '2020-05-20 00:00:00', 1145),
('TERMINALE', 'Sciences de la vie et de la terre', '20 questions sur la chapitre vie fixée des plantes', 'vie fixée', 'cloubatie', '2020-05-20 00:00:00', 1144),
('1ERE', 'Numérique et sciences informatiques', 'G1SNSIN03317', 'Sujet E3C', 'F. Perez', '2020-05-20 00:00:00', 1143),
('1ERE', 'Sciences économiques et sociales', 'questions pour aider à la rédaction du rapport de stage en terminale', 'SAPAT, ESF, MP3, rapport de stage examen', 'DECELLE', '2020-05-20 00:00:00', 1141),
('6EME', 'Sciences', 'atmosphère, effet de serre, fossiles', 'planète TERRE', 'GUIGNARD', '2020-05-20 00:00:00', 1140),
('6EME', 'Sciences', 'planètes, système solaire', 'planète TERRE', 'GUIGNARD', '2020-05-20 00:00:00', 1139),
('6EME', 'Sciences', 'planète TERRE', 'planète TERRE', 'GUIGNARD', '2020-05-20 00:00:00', 1138),
('6EME', 'Education musicale', 'reconnaître quelques instruments (piano, harpe, violon, trompette)', 'timbre instruments', 'Xavier CHARLES', '2020-05-20 00:00:00', 1137),
('5EME', 'Latin', 'Quizz de compréhension orale après l\'écoute de l\'histoire \"Zeus, le maître de l\'olympe\", éditions Quelle Histoire, en podcast\nhttps://play.acast.com/s/mythes-et-legendes', 'zeus', 'AADUBOSC', '2020-05-20 00:00:00', 1136),
('1ERE', 'Mathématiques', 'Entraînement produit scalaire', 'Produit scalaire', 'yann mobian', '2020-05-20 00:00:00', 1135),
('1ERE', 'Physique chimie', 'QCM sur la partie Soleil enseignement scientifique', 'Soleil , loi de Wien, albédo, bilan radiatif terrestre, equivalence masse énergie', 'ROHAT', '2020-05-20 00:00:00', 1134),
('1ERE', 'Physique chimie', 'QCM sur la partie Soleil enseignement scientifique', 'Soleil , loi de Wien, albédo, bilan radiatif terrestre, equivalence masse énergie', 'ROHAT', '2020-05-20 00:00:00', 1133),
('2NDE', 'Physique chimie', 'question de cours', 'Transformations chimiques et transformations physiques', 'M-B Ursulin', '2020-05-20 00:00:00', 1132),
('2NDE', 'Physique chimie', 'question de cours', 'Transformations chimiques', 'M-B Ursulin', '2020-05-20 00:00:00', 1131),
('2NDE', 'Sciences numériques et technologie  ', 'Quiz de 6 questions', 'we, EMI, recherche documentaire', 'melafena', '2020-05-19 00:00:00', 1130),
('2NDE', 'Sciences numériques et technologie  ', 'Quiz de 10 questions', 'réseaux, graphes', 'melafena', '2020-05-19 00:00:00', 1129),
('2NDE', 'Sciences de la vie et de la terre', 'Quiz de 10 questions (du sexe génétique au sexe phénotypique)', 'sexe, génétique, phénotypique', 'melafena', '2020-05-19 00:00:00', 1128),
('2NDE', 'Sciences de la vie et de la terre', 'Questions sur des notions de collège, à accompagner de la capsule vidéo : https://www.youtube.com/watch?v=g0EvLtTcM-g', 'génétique, rappels, capsule vidéo', 'melafena', '2020-05-19 00:00:00', 1127),
('1ERE', 'Sciences de la vie et de la terre', 'Quiz de 12 questions', 'enzymes, enzymologie', 'melafena', '2020-05-19 00:00:00', 1126),
('1ERE', 'Sciences de la vie et de la terre', 'Quiz de 41 questions', 'géologie, divergence, mobilité horizontale', 'melafena', '2020-05-19 00:00:00', 1125),
('1ERE', 'Anglais', 'What do you know about Coronavirus?', 'Coronavirus', 'PETER', '2020-05-19 00:00:00', 1124),
('1ERE', 'Français', 'Exercices sur la subordination : les propositions circonstancielles et les valeurs logiques ;  l\'interrogative indirecte', 'Grammaire', 'DESSOLLE', '2020-05-19 00:00:00', 1123),
('1ERE', 'Français', 'Révision sur la négation', 'Grammaire', 'DESSOLLE', '2020-05-19 00:00:00', 1122),
('6EME', 'Sciences de la vie et de la terre', 'questions sur la structure cellulaire, la détermination et la classification', 'Unité  diversité  êtres vivants ', 'M FOUKH', '2020-05-19 00:00:00', 1121),
('1ERE', 'Génie industriel', 'Révision sur : S6 Le débit des bois - L\'eau dans le bois - S7 La scie à ruban - La dégauchisseuse - Les angles caractéristiques', 'technologie', 'sebg45', '2020-05-19 00:00:00', 1120),
('3EME', 'Mathématiques', 'homothétie ', 'Homothétie -1', 'I.Dehon', '2020-05-19 00:00:00', 1119),
('3EME', 'Mathématiques', 'homothétie ', 'Homothétie -1', 'I.Dehon', '2020-05-19 00:00:00', 1118),
('TERMINALE', 'Sciences de la vie et de la terre', 'QCM bilan SPé SVT terminale', 'Spé Climats', 'Emilie VIALA', '2020-05-19 00:00:00', 1116),
('1ERE', 'Anglais', 'Contrôle de lecture sur le roman Of Mice and Men de John Steinbeck (1ère LLCE anglais)', 'of,mice,and,men,contrôle,de,lecture', 'Edith M-K', '2020-05-19 00:00:00', 1115),
('2NDE', 'Histoire géographie', 'QCM', 'Affirmation de l\'Etat', 'MT', '2020-05-19 00:00:00', 1114);
INSERT INTO `indexeducation` (`Niveau`, `Matiere`, `Description`, `Motes_Clefs`, `Auteur`, `Date`, `N_fichier_XML`) VALUES
('2NDE', 'Sciences numériques et technologie  ', 'Informatique embarquée et objets connectés', 'Informatique embarquée et objets connectés', 'François S', '2020-05-19 00:00:00', 1113),
('6EME', 'Histoire géographie', 'Le monde  des cités grecques', 'Le monde des cités grecques', 'Olivier Francavilla', '2020-05-19 00:00:00', 1112),
('6EME', 'Histoire géographie', 'Rome conquêtes, paix romaine et romanisation.', 'Rome conquête et romanisation.', 'Olivier Francavilla', '2020-05-19 00:00:00', 1111),
('6EME', 'Histoire géographie', 'Entre Mythe et histoire: la fondation de Rome.', 'Fondation de Rome', 'Olivier Francavilla', '2020-05-19 00:00:00', 1110),
('6EME', 'Histoire géographie', 'La naissance du 1er monothéisme de l\'histoire', 'La naissance du judaïsme', 'Olivier Francavilla', '2020-05-19 00:00:00', 1109),
('4EME', 'Histoire géographie', 'Migrations et tourisme.', 'Les mobilités internationales', 'Olivier Francavilla', '2020-05-19 00:00:00', 1108),
('4EME', 'Histoire géographie', 'L\'âge industriel en Europe.', 'Europe et industrialisation', 'Olivier Francavilla', '2020-05-19 00:00:00', 1107),
('4EME', 'Histoire géographie', 'Colonisation et sociétés coloniales au XIXème siècle.', 'Colonisation et sociétés coloniales', 'Olivier Francavilla', '2020-05-19 00:00:00', 1106),
('4EME', 'Histoire géographie', 'Mers et Océans un monde globalisé où les mers et océans jouent un rôle majeur.', 'Mers et Océans un monde maritimisé', 'Olivier Francavilla', '2020-05-19 00:00:00', 1105),
('3EME', 'Histoire géographie', 'Construction européenne et importance de la France dans l\'UE.', 'La France et l\'Union Européenne', 'Olivier Francavilla', '2020-05-19 00:00:00', 1104),
('3EME', 'Histoire géographie', 'Décolonisation et émergence du Tiers-Monde.', 'Décolonisation et nouveaux états.', 'Olivier Francavilla', '2020-05-19 00:00:00', 1103),
('5EME', 'Sciences de la vie et de la terre', 'respiration aérienne et aquatique, organes respiratoires', 'poumons tracées branchies dioxygène', 'Philippe Cayzac', '2020-05-19 00:00:00', 1102),
('3EME', 'Histoire géographie', 'Quiz sur la création de l\'ONU et la Guerre froide', 'ONU et Guerre froide', 'Olivier Francavilla', '2020-05-19 00:00:00', 1101),
('5EME', 'Sciences de la vie et de la terre', 'le monde microbien et notre organisme', 'microbes', 'Philippe Cayzac', '2020-05-19 00:00:00', 1100),
('6EME', 'Sciences de la vie et de la terre', 'regarder le c\'est pas sorcier: vie extraterrestre.', 'mars,vie,origine de la vie,galaxie,étoile,voie lactée,OVNI,année lumière', 'Virginie Ranzi', '2020-05-19 00:00:00', 1099),
('6EME', 'Sciences de la vie et de la terre', 'regarder le c\'est pas sorcier: c\'est le printemps!', 'printemps,fleur,fruit,graine,saison,germer,pollinisation,papillon,cocon,chenille,hibernation', 'Virginie Ranzi', '2020-05-19 00:00:00', 1098),
('5EME', 'Sciences de la vie et de la terre', 'regarder le c\'est pas sorcier: nos poumons source d\'inspiration', 'poumon-respiration-ventilation-oxygène', 'Virginie Ranzi', '2020-05-19 00:00:00', 1097),
('4EME', 'Sciences de la vie et de la terre', 'regarder le c\'est pas sorcier:le SIDA, la lutte continue', 'SIDA-séropositif-MST-IST-préservatif-maladie', 'Virginie Ranzi', '2020-05-19 00:00:00', 1096),
('4EME', 'Sciences de la vie et de la terre', 'regarder le c\'est pas sorcier: histoire d\'une naissance', 'bébé-naissance-grossesse-foetus-fécondation-reproduction', 'Virginie Ranzi', '2020-05-19 00:00:00', 1095),
('3EME', 'Sciences de la vie et de la terre', 'regarder le c\'est pas sorcier: médicaments', 'médicament-antibiotique-c\'est pas sorcier', 'Virginie Ranzi', '2020-05-19 00:00:00', 1094),
('3EME', 'Sciences de la vie et de la terre', 'visionner le c\'est pas sorcier: théorie de l\'évolution', 'évolution-théorie-darwin-c\'est pas sorcier', 'Virginie Ranzi', '2020-05-19 00:00:00', 1093),
('1ERE', 'Histoire géographie', 'QCM de connaissances', 'Unification,Italie, Allemagne', 'Penaud', '2020-05-19 00:00:00', 1092),
('BTS1', 'Génie civil', 'Pertes de charge et régimes d\'écoulement.\nProposé en BTSA Gestion et Maîtrise de l\'eau\nModule M55 Hydraulique', 'pertes de charge, hydraulique, gemeau, Reynolds', 'M. Telliez', '2020-05-18 00:00:00', 1091),
('2NDE', 'Sciences de la vie et de la terre', 'QCM avec une seule bonne réponse pour chaque question', 'biodiversité', 'ac', '2020-05-18 00:00:00', 1090),
('2NDE', 'Mathématiques', 'QCM ', 'VECTEURS ET COORDONNeES', 'bRIATTE', '2020-05-18 00:00:00', 1089),
('TERMINALE', 'Mathématiques', 'les bases du logarithme, niveau T ES', 'logarithme', 'francois calvez', '2020-05-18 00:00:00', 1088),
('TERMINALE', 'Mathématiques', 'les bases de l\'exponentielle, niveau T ES', 'exponentielle', 'francois calvez', '2020-05-18 00:00:00', 1087),
('6EME', 'Langue vivante', 'Les ustensiles', 'Arabe', 'Zakaria NIZAR', '2020-05-18 00:00:00', 1086),
('1ERE', 'Histoire géographie', 'STI2D', 'Thème 3 histoire', 'EMORINE Julien', '2020-05-18 00:00:00', 1085),
('2NDE', 'Mathématiques', 'FLUCTUATIONS', 'ECHANTILLONNAGE', 'DOGLIOLI', '2020-05-18 00:00:00', 1084),
('TERMINALE', 'Mathématiques', 'Calcul intégral', 'Calcul intégral', 'M. Bellec', '2020-05-18 00:00:00', 1083),
('TERMINALE', 'Espagnol', 'tester sur la connaissance du lexique', 'Lexique progrès', 'Christelle Ruiz', '2020-05-18 00:00:00', 1082),
('1ERE', 'Numérique et sciences informatiques', 'G1SNSIN03316', 'Sujet E3C', 'F. Perez', '2020-05-18 00:00:00', 1081),
('1ERE', 'Physique chimie', 'Test avec exercices de chimie : concentration, solubilité et dissolution. Concentration effective en ions.', 'solubilité, concentration, dilution, dissolution, quantité de matière', 'A. T.', '2020-05-18 00:00:00', 1079),
('3EME', 'Français', 'Un questionnaire sur la fin de la nouvelle Rhinocéros. Manuel de référence Belin, L\'envol des lettres, 2016', 'Littérature', 'Harikiopoulos', '2020-05-18 00:00:00', 1078),
('3EME', 'Français', 'Un questionnaire sur l\'incipit de la nouvelle Rhinocéros. Manuel de référence Belin, L\'envol des lettres, 2016', 'Littérature', 'Harikiopoulos', '2020-05-18 00:00:00', 1077),
('3EME', 'Français', 'Un questionnaire sur Ionesco et la nouvelle Rhinocéros. Manuel de référence Belin, L\'envol des lettres, 2016', 'Littérature', 'Harikiopoulos', '2020-05-18 00:00:00', 1076),
('5EME', 'Technologie', 'Programmation par blocs d\'une carte Arduino', 'programmation mblock', 'lebris', '2020-05-18 00:00:00', 1075),
('4EME', 'Technologie', 'La chaine d\'énergie : cours puis étude de cas (QCM long)', 'energie flux chaine store', 'lebris', '2020-05-18 00:00:00', 1074),
('4EME', 'Technologie', 'La chaine d\'énergie : cours puis étude de cas (QCM long)', 'energie flux chaine store', 'lebris', '2020-05-18 00:00:00', 1073),
('1ERE', 'Mathématiques', 'QCM : déterminer une fonction dérivée - applications', '1ere bac techno - dérivation', 'A.Métailler', '2020-05-18 00:00:00', 1072),
('1ERE', 'Mathématiques', 'QCM : déterminer une fonction dérivée - applications', '1ere bac techno - dérivation', 'A.Métailler', '2020-05-18 00:00:00', 1071),
('4EME', 'Sciences de la vie et de la terre', 'Structure de l\'appareil reproducteur féminin et contrôle hormonal d l\'ovulation', 'reproduction, appareil repro féminin', 'jeanne Delion', '2020-05-18 00:00:00', 1070),
('2NDE', 'Physique chimie', 'QCM sur les spectres. ', 'spectres lumineux', 'le cozannet', '2020-05-18 00:00:00', 1069),
('3EME', 'Français', 'conjugaisons et valeurs', 'mode subjonctif', 'Caroline Bianchi', '2020-05-18 00:00:00', 1068),
('6EME', 'Sciences de la vie et de la terre', 'compétences associées : exploiter documents / interpréter des résultats - conclure', 'De la graine à plante ', 'AMACIN J', '2020-05-18 00:00:00', 1067),
('5EME', 'Mathématiques', 'Notion de probabilité', 'probabilités', 'Nathalie Dumons', '2020-05-18 00:00:00', 1066),
('3EME', 'Technologie', 'QCM fin de séquence', 'Besoin, Cahier des charges', 'Guilloux', '2020-05-18 00:00:00', 1065),
('3EME', 'Anglais', 'Une introduction à la ségrégation raciale aux USA', 'segregation raciale USA', 'PAILLER', '2020-05-18 00:00:00', 1064),
('3EME', 'Anglais', 'QCM sur les lois Jim Crow', 'Jim Crow Laws', 'PAILLER', '2020-05-18 00:00:00', 1063),
('4EME', 'Physique chimie', 'signaux sonores et lumineux', 'signaux', 'séverine abadie', '2020-05-17 00:00:00', 1062),
('TERMINALE', 'Mathématiques', '7 questions qcm', 'primitives', 'N. Carbonell', '2020-05-17 00:00:00', 1061),
('3EME', 'Mathématiques', 'équation produit', 'équation produit', 'Gomez L', '2020-05-17 00:00:00', 1060),
('3EME', 'Mathématiques', 'probabilités (2 épreuves)', 'probabilités', 'Gomez L', '2020-05-17 00:00:00', 1059),
('3EME', 'Mathématiques', 'probabilités', 'probabilités', 'Gomez L', '2020-05-17 00:00:00', 1058),
('3EME', 'Mathématiques', 'factoriser', 'factoriser', 'Gomez L', '2020-05-17 00:00:00', 1057),
('3EME', 'Mathématiques', 'développer / a²-b² = (a+b)(a-b)', 'développer', 'Gomez L', '2020-05-17 00:00:00', 1056),
('3EME', 'Mathématiques', 'fréquence / moyenne / médiane / étendue', 'statistiques ', 'Gomez L', '2020-05-17 00:00:00', 1055),
('3EME', 'Mathématiques', 'fréquence / moyenne / médiane / étendue', 'statistiques', 'Gomez L', '2020-05-17 00:00:00', 1054),
('TERMINALE', 'Mathématiques', '30 questions sur la fonction ln comportant des questions de cours , des équations et des dérivées. ', 'logarithme fonction ln exponentielle', 'ctalvard', '2020-05-17 00:00:00', 1053),
('5EME', 'Français', 'Quiz de 10 questions sur la nouvelle \"le Grand Michu\" d\'Emile Zola', 'nouvelle amitié groupe autrui zola michu', 'aroberge', '2020-05-17 00:00:00', 1052),
('2NDE', 'Mathématiques', 'inéquation, sens de variation, positions relatives', 'fonction de référence', 'espariat', '2020-05-17 00:00:00', 1051),
('2NDE', 'Français', 'QCM sur les genres de l\'argumentation', 'Les genres des textes d\'idées', 'Elisabeth Rousset', '2020-05-17 00:00:00', 1050),
('2NDE', 'Physique chimie', 'Bases sur les mouvements, les notions de référentiel et les actions mécaniques.', 'Force, mouvement, référentiel, actions réciproques,vitesse', 'Claude GANGNANT', '2020-05-17 00:00:00', 1049),
('3EME', 'Mathématiques', 'algorithme ', 'Algorithme', 'EL BEIAD', '2020-05-17 00:00:00', 1048),
('3EME', 'Mathématiques', 'algorithme ', 'Algorithme', 'EL BEIAD', '2020-05-17 00:00:00', 1047),
('TERMINALE', 'Mathématiques', '10 questions', 'loi à densité, loi uniforme, loi exponentielle', 'I. Mourard', '2020-05-17 00:00:00', 1046),
('TERMINALE', 'Mathématiques', '10 questions', 'Fonction logarithme népérien', 'I. Mourard', '2020-05-17 00:00:00', 1045),
('TERMINALE', 'Mathématiques', '10 questions', 'Complexes', 'I. Mourard', '2020-05-17 00:00:00', 1044),
('6EME', 'Anglais', 'Questions are based on New Enjoy English 6e - Book 3 Lesson 1', 'Simple Past ( Regular verbs)  ', 'Shirin HADIZADEH', '2020-05-17 00:00:00', 1043),
('5EME', 'Espagnol', 'Travail de CE sur le texte \"A Elena y María, les gusta\" : révision de l\'expression des goûts + les adjectifs de caractère.', 'Gustar et l\'expression des goûts ', 'holalerouret', '2020-05-17 00:00:00', 1042),
('6EME', 'Histoire géographie', 'révisions', 'empire romain', 'stacchetti', '2020-05-17 00:00:00', 1041),
('TERMINALE', 'Sciences de la vie et de la terre', 'évaluation test des acquis', 'Immunité', 'Apel L', '2020-05-17 00:00:00', 1040),
('TERMINALE', 'Sciences de la vie et de la terre', 'QCM Bilan Immunité innée et adaptative', 'IMMUNOLOGIE', 'CHATELAIN', '2020-05-17 00:00:00', 1039),
('4EME', 'Sciences de la vie et de la terre', 'QCM Bilan Partie Reproduction', 'Reproduction', 'CHATELAIN', '2020-05-17 00:00:00', 1038),
('5EME', 'Espagnol', 'La moda y los colores (vocabulario + exo CE, CO, EE)', 'la moda, los vestidos y los colores', 'holalerouret', '2020-05-17 00:00:00', 1037),
('6EME', 'Mathématiques', '10 q sur les conversions et calcul de volume', 'volumes et conversion', 'gilles Schouller', '2020-05-17 00:00:00', 1036),
('2NDE', 'Physique chimie', 'réactions physiques chimiques et nucléaires', 'réactions physiques, chimiques et nucléaires', 'anne bossis', '2020-05-17 00:00:00', 1035),
('6EME', 'Mathématiques', 'quelques exercices de symétrie axiale et médiatrice', 'symétrie axiale, médiatrice', 'gilles Schouller', '2020-05-17 00:00:00', 1034),
('3EME', 'Mathématiques', 'Un moment de détente et d\'humour pour les vacances scolaires\nPas de bonnes réponses attendues', 'toutes opérations', 'gilles Schouller', '2020-05-17 00:00:00', 1033),
('6EME', 'Mathématiques', 'Exercices et mini problèmes sur division décimale et quelques encadrements', 'Divisions décimales', 'gilles Schouller', '2020-05-17 00:00:00', 1032),
('TERMINALE', 'Physique chimie', 'magnétisme TST2S', 'magnétisme, TST2S, lignes de champ, champ uniforme, influence de I, supraconducteur', 'rohat', '2020-05-17 00:00:00', 1031),
('2NDE', 'Physique chimie', 'Quantité de matière', 'Quantité de matière', 'Brugnone Stéphanie', '2020-05-17 00:00:00', 1030),
('5EME', 'Français', 'Vérification de lecture de la pièce, compréhension et interprétation, vocabulaire du théâtre.', 'Molière, George Dandin', 'Gaëlle Jouve', '2020-05-17 00:00:00', 1029),
('5EME', 'Espagnol', 'L\'expression des goûts (gustar, encantar..)', 'Gustar', 'holalerouret', '2020-05-17 00:00:00', 1028),
('1ERE', 'Anglais', 'découverte Frisco, révisions lexique, comparaisons, pronoms relatifs', 'Bac pro - San Francisco - comparer - relatifs - visiter - Matchpoint - U16', 'RIVAUX CAROLE', '2020-05-17 00:00:00', 1027),
('3EME', 'Espagnol', 'le gérondif et ses emplois + voc de l\'environnement à partir du texte ¿Qué futuro tenemos?', 'le gérondif et le thème de l\'environnement', 'holalerouret', '2020-05-17 00:00:00', 1026),
('3EME', 'Espagnol', 'Le gérondif et ses emplois. Vocabulaire de l\'environnement à partir du texte ¿Qué futuro tenemos?', 'le gérondif et le thème de l\'environnement', 'holalerouret', '2020-05-16 00:00:00', 1025),
('1ERE', 'Sciences de la vie et de la terre', 'Revisions  entendre la musique', 'Enseignement scientifique; Theme 4', 'E.Bonte', '2020-05-16 00:00:00', 1024),
('1ERE', 'Sciences de la vie et de la terre', 'Revisions sur théorie cellulaire photosynthèse bilan thermique', 'Enseignement scientifique; Theme 1 et 2', 'E.Bonte', '2020-05-16 00:00:00', 1023),
('1ERE', 'Physique chimie', 'questions sur le chapitre combustion', 'combustion, exothermique, énergie de liaison, pouvoir calorifique massique, énergie molaire de réaction, liaisons formées ou rompues', 'ROHAT', '2020-05-16 00:00:00', 1022),
('5EME', 'Physique chimie', 'électricité série dérivation', 'électricité série dérivation', 'Nathalie AYMOZ', '2020-05-16 00:00:00', 1021),
('4EME', 'Physique chimie', 'soluble - insoluble - calcul de solubilité', 'mélanges', 'Nathalie AYMOZ', '2020-05-16 00:00:00', 1020),
('4EME', 'Physique chimie', 'soluble - non soluble _ calcul de solubilité', 'mélanges', 'Nathalie AYMOZ', '2020-05-16 00:00:00', 1019),
('5EME', 'Physique chimie', 'circuit électrique - schématisation - conducteur isolant', 'circuit électrique', 'Nathalie AYMOZ', '2020-05-16 00:00:00', 1018),
('6EME', 'Physique chimie', 'Mélanges et transformations physiques et chimiques ', 'transformations , mélanges ', 'szahra', '2020-05-16 00:00:00', 1017),
('5EME', 'Physique chimie', 'réalisation de circuits électriques ', 'électricité ', 'szahra', '2020-05-16 00:00:00', 1016),
('5EME', 'Physique chimie', 'Etude des changements d\'états', 'états physiques ,courbes; changements d\'états', 'szahra', '2020-05-16 00:00:00', 1015),
('4EME', 'Physique chimie', 'Les propriétés de l\'air , sa composition, ses particules , les tests de caractérisations .', 'air, propriétés, particules , tests identifications', 'szahra', '2020-05-16 00:00:00', 1014),
('3EME', 'Physique chimie', 'Interprétation de la réaction entre le fer et l\'acide chlorhydrique ', 'attaque , fer , acide chlorhydrique', 'szahra', '2020-05-16 00:00:00', 1013),
('6EME', 'Sciences de la vie et de la terre', 'espèce, cellule, microscope', 'espèce, cellule, microscope', 'myriam.issaly', '2020-05-16 00:00:00', 1012),
('1ERE', 'Physique chimie', 'notions sur les lentilles convergentes, relation de conjugaison, grandissement ', 'lentilles convergentes', 'Aurélie M.', '2020-05-16 00:00:00', 1011),
('3EME', 'Mathématiques', 'Travailler sur la lecture et le calcul d\'images et antécédents à partir d\'un tableau , d\'une formule , d\'une courbe', 'notion de fonction', 'mathsarreau', '2020-05-16 00:00:00', 1010),
('3EME', 'Mathématiques', 'définitions, propriétés, calculs, ...', 'puissances, nombres', 'C. ROLLET', '2020-05-16 00:00:00', 1009),
('5EME', 'Physique chimie', 'Bilan de fin de chapitre', 'Atomes et molécules', 'Poillion', '2020-05-16 00:00:00', 1008),
('5EME', 'Physique chimie', 'Bilan de fin de chapitre', 'Les centrales électriques', 'Poillion', '2020-05-16 00:00:00', 1007),
('5EME', 'Physique chimie', 'Bilan de fin de chapitre', 'Masse et volume', 'Poillion', '2020-05-16 00:00:00', 1006),
('3EME', 'Sciences', 'Questions après avoir regardé des vidéos du site https://diffusonslascience.fr/', 'Coronavirus', 'Magali Tramini', '2020-05-16 00:00:00', 1005),
('3EME', 'Sciences', 'Questions après avoir regardé des vidéos du site https://diffusonslascience.fr/', 'Coronavirus', 'Magali Tramini', '2020-05-16 00:00:00', 1004),
('3EME', 'Sciences', 'Questions après avoir regardé des vidéos du site https://diffusonslascience.fr/', 'Coronavirus', 'Magali Tramini', '2020-05-16 00:00:00', 1003),
('2NDE', 'Français', 'Questionnaire sur la question de la peine de mort dans le monde', 'Prolongements Culturels', 'sandra87', '2020-05-16 00:00:00', 1001),
('1ERE', 'Français', 'Faire un bilan rapide sur la connaissance de l’œuvre (plus spleen et idéal), notamment avec en lien avec \"alchimie poétique\"', 'Oeuvre Les Fleurs du Mal Baudelaire', 'sandra87', '2020-05-16 00:00:00', 1000),
('2NDE', 'Français', 'Bilan en quelques questions sur l\'âge d\'or du roman au XIXe. (manuel écume des lettres p. 34-35)', 'Réalisme et naturalisme', 'sandra87', '2020-05-16 00:00:00', 999),
('4EME', 'Mathématiques', 'QCM fait à partir de sesamaths- corrigé expliqué', 'pyramides cônes', 'espanet', '2020-05-16 00:00:00', 998),
('4EME', 'Mathématiques', 'QCM fait à partir de sesamaths', 'pyramides cônes', 'espanet', '2020-05-16 00:00:00', 997),
('5EME', 'Sciences de la vie et de la terre', 'QCM d\'entrainement, révisions pour bien connaître les organes de l\'appareil digestif', 'appareil digestif', 'phv', '2020-05-16 00:00:00', 996),
('4EME', 'Sciences de la vie et de la terre', 'QCM évaluation fin de chapitre sur la dynamique externe de la Terre ', 'météo, climat, dynamique externe', 'phv', '2020-05-16 00:00:00', 995),
('4EME', 'Mathématiques', 'panels d\'exercices', 'probabilités', 'espanet', '2020-05-16 00:00:00', 994),
('2NDE', 'Biotechnologie', 'TEST DES CONNAISSANCES SUR LE MODULE C1', 'PSE MODULE C1', 'hugoo', '2020-05-16 00:00:00', 993),
('2NDE', 'Biotechnologie', 'TEST DES CONNAISSANCES SUR LE MODULE C1', 'PSE MODULE C1', 'hugoo', '2020-05-16 00:00:00', 992),
('5EME', 'Physique chimie', 'Le son - propagation, perception et et caractéristique d\'un son, dangers d\'un son', 'Le son - propagation, perception et et caractéristique d\'un son, dangers d\'un son', 'Nathalie AYMOZ', '2020-05-16 00:00:00', 991),
('5EME', 'Technologie', 'Reconnaitre les types de ponts et le vocabulaire', 'Ponts', 'payen', '2020-05-16 00:00:00', 990),
('5EME', 'Mathématiques', 'Calcul littéral, aires, effectifs, fraction, priorité opérations', 'Calcul littéral, aires, effectifs, fraction, priorité opérations', 'M_Lefrancois', '2020-05-16 00:00:00', 989),
('4EME', 'Mathématiques', 'Repérage pavé, puissance d\'un nombre, écriture scientifique, calcul littéral', 'Repérage pavé, puissance d\'un nombre, écriture scientifique, calcul littéral', 'M_Lefrancois', '2020-05-16 00:00:00', 988),
('5EME', 'Mathématiques', 'Symétries axiale & centrale', 'Symétries axiale & centrale', 'M_Lefrancois', '2020-05-16 00:00:00', 987),
('4EME', 'Mathématiques', 'Puissances de 10, écriture scientifique', 'Puissances de 10, écriture scientifique', 'M_Lefrancois', '2020-05-16 00:00:00', 986),
('5EME', 'Mathématiques', 'Symétries axiale & centrale.', 'Symétries axiale & centrale.', 'M_Lefrancois', '2020-05-16 00:00:00', 985),
('4EME', 'Mathématiques', 'Repérage pavé, durée, vitesse.', 'Repérage pavé, durée, vitesse.', 'M_Lefrancois', '2020-05-16 00:00:00', 984),
('5EME', 'Mathématiques', 'Symétries axiale & centrale.', 'Symétries axiale & centrale.', 'M_Lefrancois', '2020-05-16 00:00:00', 983),
('4EME', 'Mathématiques', 'Repérage pavé, inverse, proportionnalité.', 'Repérage pavé, inverse, proportionnalité.', 'M_Lefrancois', '2020-05-16 00:00:00', 982),
('5EME', 'Mathématiques', 'fractions', 'fractions', 'M_Lefrancois', '2020-05-16 00:00:00', 981),
('5EME', 'Mathématiques', 'fractions', 'fractions', 'M_Lefrancois', '2020-05-16 00:00:00', 980),
('4EME', 'Mathématiques', 'Repérage pavé / multiplication & division fraction / Pythagore', 'Repérage pavé / multiplication & division fraction / Pythagore', 'M_Lefrancois', '2020-05-16 00:00:00', 979),
('2NDE', 'Physique chimie', 'calculs sur la notion de mole', 'mole', 'aureliedenis', '2020-05-16 00:00:00', 978),
('2NDE', 'Physique chimie', 'équilibrer des équations', ' équations', 'aureliedenis', '2020-05-16 00:00:00', 977),
('4EME', 'Sciences de la vie et de la terre', 'Bilan des connaissances sur la fécondation, la grossesse, le rôle du placenta', 'Fécondation - grossesse', 'Chevalier', '2020-05-16 00:00:00', 976),
('4EME', 'Sciences de la vie et de la terre', 'Bilan des connaissances sur l\'anatomie et le fonctionnement de l\'appareil reproducteur féminin', 'Appareil reproducteur féminin', 'Chevalier', '2020-05-16 00:00:00', 975),
('6EME', 'Anglais', 'complète avec l\'auxiliaire qui convient', 'BE et HAVE auxiliaires', 'Guylaine G.', '2020-05-16 00:00:00', 974),
('4EME', 'Sciences de la vie et de la terre', 'Bilan des connaissances sur l\'anatomie et le fonctionnement de l\'appareil reproducteur masculin', 'Appareil reproducteur masculin', 'Chevalier', '2020-05-16 00:00:00', 973),
('6EME', 'Anglais', 'choisis la phrase ne contenant aucune erreur', 'les 2 présents', 'Guylaine G.', '2020-05-16 00:00:00', 972),
('5EME', 'Sciences de la vie et de la terre', 'Bilan des connaissances sur la Terre dans l\'univers, la différence météo/climat et l\'origine des climats', 'Terre, météo, climat', 'Chevalier', '2020-05-16 00:00:00', 971),
('6EME', 'Anglais', 'choisir la bonne orthographe', 'spelling', 'Guylaine G.', '2020-05-16 00:00:00', 970),
('6EME', 'Anglais', 'discrimination les 2 présents en choisissant la bonne phrase', 'les 2 présents', 'Guylaine G.', '2020-05-16 00:00:00', 969),
('6EME', 'Anglais', 'culture générale UK et USA', 'culture générale', 'Guylaine G.', '2020-05-16 00:00:00', 968),
('6EME', 'Mathématiques', 'Petits problèmes', 'proportionnalité', 'Jeff Darracq', '2020-05-16 00:00:00', 967),
('3EME', 'Mathématiques', 'Regroupement de plusieurs notions: trigonométrie, fonctions, équations, pourcentages, énergie, aire, périmètre, Pythagore.', 'Divers', 'Olivier Quillon', '2020-05-16 00:00:00', 966),
('TERMINALE', 'Mathématiques', 'qcm sur les suites en terminale ES', 'suites', 'ciamannacce', '2020-05-15 00:00:00', 965),
('3EME', 'Physique chimie', 'référentiel et mouvements', 'référentiel et mouvements', 'E.P', '2020-05-15 00:00:00', 964),
('3EME', 'Physique chimie', 'Atomes-molécules', 'Atomes-molécules', 'E.P', '2020-05-15 00:00:00', 963),
('3EME', 'Physique chimie', 'ions', 'ions', 'E.P', '2020-05-15 00:00:00', 962),
('3EME', 'Physique chimie', 'Acidité-pH', 'Acidité-pH', 'E.P', '2020-05-15 00:00:00', 961),
('1ERE', 'Sciences de la vie et de la terre', 'Variabilité génétique et santé (première spécialité) \n25 questions', 'Variabilité génétique et santé', 'Guillaume Gatefait', '2020-05-15 00:00:00', 960),
('TERMINALE', 'Histoire géographie', 'Décolonisation et guerre d\'Algérie', 'Thème 2 histoire TSTMG décolonisation', 'EMORINE Julien', '2020-05-15 00:00:00', 959),
('1ERE', 'Droit', 'Durée du travail - Salaire (hôtellerie- restauration)', 'Durée du travail - Salaire ', 'Goulut A', '2020-05-15 00:00:00', 958),
('5EME', 'Anglais', 'Cooking vocabulary 11 questions', 'Cooking vocabulary', 'Kethy Robert', '2020-05-15 00:00:00', 957),
('2NDE', 'Sciences de la vie et de la terre', 'Continuité pédagogique activité 5', 'procréation', 'milena.du_manoir', '2020-05-15 00:00:00', 956),
('2NDE', 'Sciences de la vie et de la terre', 'Continuité pédagogique activité 4', 'procréation', 'milena.du_manoir', '2020-05-15 00:00:00', 955),
('2NDE', 'Sciences de la vie et de la terre', 'Continuité pédagogique activité 3', 'procréation', 'milena.du_manoir', '2020-05-15 00:00:00', 954),
('2NDE', 'Sciences de la vie et de la terre', 'Continuité pédagogique activité 2', 'procréation', 'milena.du_manoir', '2020-05-15 00:00:00', 953),
('2NDE', 'Sciences de la vie et de la terre', 'Continuité pédagogique activité 1', 'procréation', 'milena.du_manoir', '2020-05-15 00:00:00', 952),
('3EME', 'Français', 'Vérifier la lecture de la nouvelle \"Rhinocéros\" d\'Eugène Ionesco. ', 'Littérature', 'Harikiopoulos', '2020-05-15 00:00:00', 951),
('3EME', 'Mathématiques', 'Evaluation de fin de chapitre', 'Fonctions linéaires et affines', 'HANNB', '2020-05-15 00:00:00', 950),
('3EME', 'Mathématiques', 'Evaluation de fin de chapitre', 'Notion de fonction', 'HANNB', '2020-05-15 00:00:00', 949),
('3EME', 'Mathématiques', 'Evaluation de fin de chapitre', 'Les probabilités', 'HANNB', '2020-05-15 00:00:00', 948),
('4EME', 'Mathématiques', 'Evaluation de fin de chapitre', 'Les puissances', 'HANNB', '2020-05-15 00:00:00', 947),
('5EME', 'Mathématiques', 'Exercice d\'entrainement', 'Coordonnées d\'un point ', 'HANNB', '2020-05-15 00:00:00', 946),
('5EME', 'Mathématiques', 'Exercice d\'entrainement', 'Différence de 2 nombres relatifs', 'HANNB', '2020-05-15 00:00:00', 945),
('5EME', 'Mathématiques', 'Exercice d\'entrainement', 'Différence de 2 nombres relatifs', 'HANNB', '2020-05-15 00:00:00', 944),
('5EME', 'Mathématiques', 'Exercice d\'entrainement', 'Différence de 2 nombres relatifs', 'HANNB', '2020-05-15 00:00:00', 943),
('5EME', 'Mathématiques', 'Exercice d\'entrainement', 'Somme de 2 nombres relatifs', 'HANNB', '2020-05-15 00:00:00', 942),
('3EME', 'Latin', 'QCM à partir d\'une vidéo sur le site LUMNI \"Biographie d\'Auguste\"', 'Biographie de l\'empereur Auguste', 'Delphine Amice', '2020-05-15 00:00:00', 941),
('5EME', 'Mathématiques', 'Exercice d\'entrainement', 'Somme de 2 nombres relatifs', 'HANNB', '2020-05-15 00:00:00', 940),
('5EME', 'Mathématiques', 'Exercice d\'entrainement', 'Somme de 2 nombres relatifs', 'HANNB', '2020-05-15 00:00:00', 939),
('5EME', 'Latin', 'QCM à partir de 2 vidéos sur le site LUMNI à propos des maisons romaines.', 'Les maisons romaines', 'Delphine Amice', '2020-05-15 00:00:00', 938),
('5EME', 'Mathématiques', 'Evaluation de fin de chapitre sur les parallélogrammes', 'Les parallélogrammes', 'HANNB', '2020-05-15 00:00:00', 937),
('3EME', 'Latin', 'QCM à partir de la vidéo sur le site LUMNI \"Auguste et l\'âge d\'or\"', 'Le mythe de l\'âge d\'or sous le règne d\'Auguste', 'Delphine Amice', '2020-05-15 00:00:00', 936),
('TERMINALE', 'Mathématiques', 'Primitives et calcul intégral', 'primitives,intégrales', 'Chambre Sylvaine', '2020-05-15 00:00:00', 935),
('5EME', 'Technologie', 'bilans séances ponts', 'ponts', 'bruno larribité', '2020-05-15 00:00:00', 934),
('5EME', 'Mathématiques', '10 questions d\'addition de 2 ou 3 nombres relatifs', 'addition,\"nombres relatifs\" ', 'Fabienne Ravaut', '2020-05-15 00:00:00', 933),
('3EME', 'Physique chimie', 'Thème C - L\'énergie et ses conversions\nChapitre 9 - L\'énergie chimique et ses conversions\nLa pile, les conversions, la combustion', 'énergie chimique conversions', 'sophie45', '2020-05-15 00:00:00', 932),
('3EME', 'Physique chimie', 'Thème C - L\'énergie et ses conversions\nChapitre 8 - Puissance et énergie\nLes formules de la puissance et de l\'énergie électrique, les unités, les conversions', 'Puissance énergie électrique', 'sophie45', '2020-05-15 00:00:00', 931),
('4EME', 'Français', 'dictée à choix multiple Soleils Couchants Hugo', 'dictée ', 'Bogard', '2020-05-15 00:00:00', 930),
('4EME', 'Physique chimie', 'Thème C - L\'énergie et ses conversions\nChapitre 9 - Lois de l\'électricité et sécurité électrique\nLes 4 lois, la multiprise', 'lois de l\'électricité et sécurité électrique', 'sophie45', '2020-05-15 00:00:00', 929),
('4EME', 'Physique chimie', 'Thème C - L\'énergie et ses conversions\nChapitre 8 - Tension électrique et intensité du courant\nLe multimètre, la tension, l\'intensité, les conversions', 'tension électrique et intensité du courant', 'sophie45', '2020-05-15 00:00:00', 928),
('5EME', 'Physique chimie', 'Thème C - L\'énergie et ses conversions\nChapitre 9 - Un premier circuit électrique\nLes dipôles, les schémas', 'premier circuit électrique', 'sophie45', '2020-05-15 00:00:00', 927),
('5EME', 'Physique chimie', 'Thème C - l\'énergie et ses conversions\nChapitre 8 - L\'énergie électrique : de la centrale à l\'habitation\nLes sources, les formes, les centrales', 'énergie électrique', 'sophie45', '2020-05-15 00:00:00', 926),
('3EME', 'Français', 'Questionnaire de vérification de lecture', 'Le Veston ensorcelé de Dino Buzzati', 'Vacossin Katia', '2020-05-15 00:00:00', 925),
('1ERE', 'Physique chimie', 'Evaluations, sur le thème : Compression, taille fichier, période, fréquence, spectre harmonique, fondamental', 'Enseignement scientifique Chapitre sur le son partie 2 : Compression, taille fichier, période, fréquence, spectre harmonique, fondamental', 'Lavernhe Eric', '2020-05-15 00:00:00', 924),
('1ERE', 'Physique chimie', 'Evaluations 20 questions, sur le thème timbre, période, fréquence, spectre, harmonique, fondamental', 'Enseignement scientifique Chapitre sur le son partie 1: timbre, période, fréquence, spectre harmonique, fondamental', 'Lavernhe Eric', '2020-05-15 00:00:00', 923),
('1ERE', 'Physique chimie', 'Evaluations 30 questions, sur le thème oxydant, réducteur, équations, pile', 'STI2D : Oxydoréduction', 'Lavernhe Eric', '2020-05-15 00:00:00', 922),
('1ERE', 'Physique chimie', 'Evaluations 20 questions, sur le thème des représentations des molécules, lewis, brute, masse molaire...', 'STI2D : Concentration, molécules, moles, Lewis, formule développée', 'Lavernhe Eric', '2020-05-15 00:00:00', 921),
('1ERE', 'Physique chimie', 'Evaluations 20 questions, sur le thème des combustions: alcane, alcène, réactif, produits, équilibre équations', 'Combustion STI2D', 'Lavernhe Eric', '2020-05-15 00:00:00', 920),
('5EME', 'Mathématiques', 'addition soustraction multiplication de fractions - problèmes\ncorrigé détaillé ', 'fractions et opérations qcm corrigé avec explication', 'espanet', '2020-05-15 00:00:00', 919),
('5EME', 'Mathématiques', 'addition soustraction multiplication de fractions - problèmes', 'fractions et opérations ', 'espanet', '2020-05-15 00:00:00', 918),
('3EME', 'Mathématiques', 'corrigé détaillé du qcm statistiques bilan 3ème', 'statistiques bilan corrigé avec explications', 'espanet', '2020-05-15 00:00:00', 917),
('3EME', 'Mathématiques', 'QCM bilan fait à partir des QCM sesamaths collège ', 'statistiques bilan', 'espanet', '2020-05-15 00:00:00', 916),
('CAP2', 'Anglais', 'comprendre la description du système de freins', 'car mechanic', 'Véronique Thoreaux', '2020-05-15 00:00:00', 915),
('3EME', 'Français', 'Questions de compréhension sur Un Secret de PH GRIMBERT', 'Un Secret, chapitre 4 (milieu)', 'sandra Laurent-Quellec', '2020-05-15 00:00:00', 914),
('4EME', 'Latin', 'Questions sur l\'extrait video de la course de char de Ben Hur de W. Wyler ( 1959 )', 'course de char ; ben hur ; jeux du cirque', 'ingelaere florence', '2020-05-15 00:00:00', 913),
('3EME', 'Français', 'questions de compréhension', 'Un Secret, chapitre 5 et épilogue', 'sandra Laurent-Quellec', '2020-05-15 00:00:00', 912),
('1ERE', 'Français', 'questions de compréhension', 'Un Secret, chapitre 4 (milieu)', 'sandra Laurent-Quellec', '2020-05-15 00:00:00', 911),
('1ERE', 'Sciences', 'QCM récapitulatif', 'théme 4 son et musique, porteurs d\'informations', 'harduin', '2020-05-15 00:00:00', 910),
('1ERE', 'Sciences', 'QCM récapitulatif', 'théme 4 son et musique, porteurs d\'informations', 'harduin', '2020-05-15 00:00:00', 909),
('3EME', 'Mathématiques', 'QCM ', 'trigonométrie', 'Espanet', '2020-05-15 00:00:00', 908),
('2NDE', 'Physique chimie', 'présenter et justifier la formule statistique d’un composé ionique simple', 'seconde pro les ions les molécules ioniques', 'marie-dominique.de-meyer', '2020-05-15 00:00:00', 907),
('6EME', 'Mathématiques', 'vocabulaire', 'figures planes', 'PONS', '2020-05-15 00:00:00', 906),
('6EME', 'Mathématiques', 'partage', 'fractions', 'PONS', '2020-05-15 00:00:00', 905),
('6EME', 'Mathématiques', '13 questions', 'symétrie axiale', 'PONS', '2020-05-15 00:00:00', 904),
('3EME', 'Français', 'Questions de compréhension sur le début du chapitre 4', 'Un Secret, chapitre 4 (début)', 'sandra Laurent-Quellec', '2020-05-15 00:00:00', 903),
('3EME', 'Physique chimie', 'relation poids et masse et force gravitationnelle', 'poids force gravitationnelle', 'potiron', '2020-05-15 00:00:00', 902),
('3EME', 'Physique chimie', 'rappels de 5e et 4e décrire un mouvement forces et interactions', 'mouvements interactions et forces DOI', 'potiron', '2020-05-15 00:00:00', 901),
('4EME', 'Physique chimie', 'interactions et forces', 'interactions et forces DOI', 'potiron', '2020-05-15 00:00:00', 900),
('5EME', 'Physique chimie', 'décrire un mouvement', 'mouvements referentiel trajectoire vitesse', 'potiron', '2020-05-15 00:00:00', 899),
('5EME', 'Physique chimie', 'Début des circuits électriques dipôle, schéma normalisé, sens du courant, diode', 'circuit électrique dipôles schématisation sens du courant diode', 'potiron', '2020-05-15 00:00:00', 898),
('3EME', 'Mathématiques', 'un peu de tout', 'arithmétique', 'Escaré', '2020-05-15 00:00:00', 897),
('6EME', 'Mathématiques', 'conversions d\'unités d\'aires', 'conversions', 'Escaré', '2020-05-15 00:00:00', 896),
('6EME', 'Mathématiques', 'conversion d\'unités simples', 'conversions', 'Escaré', '2020-05-15 00:00:00', 895),
('3EME', 'Mathématiques', 'un peu tout sur la trigo de 3è', 'trigonométrie', 'Escaré', '2020-05-15 00:00:00', 894),
('6EME', 'Mathématiques', 'somme de fraction, produit par un entier, fractions égales', 'fractions', 'Escaré', '2020-05-15 00:00:00', 893),
('3EME', 'Mathématiques', 'notions de base sur les fonctions affines', 'fonctions affines', 'Escaré', '2020-05-15 00:00:00', 892),
('1ERE', 'Mathématiques', 'questions sur les suites ou la dérivation', 'suites ; dérivation', 'fsavatier', '2020-05-15 00:00:00', 891),
('3EME', 'Physique chimie', 'action mécanique, force, caractéristiques', 'Interaction', 'MALO', '2020-05-15 00:00:00', 890),
('3EME', 'Français', '38 questions sur le mythe d\'Oedipe et \"Antigone\" d\'Anouilh', 'Oedipe, Antigone', 'delphine.lahary', '2020-05-15 00:00:00', 889),
('TERMINALE', 'Mathématiques', 'formules, calculs simples de dérivées et primitives (programme de TS)', 'dérivée, primitive', 'Isabelle Chabaud', '2020-05-15 00:00:00', 888),
('TERMINALE', 'Mathématiques', 'Calculs de probabilités et d\'espérance en lois continues (sauf loi normale quelconques)', 'loi uniforme, loi exponentielle, loi normale centrée réduite (début)', 'Isabelle Chabaud', '2020-05-15 00:00:00', 887),
('3EME', 'Technologie', 'Comprendre le fonctionnement d’un réseau informatique ', 'réseau, informatique ', 'EL BRAHMI', '2020-05-15 00:00:00', 886),
('1ERE', 'Numérique et sciences informatiques', 'initiation aux réseaux d\'ordinateurs', 'réseaux', 'Jean Galtier', '2020-05-14 00:00:00', 885),
('6EME', 'Histoire géographie', 'Habiter un espace de faible densité, le Sahara', 'Désert, Habiter, Sahara', 'NathalieBarron', '2020-05-14 00:00:00', 884),
('6EME', 'Histoire géographie', 'Habiter un espace de faible densité, le Sahara', 'Désert, Habiter, Sahara', 'NathalieBarron', '2020-05-14 00:00:00', 883),
('2NDE', 'Histoire géographie', 'Bilan chapitre d\'Histoire sur l\'Ouverture atlantique.', 'Ouvertures atlantique, Grandes découvertes, 1ere mondialisation', 'Sophie Don', '2020-05-14 00:00:00', 882),
('2NDE', 'Histoire géographie', 'Bilan Thème Méditerranée antique empreinte grecque', 'Méditerranée, Antiquité, Athènes, Grèce', 'Sophie Don', '2020-05-14 00:00:00', 881),
('2NDE', 'Histoire géographie', 'Bilan sur le thème Méditerranée antique l\'empreinte romaine.', 'Méditerranée, Antiquité, Rome', 'Sophie Don', '2020-05-14 00:00:00', 880),
('TERMINALE', 'Mathématiques', 'Produit scalaire dans l\'espace, équations cartésiennes d\'un plan', 'Produit scalaire, équations cartésiennes d\'un plan', 'Deletombe', '2020-05-14 00:00:00', 879),
('4EME', 'Latin', 'Identification, traduction', 'Le parfait passif', 'Christian FREBAULT', '2020-05-14 00:00:00', 878),
('3EME', 'Français', 'Identification, manipulation', 'Cause, but, conséquence', 'Christian FREBAULT', '2020-05-14 00:00:00', 877),
('4EME', 'Français', 'Connaître le vocabulaire et les notions de base pour décrire la forme d\'un poème', 'Versification', 'Christian FREBAULT', '2020-05-14 00:00:00', 876),
('3EME', 'Physique chimie', 'Objectif : Evaluer la compréhension du symbole de l\'atome, la compréhension du concept d\'électro-neutralité.', 'Symbole de l\'atome et composition', 'Baptiste Sourbier', '2020-05-14 00:00:00', 875),
('TERMINALE', 'Mathématiques', 'QCM sur les probabilités continues', 'probabilités continues', 'lacarrau', '2020-05-14 00:00:00', 874),
('4EME', 'Latin', 'QCM consacré au visionnage de la troisième partie du docu-fiction \"Hannibal, le pire ennemi de Rome\"', 'Docu-fiction Hannibal Carthage', 'Alexandra LB', '2020-05-14 00:00:00', 873),
('4EME', 'Latin', 'QCM consacré au visionnage de la deuxième partie du docu-fiction \"Hannibal, le pire ennemi de Rome\"', 'Docu-fiction Hannibal Carthage', 'Alexandra LB', '2020-05-14 00:00:00', 872),
('4EME', 'Latin', 'QCM consacré au visionnage de la première partie du docu-fiction \"Hannibal, le pire ennemi de Rome\"', 'Docu-fiction Hannibal Carthage', 'Alexandra LB', '2020-05-14 00:00:00', 871),
('3EME', 'Français', 'accord du participe passé des verbes pronominaux', 'verbes pronominaux', 'H.S', '2020-05-14 00:00:00', 870),
('5EME', 'Physique chimie', 'évolution masse et volume pendant les changements d\'état', 'masse, volume, changement d\'état', 'camille.lafferriere', '2020-05-14 00:00:00', 869),
('5EME', 'Physique chimie', 'QCM à choix uniques', 'molécules, états de la matière', 'camille.lafferriere', '2020-05-14 00:00:00', 868),
('1ERE', 'Physique chimie', 'QCM en 1ère ST2S sur les acides, bases.\nLes couples acidobasiques.\nTrouver une équation de réaction acidobasique ', 'acide base demi-équation acido-basique ', 'Matthieu JdB', '2020-05-14 00:00:00', 867),
('1ERE', 'Physique chimie', 'QCM en 1ère ST2S sur les solutions acides, basiques, neutres\nCalcul de [H3O+]. Effets de la dilution.', 'Solution acide basique pH Oxonium', 'Matthieu JdB', '2020-05-14 00:00:00', 866),
('1ERE', 'Physique chimie', 'QCM n° 2 niveau 1ère ST2S sur l\'oxydoréduction :  notions basiques sur les couples, Identifier un oxydant ou un réducteur dans un couple ou une demi-équation.\nDifférence entre un antiseptique et un désinfectant.', 'Oxydoréduction Oxydant Réducteur demi-équation', 'Matthieu JdB', '2020-05-14 00:00:00', 865),
('1ERE', 'Physique chimie', 'QCM n° 1 niveau 1ère ST2S sur l\'oxydoréduction :  notions basiques sur les couples, Identifier un oxydant ou un réducteur dans un couple ou une demi-équation', 'Oxydoréduction Oxydant Réducteur demi-équation', 'Matthieu JdB', '2020-05-14 00:00:00', 864),
('3EME', 'Mathématiques', 'Transformations', 'Transformations', 'Aurélien Richer', '2020-05-14 00:00:00', 863),
('5EME', 'Mathématiques', 'Angles triangle', 'Angles triangle', 'Aurélien Richer', '2020-05-14 00:00:00', 862),
('3EME', 'Mathématiques', 'Arithmétique', 'Arithmétique', 'Aurélien Richer', '2020-05-14 00:00:00', 861),
('6EME', 'Mathématiques', 'Fractions', 'Fractions', 'Aurélien Richer', '2020-05-14 00:00:00', 860),
('3EME', 'Histoire géographie', 'G2 - POURQUOI ET COMMENT AMENAGER LE TERRITOIRE ?', 'thème 2 géo 3ème aménagement territoire', 'srollet', '2020-05-14 00:00:00', 859),
('3EME', 'Mathématiques', 'Fonctions', 'Fonctions', 'Aurélien Richer', '2020-05-14 00:00:00', 858),
('3EME', 'Mathématiques', 'Factorisation Equation produit nul', 'Factorisation Equation produit nul', 'Aurélien Richer', '2020-05-14 00:00:00', 857),
('5EME', 'Mathématiques', 'Echelles', 'Echelles', 'Aurélien Richer', '2020-05-14 00:00:00', 856),
('6EME', 'Mathématiques', 'Conversions longueurs', 'Conversions longueurs', 'Aurélien Richer', '2020-05-14 00:00:00', 855),
('5EME', 'Mathématiques', 'Angles et parallélisme', 'Angles et parallélisme', 'Aurélien Richer', '2020-05-14 00:00:00', 854),
('2NDE', 'Mathématiques', 'Jeu de carte', 'probabilité', 'Patricia lascaux', '2020-05-14 00:00:00', 853),
('CAP2', 'Physique chimie', 'ions', 'ions', 'patricia lascaux', '2020-05-14 00:00:00', 852),
('5EME', 'Mathématiques', 'pourcentage / échelle / ratio', 'proportionnalité', 'Gomez L', '2020-05-14 00:00:00', 851),
('5EME', 'Mathématiques', 'tableau / calcul', 'proportionnalité', 'Gomez L', '2020-05-14 00:00:00', 850),
('5EME', 'Mathématiques', 'moyenne', 'statistiques', 'Gomez L', '2020-05-14 00:00:00', 849),
('5EME', 'Mathématiques', 'effectif / fréquence  / graphique', 'statistiques', 'Gomez L', '2020-05-14 00:00:00', 848),
('5EME', 'Mathématiques', 'simplification / reduction / évaluer / tester une solution', 'calcul littéral', 'Gomez L', '2020-05-14 00:00:00', 847),
('5EME', 'Mathématiques', 'simplification / reduction', 'calcul littéral', 'Gomez L', '2020-05-14 00:00:00', 846),
('6EME', 'Mathématiques', 'calculs d\'aires / conversions', 'aires', 'Gomez L', '2020-05-14 00:00:00', 845),
('6EME', 'Mathématiques', 'calculs de périmètres', 'périmètres', 'Gomez L', '2020-05-14 00:00:00', 844),
('6EME', 'Mathématiques', 'fractions d\'une quantité', 'fractions', 'Gomez L', '2020-05-14 00:00:00', 843),
('6EME', 'Mathématiques', 'fractions égales', 'fractions', 'Gomez L', '2020-05-14 00:00:00', 842),
('6EME', 'Mathématiques', 'fractions partage / sur axe / quotient', 'fractions', 'Gomez L', '2020-05-14 00:00:00', 841),
('5EME', 'Technologie', 'Du cahier des charges aux solutions techniques', 'Cahier des charges, solutions techniques, flux f\'énergie', 'Dana', '2020-05-14 00:00:00', 840),
('4EME', 'Allemand', 'Questions en allemand sur la géographie allemande', 'Quiz', 'S. OFFREY', '2020-05-14 00:00:00', 839),
('5EME', 'Physique chimie', 'Bilan de la partie électricité en 5eme sur :\n_schémas des circuits électriques\n_dipôles en série\n_dipôles en dérivation', 'Electricité, dipoles en série ou en dérivation, schéma électrique, bilan', 'M Garcia', '2020-05-14 00:00:00', 838),
('3EME', 'Physique chimie', 'Propriétés de l\'énergie cinétique et calculs. Propriétés de l\'énergie potentielle.', 'Energie cinétique, énergie potentielle', 'M Garcia', '2020-05-14 00:00:00', 837),
('3EME', 'Physique chimie', 'S\'entrainer à faire des conversions de vitesse pour savoir calculer l\'énergie cinétique ensuite', 'Conversion vitesse, km/h à m/s et inversement', 'M Garcia', '2020-05-14 00:00:00', 836),
('6EME', 'Allemand', 'Dire que l\'on a un animal', 'animaux, article indéfini à l\'accusatif', 'Antje Chevalaz', '2020-05-14 00:00:00', 835),
('3EME', 'Physique chimie', 'Bilan de la partie \"mécanique\"', 'énergie, mécanique, cinétique, potentielle, gravitation, force', 'vielfaure', '2020-05-14 00:00:00', 834),
('6EME', 'Allemand', 'Texte à trous qui résume la vidéo \"Meine Katze, meine Fische\" de l\'Etappe 4 (Spontan 1 neu)', 'animaux, Spontan 1 neu', 'Antje Chevalaz', '2020-05-14 00:00:00', 833),
('1ERE', 'Sciences de la vie et de la terre', 'Santé - Système immunitaire - SPE SVT', 'Système immunitaire -SPE SVT', 'AL', '2020-05-14 00:00:00', 832),
('4EME', 'Mathématiques', 'Repérer égalité de Pythagore -Valeur d\'une racine carrée', 'Pythagore-racine carrée', 'Garnier Régine', '2020-05-14 00:00:00', 831),
('3EME', 'Anglais', 'La ruée vers l\'or, voix passive.', 'Gold rush, ruée vers l\'or, 49ers', 'Charlotte Jullien', '2020-05-14 00:00:00', 830),
('6EME', 'Mathématiques', '5 questions sur les fractions (représentation, encadrement, comparaison, prendre une fraction d\'un nombre)', 'Fractions', 'R. Calvez', '2020-05-14 00:00:00', 829),
('3EME', 'Anglais', 'L\'expédition de Lewis et Clark, les pionniers. Révisions du prétérit.', ' Jefferson, west, Lewis and Clark, pioneers, ', 'Charlotte Jullien', '2020-05-14 00:00:00', 828),
('6EME', 'Mathématiques', 'Convertir des longueurs, masses , durées', 'conversion longueur masse durée', 'Garnier Régine', '2020-05-14 00:00:00', 827),
('2NDE', 'Sciences de la vie et de la terre', 'Métabolisme cellulaire', 'métabolisme', 'AL', '2020-05-14 00:00:00', 826),
('3EME', 'Anglais', 'L\'achat de la Louisiane, l\'expédition de Lewis et Clark. Révisions du prétérit.', 'Louisiana, Louisiane, Jefferson, west, Lewis and Clark, pioneers', 'Charlotte Jullien', '2020-05-14 00:00:00', 825),
('6EME', 'Mathématiques', '5 questions pour travailler la division euclidienne.', 'Division euclidienne, multiple, diviseur, critères de divisibilité', 'R. Calvez', '2020-05-14 00:00:00', 824),
('6EME', 'Mathématiques', '17 questions pour travailler les notions de multiple/diviseur, les critères de divisibilité, la division (euclidienne/décimale), et les fractions.', 'Division décimale, division euclidienne, multiple, diviseur, critères de divisibilité, fraction', 'R. Calvez', '2020-05-14 00:00:00', 823),
('6EME', 'Mathématiques', 'Lecture de graphiques, de tableaux', 'graphique tableau ', 'Garnier Régine', '2020-05-14 00:00:00', 822),
('4EME', 'Physique chimie', 'connaître les formules des atomes et molécules usuels', 'atomes molécules', 'FOURNIER Caroline', '2020-05-14 00:00:00', 821),
('6EME', 'Anglais', 'Petites révisions du vocabulaire de temps qu\'il fait et de la question à poser.', 'weather, météo, meteo', 'Charlotte Jullien', '2020-05-14 00:00:00', 820),
('4EME', 'Mathématiques', 'fraction égalité-simplification addition', 'fraction égalité-simplification addition', 'Garnier Régine', '2020-05-14 00:00:00', 819),
('6EME', 'Mathématiques', '16 questions pour travailler sur les angles (nom, nature, mesure, vocabulaire, calcul, codage etc).', 'Angles', 'R. Calvez', '2020-05-14 00:00:00', 818),
('4EME', 'Mathématiques', 'puissances de base quelconque', 'puissances base quelconque', 'Garnier Régine', '2020-05-14 00:00:00', 817),
('6EME', 'Technologie', 'Les matériaux', 'matériaux', 'hammadi', '2020-05-14 00:00:00', 816),
('4EME', 'Mathématiques', 'remplacer lettre par valeur, tester égalité, simplifier expressions simples', 'lettres initiation', 'Garnier Régine', '2020-05-14 00:00:00', 815),
('6EME', 'Français', 'Questionnaire de lecture sur L\'Appel de la forêt de Jack London', 'lecture, appel, forêt, London', 'B. Delmas', '2020-05-14 00:00:00', 814),
('6EME', 'Français', 'Conjugaison de l\'imparfait de l\'indicatif', 'conjugaison, imparfait , indicatif', 'B. Delmas', '2020-05-14 00:00:00', 813),
('6EME', 'Français', 'Conjugaison du futur de l\'indicatif', 'conjugaison, futur, indicatif', 'B. Delmas', '2020-05-14 00:00:00', 812),
('6EME', 'Français', 'Conjugaison du présent de l\'indicatif', 'conjugaison, présent, indicatif', 'B. Delmas', '2020-05-14 00:00:00', 811),
('6EME', 'Français', 'Questionnaire de lecture Tomek, La Rivière à l\'envers de Mourlevat', 'lecture, Tomek La Rivière à l\'envers, Mourlevat', 'B. Delmas', '2020-05-14 00:00:00', 810),
('3EME', 'Français', 'Questionnaire de lecture sur La Promesse de l\'aube de Romain Gary', 'lecture, la promesse de l\'aube, Romain Gary', 'B. Delmas', '2020-05-14 00:00:00', 809),
('1ERE', 'Physique chimie', 'des acides aminés aux proteines...', 'Bac Professionnel CGEA SAPAT molécules organiques protides', 'marie-dominique.de-meyer', '2020-05-14 00:00:00', 808),
('6EME', 'Mathématiques', 'Périmètres de figures. Unités de longueurs', 'périmètre  unités', 'Garnier Régine', '2020-05-14 00:00:00', 807),
('6EME', 'Mathématiques', '13 questions sur la proportionnalité', 'proportionnalité', 'Garnier Régine', '2020-05-14 00:00:00', 806),
('TERMINALE', 'Agromonie', 'Une introduction aux sols', 'Sol Matière organique Propriétés agronomiques', 'Gregoire Mulle', '2020-05-14 00:00:00', 805),
('3EME', 'Sciences de la vie et de la terre', 'QCM en lien avec l\'émission LUMNI disponible sur le site internet dédié - le lien est dans le QCM', 'Appareils reproducteurs humains Hormones puberté', 'jpele', '2020-05-14 00:00:00', 804),
('3EME', 'Français', 'trouver la figure de style (révisions)', 'figures de style', 'Stéphanie Lageneste', '2020-05-14 00:00:00', 803),
('3EME', 'Français', 'relier figure de style avec sa définition (révisions)', 'figures de style', 'Stéphanie Lageneste', '2020-05-14 00:00:00', 802),
('6EME', 'Français', 'Questionnaire de lecture \"Un tueur à ma porte\"', 'tueur,porte,lecture,cursive,questionnaire', 'B. Delmas', '2020-05-14 00:00:00', 801),
('2NDE', 'Physique chimie', 'Réviser le chapitre de chimie sur les transformations physiques', 'transformation;physique;chimie', 'demay', '2020-05-14 00:00:00', 800),
('6EME', 'Mathématiques', 'Fractions, écriture fractionnaire, repérage sur un axe', 'Fractions, écriture fractionnaire, repérage sur un axe', 'pichereaua', '2020-05-14 00:00:00', 799),
('3EME', 'Anglais', 'Based on Unit 6 of \"e for English\"; the exam focuses on Music related vocabulary and grammatical points of the unit.', 'Music voc - Present Perfect - Articles - ', 'Shirin HADIZADEH', '2020-05-14 00:00:00', 798),
('3EME', 'Anglais', 'Based on Unit 6 of \"e for English\"; the exam focuses on Music related vocabulary and grammatical points of the unit.', 'Music voc - Present Perfect - Articles - ', 'Shirin HADIZADEH', '2020-05-14 00:00:00', 797),
('CAP1', 'Hôtellerie & tourisme', 'Les oeufs et les ovo produits', 'cuissons, vocabulaire', 'wuilbeaux david', '2020-05-14 00:00:00', 796),
('CAP2', 'Hôtellerie & tourisme', 'Questions sur les cuissons sauter pocher ragoûts, et le vocabulaire associé', 'cuissons, vocabulaire', 'wuilbeaux david', '2020-05-14 00:00:00', 795),
('2NDE', 'Physique chimie', 'La mole', 'La mole', 'Chantal DEFFONTAINES', '2020-05-14 00:00:00', 794);
INSERT INTO `indexeducation` (`Niveau`, `Matiere`, `Description`, `Motes_Clefs`, `Auteur`, `Date`, `N_fichier_XML`) VALUES
('4EME', 'Mathématiques', 'Rappels sur aire et volume sauf cône et sphère', 'aire volume', 'Garnier Régine', '2020-05-14 00:00:00', 793),
('1ERE', 'Physique chimie', 'Enseignement Scientifique Le son', 'Enseignement Scientifique Le son', 'Chantal DEFFONTAINES', '2020-05-14 00:00:00', 792),
('6EME', 'Mathématiques', 'vocabulaire-valeur décimale- simplification', 'fraction définition', 'Garnier Régine', '2020-05-14 00:00:00', 791),
('1ERE', 'Physique chimie', 'Nomenclature', 'Nomenclature', 'Chantal DEFFONTAINES', '2020-05-14 00:00:00', 790),
('4EME', 'Physique chimie', 'Intensité du courant, ampèremètre, lois d\'unicité et d\'additivité', 'Intensité du courant, ampèremètre, lois d\'unicité et d\'additivité', 'TOUGERON', '2020-05-14 00:00:00', 789),
('6EME', 'Mathématiques', '5 questions - Pourcentages - 5e série     ( Ces QCM sont adaptés d\'un document de l\'APMEP)', 'Pourcentages', 'SG', '2020-05-14 00:00:00', 788),
('CAP2', 'Génie électrique', 'Notion de mise en service', 'Mise en service', 'Kévin LAVOISIER', '2020-05-14 00:00:00', 787),
('CAP2', 'Génie électrique', 'Notion de maintenance', 'Maintenance', 'Kévin LAVOISIER', '2020-05-14 00:00:00', 786),
('CAP2', 'Génie électrique', 'Connaître le relais thermique', 'Relais thermique', 'Kévin LAVOISIER', '2020-05-14 00:00:00', 785),
('CAP2', 'Génie électrique', 'Connaître le fusible aM', 'Fusible aM', 'Kévin LAVOISIER', '2020-05-14 00:00:00', 784),
('6EME', 'Mathématiques', '5 questions - pourcentages - 4e série', 'Pourcentages', 'SG', '2020-05-14 00:00:00', 783),
('CAP2', 'Génie électrique', 'Connaître le sectionneur', 'Sectionneur', 'Kévin LAVOISIER', '2020-05-14 00:00:00', 782),
('6EME', 'Mathématiques', '5 Questions - Pourcentages - 3e série', 'Pourcentages', 'SG', '2020-05-14 00:00:00', 781),
('CAP2', 'Génie électrique', 'Connaître le contacteur', 'Contacteur', 'Kévin LAVOISIER', '2020-05-14 00:00:00', 780),
('6EME', 'Mathématiques', '5 questions - pourcentages simples - 2e série', 'Pourcentages', 'SG', '2020-05-14 00:00:00', 779),
('CAP1', 'Génie électrique', 'Associer un appareil à une mesure', 'Appareils de mesures', 'Kévin LAVOISIER', '2020-05-14 00:00:00', 778),
('6EME', 'Mathématiques', '5 questions - pourcentages simples', 'Pourcentages', 'SG', '2020-05-14 00:00:00', 777),
('CAP1', 'Technologie', 'Les frisages', 'frisages', 'Pellut Stephane', '2020-05-14 00:00:00', 776),
('4EME', 'Mathématiques', 'Introduction aux équations par un jeu de balances (suite)', 'Introduction équation 2', 'lepoec', '2020-05-14 00:00:00', 775),
('5EME', 'Education musicale', 'Caractéristiques de la musique traditionnelle, et chant responsoriale', 'Musique trad et chant de travail', 'José Sampaio', '2020-05-14 00:00:00', 774),
('4EME', 'Mathématiques', 'Introduction aux équations par un jeu de balances', 'Introduction équation', 'lepoec', '2020-05-14 00:00:00', 773),
('4EME', 'Mathématiques', 'Introduction aux équations par un jeu de balances', 'Introduction équation', 'lepoec', '2020-05-14 00:00:00', 772),
('2NDE', 'Mathématiques', 'les suites numériques', 'les suites numériques', 'patricia lascaux', '2020-05-14 00:00:00', 771),
('6EME', 'Education musicale', 'Œuvres : Trio N°2 opus 100 de Schubert, et chant de Camille', 'Formation, thème, paramatres du son', 'José Sampaio', '2020-05-14 00:00:00', 770),
('CAP2', 'Physique chimie', 'Eaux minérales', 'ions', '52123790', '2020-05-14 00:00:00', 769),
('4EME', 'Français', 'Test sur le vocabulaire de la presse (très basique)', 'presse vocabulaire', 'Cécile Bourdarias', '2020-05-14 00:00:00', 768),
('CAP2', 'Mathématiques', 'calculs commerciaux', 'pourcentages', '52123790', '2020-05-14 00:00:00', 767),
('5EME', 'Français', 'Les Derniers Géants, François Place - questionnaire de lecture', 'Questionnaire de lecture', 'Cécile Bourdarias', '2020-05-14 00:00:00', 766),
('6EME', 'Education musicale', 'Découvrir / vérifier l\'apprentissage du vocabulaire lié aux hauteurs', 'Hauteurs', 'Léa Richet', '2020-05-14 00:00:00', 765),
('4EME', 'Français', 'Reconnaître la classe grammaticale des mots invariables.', 'mots invariables', 'Cécile Bourdarias', '2020-05-14 00:00:00', 764),
('6EME', 'Mathématiques', 'quotient et exploiter la division euclidienne\nCritères de divisibilité', 'division euclidienne et divisibilité', 'fvadot', '2020-05-14 00:00:00', 763),
('6EME', 'Mathématiques', 'quotient et exploiter la division euclidienne\nCritères de divisibilité', 'division euclidienne et divisibilité', 'fvadot', '2020-05-14 00:00:00', 762),
('4EME', 'Français', 'Questionnaire de lecture sur Le Message de Chédid', 'Le Message Chédid lecture', 'Cécile Bourdarias', '2020-05-14 00:00:00', 761),
('6EME', 'Mathématiques', 'donner une valeur approchée d\'un nombre décimal\nDéterminer quotient, reste et égalité euclidienne', 'valeurs approchées division euclidienne', 'fvadot', '2020-05-14 00:00:00', 760),
('3EME', 'Français', 'Expression de l\'opposition (pas de nuance faite avec la concession.)', 'opposition (concession)', 'Cécile Bourdarias', '2020-05-14 00:00:00', 759),
('4EME', 'Physique chimie', 'Caractéristiques et propriétés des sons', 'son, signal, information, signaux, vibration', 'Vielfaure', '2020-05-14 00:00:00', 758),
('1ERE', 'Langue technique', 'vocabulaire lié aux qualités des robots', 'Robots', 'morrow', '2020-05-14 00:00:00', 757),
('2NDE', 'Physique chimie', 'Emission et perception son', 'Fréquence, hauteur, timbre, propagation', 'N.MARION', '2020-05-14 00:00:00', 756),
('5EME', 'Latin', 'Tester la maîtrise des désinences des cas des 3ères déclinaisons au singulier (sans le neutre.)', 'déclinaison singulier', 'Cécile Bourdarias', '2020-05-14 00:00:00', 754),
('6EME', 'Physique chimie', 'Unités/Calcul de vitesse/Type de mouvement', 'Mouvement/Vitesse 2', 'Cousin', '2020-05-14 00:00:00', 753),
('5EME', 'Français', 'QCM visant à vérifier quelques termes du vocabulaire théâtral.', 'théâtre vocabulaire', 'Cécile Bourdarias', '2020-05-14 00:00:00', 752),
('6EME', 'Physique chimie', 'Unités/Type de trajectoire, de mouvement/Vitesse', 'Mouvement/Vitesse', 'Cousin', '2020-05-14 00:00:00', 751),
('TERMINALE', 'Physique chimie', 'TS transferts quantiques d\'énergie ', 'énergie , laser', 'N.MARION', '2020-05-14 00:00:00', 750),
('5EME', 'Physique chimie', 'Intensité électrique/Mesure/Unité', 'Circuits électriques/Intensité', 'Cousin', '2020-05-14 00:00:00', 749),
('5EME', 'Physique chimie', 'Circuits série/Dérivation', 'Circuits électriques', 'Cousin', '2020-05-14 00:00:00', 748),
('3EME', 'Sciences de la vie et de la terre', 'Objectif expliquer l\'origine du phénotype et son support', 'Le vivant et son évolution', 'Malika PIERRE', '2020-05-14 00:00:00', 747),
('5EME', 'Physique chimie', 'Symbole des dipôles/Circuit série', 'Circuits électriques-Bases', 'Cousin', '2020-05-14 00:00:00', 746),
('BTS2', 'Physique chimie', 'BTS MdC', 'Adhésion', 'Odile GUERRIC', '2020-05-14 00:00:00', 745),
('6EME', 'Mathématiques', 'Nature d\'un angle, mesure d\'un angle, nom, côtés et sommet d\'un angle.', 'Angles', 'Marion H', '2020-05-14 00:00:00', 744),
('6EME', 'Français', 'Identifier les classes grammaticales', 'Classes grammaticales', 'S.Chauvin', '2020-05-14 00:00:00', 743),
('6EME', 'Français', 'Auteur, narrateur et personnage', 'Le récit', 'S.Chauvin', '2020-05-14 00:00:00', 742),
('6EME', 'Français', 'Biographie Molière', 'Théâtre', 'S.Chauvin', '2020-05-14 00:00:00', 741),
('5EME', 'Mathématiques', 'périmètres et aires en utilisant les formules au programme de la classe de 5e', 'périmètres et aires', 'Loïc Anglaret', '2020-05-14 00:00:00', 740),
('5EME', 'Mathématiques', 'comparaison, addition et soustraction', 'Fractions', 'Loïc Anglaret', '2020-05-14 00:00:00', 739),
('4EME', 'Mathématiques', 'puissances de 10 : définitions, écritures décimales, écritures scientifiques', 'puissances de 10', 'Loïc Anglaret', '2020-05-14 00:00:00', 738),
('4EME', 'Mathématiques', 'savoir reconnaître des images par translation ou rotation', 'translations et rotations', 'Loïc Anglaret', '2020-05-14 00:00:00', 737),
('4EME', 'Mathématiques', 'remplacer une lettre par un nombre, développements et réductions', 'calcul ittéral', 'Loïc Anglaret', '2020-05-14 00:00:00', 736),
('3EME', 'Mathématiques', 'développements et réductions', 'calcul ittéral', 'Loïc Anglaret', '2020-05-14 00:00:00', 735),
('3EME', 'Mathématiques', 'développements et réductions', 'calcul ittéral', 'Loïc Anglaret', '2020-05-14 00:00:00', 734),
('3EME', 'Mathématiques', 'développements et réductions', 'calcul ittéral', 'Loïc Anglaret', '2020-05-14 00:00:00', 733),
('3EME', 'Histoire géographie', 'QCM à faire en 40 minutes avec deux compétences évaluées.', 'Guerre froide', 'vaslin', '2020-05-14 00:00:00', 732),
('1ERE', 'Mathématiques', 'Mode de génération d\'une suite (explicite, récurrence)\nLecture et calcul de valeurs', 'STI2D suites numériques explicite récurrence ', 'Philippe Picart', '2020-05-14 00:00:00', 731),
('1ERE', 'Mathématiques', 'Lecture de données dans un tableau de contingence pour calculer des probabilités.', 'probabilités conditionnelles', 'Lefrancois Frédéric', '2020-05-14 00:00:00', 730),
('1ERE', 'Mathématiques', 'Mesure d\'un angle en radian\nValeurs remarquables de sinus et cosinus', 'Trigonométrie angle radian sinus et cosinus', 'Philippe Picart', '2020-05-14 00:00:00', 729),
('1ERE', 'Mathématiques', 'Mesure d\'un angle en radian\nValeurs remarquables de sinus et cosinus', 'Trigonométrie angle radian sinus et cosinus', 'Philippe Picart', '2020-05-14 00:00:00', 728),
('1ERE', 'Mathématiques', 'Trigonométrie : connaitre et reconnaitre les paramètres d\'une fonction sinusoïdale (amplitude, pulsation, fréquence, période, phase)', 'Trigonométrie fonctions sinusoïdales', 'Philippe Picart', '2020-05-14 00:00:00', 727),
('1ERE', 'Mathématiques', 'Trigonométrie : connaitre et reconnaitre les paramètres d\'une fonction sinusoïdale (amplitude, pulsation, fréquence, période, phase)', 'Trigonométrie fonctions sinusoïdales', 'Philippe Picart', '2020-05-14 00:00:00', 726),
('5EME', 'Physique chimie', 'Solidification', 'Solidification', 'Frédéric Bonnet', '2020-05-14 00:00:00', 725),
('4EME', 'Physique chimie', 'Lois des intensités', 'Intensité ', 'Frédéric Bonnet', '2020-05-14 00:00:00', 724),
('4EME', 'Physique chimie', 'Intensité - début du cours', 'Intensité ', 'Frédéric Bonnet', '2020-05-14 00:00:00', 723),
('3EME', 'Physique chimie', 'Energie cinétique, de position', 'Energie', 'Frédéric Bonnet', '2020-05-14 00:00:00', 722),
('3EME', 'Français', 'Vérifier sa compréhension de la lecture d\'Antigone de J. Anouilh.', 'Antigone', 'Rachel', '2020-05-14 00:00:00', 721),
('3EME', 'Français', 'Vérifier sa conjugaison du subjonctif présent et passé', 'Subjonctif', 'Rachel', '2020-05-14 00:00:00', 720),
('2NDE', 'Sciences numériques et technologie  ', 'le Web', 'Web', 'christian.chevalier', '2020-05-14 00:00:00', 719),
('2NDE', 'Histoire géographie', 'QCM - Modèle britannique et son influence', 'Modèle, britannique', 'Bilaey Mickaël LFIB', '2020-05-14 00:00:00', 718),
('4EME', 'Histoire géographie', 'QCM - Découverte du continent africain', 'Afrique', 'Bilaey Mickaël LFIB', '2020-05-14 00:00:00', 717),
('4EME', 'Enseignement moral et civique', 'QCM - Les principes de la justice', 'Justice', 'Bilaey Mickaël LFIB', '2020-05-14 00:00:00', 716),
('2NDE', 'Histoire géographie', 'QCM - Introduction aux mobilités généralisées', 'Mobilités, Migrations', 'Bilaey Mickaël LFIB', '2020-05-14 00:00:00', 715),
('4EME', 'Histoire géographie', 'QCM - Conquêtes et sociétés coloniales', 'colonisation', 'Bilaey Mickaël LFIB', '2020-05-14 00:00:00', 714),
('TERMINALE', 'Mathématiques', 'représentations paramétriques de droites dans l\'espace', 'représentation paramétrique, droites, espace', 'CADIRAN', '2020-05-14 00:00:00', 713),
('TERMINALE', 'Mathématiques', 'loi normale', 'loi normale', 'CADIRAN', '2020-05-14 00:00:00', 712),
('TERMINALE', 'Mathématiques', 'loi normale', 'loi normale', 'CADIRAN', '2020-05-14 00:00:00', 711),
('TERMINALE', 'Mathématiques', 'loi normale', 'loi normale', 'CADIRAN', '2020-05-14 00:00:00', 710),
('TERMINALE', 'Mathématiques', 'lois à densité,  intégrales, primitive', 'lois , densité, intégrales, primitive', 'CADIRAN', '2020-05-14 00:00:00', 709),
('TERMINALE', 'Mathématiques', 'lois à densité', 'lois , densité', 'CADIRAN', '2020-05-14 00:00:00', 708),
('TERMINALE', 'Mathématiques', 'primitives, intégrales', 'primitives, intégrales', 'CADIRAN', '2020-05-14 00:00:00', 707),
('TERMINALE', 'Mathématiques', 'primitives, intégrales', 'primitives, intégrales', 'CADIRAN', '2020-05-14 00:00:00', 706),
('TERMINALE', 'Mathématiques', 'primitives, intégrales', 'primitives, intégrales', 'CADIRAN', '2020-05-14 00:00:00', 705),
('TERMINALE', 'Mathématiques', 'primitives, intégrales', 'primitives, intégrales', 'CADIRAN', '2020-05-14 00:00:00', 704),
('TERMINALE', 'Mathématiques', 'suites', 'suites', 'CADIRAN', '2020-05-14 00:00:00', 703),
('TERMINALE', 'Mathématiques', 'taux, taux d\'évolution, indices', 'taux, taux d\'évolution, indices', 'CADIRAN', '2020-05-14 00:00:00', 702),
('TERMINALE', 'Mathématiques', 'loi normale', 'loi normale', 'CADIRAN', '2020-05-14 00:00:00', 701),
('TERMINALE', 'Mathématiques', 'loi normale', 'loi normale', 'CADIRAN', '2020-05-14 00:00:00', 700),
('TERMINALE', 'Mathématiques', 'dérivées', 'dérivées', 'CADIRAN', '2020-05-14 00:00:00', 699),
('TERMINALE', 'Mathématiques', 'probabilités', 'probabilités', 'CADIRAN', '2020-05-14 00:00:00', 698),
('1ERE', 'Mathématiques', 'équations de cercles', 'équations de cercles', 'CADIRAN', '2020-05-14 00:00:00', 697),
('4EME', 'Arts plastiques', 'Références artistiques avec le clip vidéo de \"Hold your horses\".', 'tableau, vivant, déguisement, ', 'Mallory Bernard', '2020-05-14 00:00:00', 696),
('1ERE', 'Mathématiques', 'équations de droites', 'équations de droites', 'CADIRAN', '2020-05-14 00:00:00', 695),
('1ERE', 'Mathématiques', 'équations de droites', 'équations de droites', 'CADIRAN', '2020-05-14 00:00:00', 694),
('3EME', 'Arts plastiques', 'Questionnaire suite à la vidéo de Cyprien et Norman', 'musée, cyprien', 'Mallory Bernard', '2020-05-14 00:00:00', 693),
('1ERE', 'Mathématiques', 'second degré, tangentes', 'second degré, tangentes', 'CADIRAN', '2020-05-14 00:00:00', 692),
('1ERE', 'Mathématiques', 'produit scalaire, exponentielle', 'produit scalaire, exponentielle', 'CADIRAN', '2020-05-14 00:00:00', 691),
('5EME', 'Arts plastiques', 'Petit questionnaire sur un mini-reportage sur Frida Kahlo', 'Frida, Kahlo, ', 'Mallory Bernard', '2020-05-14 00:00:00', 690),
('1ERE', 'Mathématiques', 'exponentielle', 'exponentielle', 'CADIRAN', '2020-05-14 00:00:00', 689),
('1ERE', 'Mathématiques', 'Produit scalire', 'Produit scalaire', 'CADIRAN', '2020-05-14 00:00:00', 688),
('5EME', 'Physique chimie', 'branchement lampe et vocabulaire', 'électricité', 'KE', '2020-05-14 00:00:00', 687),
('5EME', 'Physique chimie', 'vocabulaire', 'électricité', 'KE', '2020-05-14 00:00:00', 686),
('6EME', 'Physique chimie', 'vocabulaire sur les mélanges', 'mélanges', 'KE', '2020-05-14 00:00:00', 685),
('2NDE', 'Génie électrique', 'adresse IP partie hôte partie réseau', 'adresse IP ', 'poisson', '2020-05-14 00:00:00', 684),
('6EME', 'Technologie', 'Les propriétés des matériaux', 'matériaux, propriétés', 'Clg Jaurès Peyrolles', '2020-05-14 00:00:00', 683),
('5EME', 'Technologie', 'Découverte d\'une éolienne. \nQuestionnaire sur la vidéo : https://www.youtube.com/watch?v=zqc1GfOn1a8', 'éolienne, énergie', 'Clg Jaurès Peyrolles', '2020-05-14 00:00:00', 682),
('3EME', 'Technologie', 'Les réseaux informatiques 3ème partie : Wifi et internet. \nQuestionnaire sur le diaporama diapo 47 à la fin  : https://docs.google.com/presentation/d/1quJv9QpqZcAWONBnfat8K4v3jYscX5jAEVLhjAHmHG0/edit#slide=id.g4095d98b4d_0_127', 'réseaux, communication', 'Clg Jaurès Peyrolles', '2020-05-14 00:00:00', 681),
('3EME', 'Technologie', 'Les réseaux informatiques 2ème partie : communication entre deux ordinateurs. \nQuestionnaire sur le diaporama diapo 23 à 46 : https://docs.google.com/presentation/d/1quJv9QpqZcAWONBnfat8K4v3jYscX5jAEVLhjAHmHG0/edit#slide=id.g4095d98b4d_0_127', 'réseaux, communication', 'Clg Jaurès Peyrolles', '2020-05-14 00:00:00', 680),
('3EME', 'Technologie', 'Les réseaux informatiques 1ère partie : structure d\'un réseau domestique et du réseau du collège.\nQuestionnaire sur le diaporama : https://docs.google.com/presentation/d/1quJv9QpqZcAWONBnfat8K4v3jYscX5jAEVLhjAHmHG0/edit#slide=id.g4095d98b4d_0_127', 'réseaux, communication', 'Clg Jaurès Peyrolles', '2020-05-14 00:00:00', 679),
('3EME', 'Technologie', 'La consommation du web : Les photons en renfort des électrons. Questionnaire sur la vidéo : http://www.cea.fr/multimedia/Pages/videos/activites-du-cea/journal-video-du-cea/Cest-a-venir/transmission-donnees-photons-renfort-electrons.aspx', 'internet, web, consommation, data center, transmission', 'Clg Jaurès Peyrolles', '2020-05-14 00:00:00', 678),
('3EME', 'Technologie', 'La consommation du web : Cliquer c\'est polluer. Questionnaire sur la vidéo : https://www.lumni.fr/video/cliquer-c-est-polluer', 'internet, web, pollution, consommation', 'Clg Jaurès Peyrolles', '2020-05-14 00:00:00', 677),
('4EME', 'Physique chimie', 'Les actions mécaniques', 'Actions mécaniques', 'PORRE Lionel', '2020-05-14 00:00:00', 676),
('6EME', 'Physique chimie', 'Conditions de vie et place de la Terre dans le système solaire et dans l\'Univers', 'Terre, univers, système solaire', 'Armelle GRU', '2020-05-13 00:00:00', 675),
('3EME', 'Sciences de la vie et de la terre', 'QCM de révision sur la génétique en 3eme', 'génétique, gène, allèle', 'VAYSSETTES', '2020-05-13 00:00:00', 674),
('3EME', 'Mathématiques', 'équations simples, produit, carrées, pbl', 'équations', 'SC', '2020-05-13 00:00:00', 673),
('3EME', 'Mathématiques', 'équations simples, produit, carrées, pbl', 'équations', 'SC', '2020-05-13 00:00:00', 672),
('4EME', 'Latin', 'A partir de la vidéo TV 5 monde de 6 min sur les Gaulois', 'Gaulois et Romains', 'Patricia CHAVANNE', '2020-05-13 00:00:00', 671),
('4EME', 'Lettres', 'A partir de la vidéo TV 5 monde de 6 min sur les Gaulois', 'Gaulois et Romains', 'Patricia CHAVANNE', '2020-05-13 00:00:00', 670),
('6EME', 'Mathématiques', 'QCM de 10 questions sur les notions de médiatrice et de symétrie axiale.', 'médiatrice, symétrie, symétrie axiale', 'Fabien Goupil', '2020-05-13 00:00:00', 669),
('6EME', 'Mathématiques', 'QCM de 10 questions portant sur le chapitre Périmètres et aires.', 'périmètre, aire', 'Fabien Goupil', '2020-05-13 00:00:00', 668),
('4EME', 'Langue vivante', 'Compréhension de l\'écrit', 'arabe, héros, amoureux, poète', 'Faissal KIDOUCH', '2020-05-13 00:00:00', 667),
('6EME', 'Education physique et sportive', 'Connaître le vocabulaire en escalade', 'Escalade ', 'Virginie', '2020-05-13 00:00:00', 666),
('3EME', 'Allemand', 'Geld ist für mich...\nhttps://learngerman.dw.com/fr/geld-ist-f%C3%BCr-mich/l-50576167\nRegarder la vidéo et faire les exercices en ligne auparavant\nQuizlet correspondant:\nhttps://quizlet.com/505487946/geld-ist-fur-mich-a2-flash-cards/', 'argent A2 Nicos Weg', 'Edit ROGGE-SOLTI', '2020-05-13 00:00:00', 665),
('3EME', 'Mathématiques', 'trigonométrie', 'trigonometrie', 'alamidey', '2020-05-13 00:00:00', 664),
('1ERE', 'Sciences de la vie et de la terre', 'structure du globe 10 questions', 'Spé 1ere dynamique interne ', 'nmah', '2020-05-13 00:00:00', 663),
('1ERE', 'Sciences de la vie et de la terre', '10 questions', 'immunité innée', 'nmah', '2020-05-13 00:00:00', 662),
('2NDE', 'Sciences de la vie et de la terre', '11 questions - 40 minutes', 'cerveau plaisir et sexualité', 'nmah', '2020-05-13 00:00:00', 661),
('6EME', 'Mathématiques', 'Reconnaître des polygones usuels\nAire d\'un triangle, rectangle, carré, disque.\nConversion d\'unités d\'aire.\n', 'Aire et unité d\'aire', 'BESNARD', '2020-05-13 00:00:00', 660),
('6EME', 'Mathématiques', 'Reconnaître des polygones usuels\nAire d\'un triangle, rectangle, carré, disque.\nConversion d\'unités d\'aire.\n', 'Aire et unité d\'aire', 'BESNARD', '2020-05-13 00:00:00', 659),
('5EME', 'Technologie', 'A l\'aide de la video bio-habitat, répondre aux différentes questions.', 'Bio-habitat', 'I.LOPPIN', '2020-05-13 00:00:00', 658),
('5EME', 'Technologie', 'Identifier les différents types de plan avec les images données ou les définitions.', 'Identifier les différents types de plans', 'I.LOPPIN', '2020-05-13 00:00:00', 657),
('5EME', 'Technologie', 'Donner la fonction de chaque élément de la maison', 'Les éléments constituant la maison et leurs fonctions', 'I.LOPPIN', '2020-05-13 00:00:00', 656),
('6EME', 'Technologie', 'Les périphériques entrée /sortie , les éléments qui composent la tour et l\'ordinateur.', 'ordinateurs et périphériques 2', 'I.LOPPIN', '2020-05-13 00:00:00', 655),
('6EME', 'Technologie', 'Les périphériques entrée /sortie , les éléments qui composent la tour et l\'ordinateur.', 'ordinateurs et périphériques 1', 'I.LOPPIN', '2020-05-13 00:00:00', 654),
('CAP2', 'Physique chimie', 'Le poids et la masse ; différence entre les deux, relation.', 'Poids, masse', 'guillaume Belleville', '2020-05-13 00:00:00', 653),
('6EME', 'Technologie', 'Identification des touches du clavier et leur fonction', 'CLAVIER', 'I.LOPPIN', '2020-05-13 00:00:00', 652),
('CAP1', 'Physique chimie', 'Les différent types d\'actions mécaniques : répartie, localisée, de contact, à distance', 'Actions, mécanique', 'guillaume Belleville', '2020-05-13 00:00:00', 651),
('5EME', 'Mathématiques', 'tableaux, quatrième proportionnelle, pourcentages, échelles', 'proportionnalité', 'EDOUARD', '2020-05-13 00:00:00', 650),
('5EME', 'Mathématiques', 'tableaux, quatrième proportionnelle, pourcentages, échelles', 'proportionnalité', 'EDOUARD', '2020-05-13 00:00:00', 649),
('5EME', 'Mathématiques', 'Les parallélogrammes:  les propriétés ', 'Parallélogrammes ', 'philippe.roger@ac-amiens.fr', '2020-05-13 00:00:00', 648),
('TERMINALE', 'Mathématiques', 'Synthèse Loi exponentielle', 'Loi exponentielle', 'Boishult', '2020-05-13 00:00:00', 647),
('TERMINALE', 'Mathématiques', 'Synthèse sur la loi normale', 'Loi normale', 'Boishult', '2020-05-13 00:00:00', 646),
('5EME', 'Mathématiques', 'Propriétés des parallélogrammes. Calcul des longueurs. Vocabulaire. ', 'Parallelogramme', 'Hein van der Ploeg', '2020-05-13 00:00:00', 645),
('4EME', 'Mathématiques', 'Expression littérale ', 'Expression littérale ', 'Roger philippe', '2020-05-13 00:00:00', 644),
('6EME', 'Mathématiques', 'Définition, vocabulaire, Prendre une fraction d\'une quantité. Écriture décimale. Fractions décimales. Placer des fractions sur un axe gradué. ', 'Fractions, fractions décimales', 'Hein van der Ploeg', '2020-05-13 00:00:00', 643),
('4EME', 'Mathématiques', 'Expression littérale ', 'Expression littérale ', 'Roger philippe', '2020-05-13 00:00:00', 642),
('4EME', 'Mathématiques', 'Expression littérale ', 'Expression littérale ', 'Roger philippe', '2020-05-13 00:00:00', 641),
('4EME', 'Mathématiques', 'Expression littérale ', 'Expression littérale ', 'Roger philippe', '2020-05-13 00:00:00', 640),
('4EME', 'Mathématiques', 'Expression littérale ', 'Expression littérale ', 'Roger philippe', '2020-05-13 00:00:00', 639),
('TERMINALE', 'Agromonie', 'Validation des points clés du cours en ligne donné par l\'association Maraîchage sur Sols Vivants', 'sol, terre, vers, fertilité', 'A.POLLET', '2020-05-13 00:00:00', 638),
('2NDE', 'Physique chimie', 'questions de cours', 'son', 'Metzger', '2020-05-13 00:00:00', 637),
('4EME', 'Mathématiques', '3 questions de calcul de puissances de 10 \n3 questions sur les écritures scientifiques', 'puissances, écritures scientifiques', 'Lécluse', '2020-05-13 00:00:00', 636),
('1ERE', 'Anglais', 'révision/test sur la séquence + thème travail, preterit, must', 'BPRO -teens at work - Matchpoint - U5 - preterit - must', 'RIVAUX CAROLE', '2020-05-13 00:00:00', 635),
('1ERE', 'Anglais', 'révision des nombres et données chiffrées pour parler de personnes et événements (récents)', 'BPRO -data - numbers - events - people - Tip Top - U3', 'RIVAUX CAROLE', '2020-05-13 00:00:00', 634),
('1ERE', 'Anglais', 'révision des verbes en contexte : engagement and civil rights', 'BPRO - civil rights - engagement - verbes irréguliers - Matchpoint - U20', 'RIVAUX CAROLE', '2020-05-13 00:00:00', 633),
('2NDE', 'Anglais', 'révision des verbes en contexte sportif', 'BPRO - sports - verbes irréguliers - New very Good Trip - U4', 'RIVAUX CAROLE', '2020-05-13 00:00:00', 632),
('CAP1', 'Anglais', 'compréhension et vocabulaire autour de Manhattan', 'vocabulaire- Manhattan- tourism - active learning - U2', 'RIVAUX CAROLE', '2020-05-13 00:00:00', 631),
('1ERE', 'Physique chimie', 'QCM bilan sur la lumière, les OEM et les niveaux d\'énergie', 'photon, lumière, onde, modèle', 'pMaisin', '2020-05-13 00:00:00', 630),
('4EME', 'Mathématiques', 'Opérations et fractions', 'Fractions , addition, soustraction, priorités', 'D.MEUNIER', '2020-05-13 00:00:00', 629),
('4EME', 'Mathématiques', 'Ajouter et soustraire des fractions révisions de 5ème', 'fractions, addition, soustraction', 'D.MEUNIER', '2020-05-13 00:00:00', 628),
('3EME', 'Mathématiques', 'A partir du graphique, déterminer une image, l\'ordonnée à l\'origine, la pente, la bonne formule.', 'Fonctions affines lectures graphiques ', 'D.MEUNIER', '2020-05-13 00:00:00', 627),
('4EME', 'Anglais', 'qcm de 4eme sur Scotland  Yard et police investigation', 'Scotland Yard', 'valerie', '2020-05-13 00:00:00', 626),
('3EME', 'Mathématiques', '5 questions notions de bases', 'fonctions affines - formule - image - antécédent', 'D.MEUNIER', '2020-05-13 00:00:00', 625),
('5EME', 'Sciences de la vie et de la terre', 'Chapitre portant sur la digestion', 'Digestion', 'F. Maillard', '2020-05-13 00:00:00', 624),
('6EME', 'Physique chimie', 'Chapitre portant sur les mouvements, description d\'un mouvement, calcul de vitesse, variations de vitesse', 'mouvements-vitesse', 'F. Maillard', '2020-05-13 00:00:00', 623),
('4EME', 'Français', 'Quiz de 8 questions sur la nouvelle \"la Morte\" de Guy de Maupassant', 'fantastique maupassant morte nouvelle', 'aroberge', '2020-05-13 00:00:00', 622),
('3EME', 'Sciences de la vie et de la terre', 'Microbes, contamination, infection', 'Immunologie', 'SOUYRI', '2020-05-13 00:00:00', 621),
('4EME', 'Sciences de la vie et de la terre', 'Bilan leçon conception bébé', 'Reproduction', 'SOUYRI', '2020-05-13 00:00:00', 620),
('5EME', 'Sciences de la vie et de la terre', 'Bilan leçon sur les mécanismes de la digestion humaine', 'digestion', 'SOUYRI', '2020-05-13 00:00:00', 619),
('3EME', 'Enseignement moral et civique', 'QCM de positionnement sur les grands textes internationaux et les valeurs associées', 'Textes de référence', 'Sébastien Giacomazzi', '2020-05-13 00:00:00', 618),
('5EME', 'Histoire géographie', 'QCM de révision sur les repères de géographie début 5ème', 'Repères spatiaux', 'Sébastien Giacomazzi', '2020-05-13 00:00:00', 617),
('4EME', 'Français', 'Vérifier l\'acquisition du vocabulaire du théâtre', 'vocabulaire, théâtre', 'Demeestère', '2020-05-13 00:00:00', 616),
('4EME', 'Français', 'Reconnaître les types de phrases dans Le Cid', 'types, phrases, Cid', 'Demeestère', '2020-05-13 00:00:00', 615),
('3EME', 'Histoire géographie', 'QCM sur les années 30 en Europe, montée du nazisme, URSS stalinienne et front populaire', 'Années 30, Allemagne nazie, URSS, Staline, Front populaire', 'Sébastien Giacomazzi', '2020-05-13 00:00:00', 614),
('4EME', 'Français', 'Reconnaître les verbes transitifs, intransitifs, attributifs', 'construction, verbes', 'Demeestère', '2020-05-13 00:00:00', 613),
('3EME', 'Français', 'Reconnaître les valeurs du présent', 'valeurs, présent', 'Demeestère', '2020-05-13 00:00:00', 612),
('5EME', 'Histoire géographie', 'QCM lié à la 2ème partie du programme d\'histoire - classe de 5eme - Sociétés, Eglise et construction de l\'Etat ', 'Société féodale, Eglise, construction de l\'Etat royal', 'Sébastien Giacomazzi', '2020-05-13 00:00:00', 611),
('4EME', 'Français', 'Vérifier sa lecture du Cid', 'lecture, Le Cid', 'Demeestère', '2020-05-13 00:00:00', 610),
('5EME', 'Histoire géographie', 'QCM sur la 1ère partie du programme de 5ème : empire byzantin, empire carolingien et monde musulman', 'L\'empire byzantin, l\'empire carolingien, le monde musulman, l\'Islam', 'Sébastien Giacomazzi', '2020-05-13 00:00:00', 609),
('2NDE', 'Allemand', 'QCM de CE sur la page d\'introduction au chapitre 7 dans Fantastisch 2e (Neonyt Trade Fair), travail préparatoire à la séquence', 'Axe 4, Mode, Neonyt, Einstieg', 'Almuth  Bassier', '2020-05-13 00:00:00', 608),
('6EME', 'Histoire géographie', 'QCM sur la 3ème partie du programme, l\'empire romain et les débuts du christianisme', 'Rome, l\'empire romain, le christianisme', 'Sébastien Giacomazzi', '2020-05-13 00:00:00', 607),
('6EME', 'Histoire géographie', 'QCM sur la 2ème partie du programme La Grèce antique, Les Hébreux, les débuts du monde romain', 'Grèce, Hébreux, les débuts de Rome', 'Sébastien Giacomazzi', '2020-05-13 00:00:00', 606),
('4EME', 'Mathématiques', 'Calcul de fréquence,  moyenne, médiane, étendue', 'Statistiques', 'FEUFEU', '2020-05-13 00:00:00', 605),
('6EME', 'Histoire géographie', 'QCM sur la 1ère partie du programme des débuts de l\'humanité aux premières civilisations', 'Débuts de l\'humanité, premières civilisations', 'Sébastien Giacomazzi', '2020-05-13 00:00:00', 604),
('4EME', 'Physique chimie', 'QCM sur les interactions et les mouvements', 'forces interactions mouvements mecanique', 'COLLY Jean-François', '2020-05-13 00:00:00', 603),
('5EME', 'Physique chimie', 'Bilan sur les propriété macroscopiques de la matière dans ses différents états et modèles moléculaire associés', 'organisation matière', 'kheissat', '2020-05-13 00:00:00', 602),
('4EME', 'Physique chimie', 'L\'intensité du courant, notation, unité, conversions, réglage et branchement de l\'ampèremètre.', 'Intensité du courant, unité, mesure', 'kheissat', '2020-05-13 00:00:00', 601),
('6EME', 'Mathématiques', 'Division Euclidienne, Division décimale, Problèmes', 'Division', 'C.A.', '2020-05-13 00:00:00', 600),
('3EME', 'Mathématiques', 'Calcul littéral', 'Calcul Littéral', 'C.A.', '2020-05-13 00:00:00', 599),
('2NDE', 'Allemand', 'CO (vidéo) Fast fashion (mode \"jetable\"), en comparaison avec la mode durable (nachhaltige Mode) présenté dans le manuel Fantastisch chap.7', 'Axe 4, Mode, Fast Fashion', 'Almuth  Bassier', '2020-05-13 00:00:00', 597),
('1ERE', 'Français', 'bilan cours', 'Frankenstein roman de SF', 'HFaure', '2020-05-13 00:00:00', 596),
('1ERE', 'Français', 'quiz lecture', 'Frankenstein ', 'HFaure', '2020-05-13 00:00:00', 595),
('3EME', 'Mathématiques', 'Homothétie', 'Homothétie 1er niveau', 'Merle Nicolas', '2020-05-13 00:00:00', 594),
('4EME', 'Mathématiques', 'Résolutions d\'équations avec balances', 'Résolutions d\'équations avec balances', 'Merle Nicolas', '2020-05-13 00:00:00', 593),
('4EME', 'Mathématiques', 'Statistiques, moyenne, médiane, étendue, graphiques', 'Statistiques', 'Merle Nicolas', '2020-05-13 00:00:00', 592),
('4EME', 'Mathématiques', 'Théorème de Pythagore', 'Théorème de Pythagore', 'Merle Nicolas', '2020-05-13 00:00:00', 591),
('4EME', 'Mathématiques', 'Résolution d\'équations et mise en équations 1er niveau', 'Résolution d\'équations et mise en équations', 'Merle Nicolas', '2020-05-13 00:00:00', 590),
('4EME', 'Mathématiques', 'Divisions de fractions', 'Divisions de fractions', 'Merle Nicolas', '2020-05-13 00:00:00', 589),
('3EME', 'Mathématiques', 'Repérage dans le plan ou sur une sphère', 'Repérage dans le plan ou sur une sphère', 'Merle Nicolas', '2020-05-13 00:00:00', 588),
('3EME', 'Mathématiques', 'Cosinus-Sinus-Tangente', 'Trigonométrie', 'Merle Nicolas', '2020-05-13 00:00:00', 587),
('5EME', 'Sciences de la vie et de la terre', 'comprendre les cycles féminins, en utilisant le manuel BELIN cycle4', 'cycle féminin et règles', 'GUIGNARD', '2020-05-13 00:00:00', 586),
('BTS1', 'Informatique', 'Test connaissances IPV6', 'IPV6', 'Laffargue', '2020-05-13 00:00:00', 585),
('BTS1', 'Informatique', 'Test connaissances IPV4', 'IPV4', 'Laffargue', '2020-05-13 00:00:00', 584),
('5EME', 'Sciences de la vie et de la terre', 'retrouvez les légendes des schémas des appareils reproducteurs, en utilisant le manuel BELIN cycle4', 'appareil reproducteur', 'GUIGNARD', '2020-05-13 00:00:00', 583),
('4EME', 'Sciences de la vie et de la terre', 'QCM qui se base sur une vidéo très courte de YouTube (lien inscrit dans la première question)', 'cerveau, neurones', 'GUIGNARD', '2020-05-13 00:00:00', 582),
('4EME', 'Sciences de la vie et de la terre', 'QCM qui se base sur une vidéo très courte de YouTube (lien inscrit dans la première question)', 'cerveau, neurones', 'GUIGNARD', '2020-05-13 00:00:00', 581),
('4EME', 'Histoire géographie', 'suffrage censitaire, universel masculin, ...', 'français et vote de 1814 à 1870', 'bruno plougastel', '2020-05-13 00:00:00', 580),
('5EME', 'Physique chimie', 'sources de lumière, propagation', 'La lumière', 'veyssiere', '2020-05-13 00:00:00', 579),
('5EME', 'Mathématiques', 'angles et droites parallèles ;calculs d\'angles dans les triangles ;reconnaître un tableau de proportionnalité ;calculer une quatrième proportionnelle', 'Angles Triangles Proportionnalité', 'Nathalie Pariat', '2020-05-13 00:00:00', 578),
('4EME', 'Histoire géographie', 'mise en place, institutions, réformes, crises ', 'troisième République', 'bruno plougastel', '2020-05-13 00:00:00', 577),
('4EME', 'Mathématiques', 'calculs fractionnaires divers et résolution de problèmeVocabulaires de solides et calculs de volumes, aires latéralesStatistiques niveau 5ème', 'fractions solides volumes moyenne', 'Nathalie Pariat', '2020-05-13 00:00:00', 576),
('3EME', 'Mathématiques', 'applications des rapports trigonométriques aux calculs d\'angle ou de longueur ;développement de distributivité double et identités remarquables', 'trigonométrie développements', 'Nathalie Pariat', '2020-05-13 00:00:00', 575),
('3EME', 'Technologie', 'La consommation du webInternet pollue-t-il ? Questionnaire sur la vidéohttps://www.lumni.fr/video/internet-ne-pollue-pas  ', 'internet, web, pollution, consommation', 'Clg Jaurès Peyrolles', '2020-05-13 00:00:00', 572),
('3EME', 'Technologie', 'QCM  ( algorithme, programme, organisation d\'écriture d\'un programme))', 'La programmation', 'NOMERTIN', '2020-05-13 00:00:00', 571),
('4EME', 'Technologie', 'QCM  ( capteur, actionneur et fonction technique)', 'La chaîne d\'information', 'NOMERTIN', '2020-05-13 00:00:00', 570),
('4EME', 'Allemand', 'après avoir fait des exercices en ligne - contrôle niveau A2', 'ar', 'Edit ROGGE-SOLTI', '2020-05-13 00:00:00', 569),
('4EME', 'Allemand', 'après avoir fait des exercices en ligne - contrôle niveau A2', 'argent de poche', 'Edit ROGGE-SOLTI', '2020-05-13 00:00:00', 568),
('4EME', 'Technologie', 'QCM  ( associer les différents blocs à un élément)', 'Les chaînes d\'énergie et d\'information', 'NOMERTIN', '2020-05-13 00:00:00', 567),
('5EME', 'Allemand', 'premiers pas de Nico en Allemagne ', 'Nicos Weg DW', 'Edit ROGGE-SOLTI', '2020-05-13 00:00:00', 566),
('5EME', 'Allemand', 'premiers pas de Nico en Allemagne ', 'Nicos Weg DW', 'Edit ROGGE-SOLTI', '2020-05-13 00:00:00', 564),
('5EME', 'Technologie', 'QCM les ponts ( types, matériaux...)', 'Les ponts', 'NOMERTIN', '2020-05-13 00:00:00', 563),
('6EME', 'Technologie', 'QCM complet sur le thème des énergies cycle 3 ( forme, chaîne...)', 'Energie', 'NOMERTIN', '2020-05-13 00:00:00', 562),
('6EME', 'Allemand', 'pour une chanson en vidéo', 'débutants jours de la semaine,', 'Edit ROGGE-SOLTI', '2020-05-13 00:00:00', 561),
('1ERE', 'Sciences de la vie et de la terre', '20 questions sur la dynamique de la lithosphère en 1ère', 'Géologie; lithosphère; divergence; collision', 'jbrun', '2020-05-13 00:00:00', 560),
('1ERE', 'Sciences de la vie et de la terre', '20 questions sur la dynamique de la lithosphère en 1ère', 'Géologie; lithosphère; divergence; collision', 'jbrun', '2020-05-13 00:00:00', 559),
('4EME', 'Français', 'Test de lecture de la nouvelle Mademoiselle Perle de MAUPASSANT', 'lecture;maupassant', 'K. Favrot', '2020-05-13 00:00:00', 558),
('2NDE', 'Sciences de la vie et de la terre', '20 questions sur le thème procréation - corps humain et santé', 'procréation humaine', 'jbrun', '2020-05-13 00:00:00', 557),
('2NDE', 'Histoire géographie', 'Identifier les périodes historiques et se repérer dans les siècles', 'Siècle, périodes historiques', 'csizaret', '2020-05-13 00:00:00', 556),
('2NDE', 'Physique chimie', 'Bilan du chp sur les forces et le principe d\'inertie', 'caractéristiques, force, inertie, vecteur', 'P.Maisin', '2020-05-13 00:00:00', 555),
('5EME', 'Allemand', 'recherche dans le cahier pour des élèves en première année d\'allemand', 'débutants ', 'Edit ROGGE-SOLTI', '2020-05-13 00:00:00', 554),
('6EME', 'Français', 'Dix questions basiques sur les grands mythes de la Création (La Genèse, Prométhée...)', 'Mythe, Récit de création', 'ProfBrassens', '2020-05-13 00:00:00', 553),
('4EME', 'Mathématiques', 'Simplifier une expression littérale', '-', 'Roger philippe', '2020-05-13 00:00:00', 552),
('3EME', 'Mathématiques', 'trigonométrie-calculs', 'trigonométrie', 'C.B.', '2020-05-13 00:00:00', 551),
('3EME', 'Mathématiques', 'trigo-vocabulaire-définitions', 'trigo - vocabulaire-définitions', 'C.B.', '2020-05-13 00:00:00', 550),
('6EME', 'Mathématiques', 'conversions unités de longueur', 'conversions unités de longueur', 'C.B.', '2020-05-13 00:00:00', 549),
('6EME', 'Mathématiques', 'conversion de longueur et périmètres', 'périmètre', 'Claudia Belin', '2020-05-13 00:00:00', 548),
('6EME', 'Mathématiques', 'périmètres', 'périmètres', 'Sophie ROUSSEAU', '2020-05-13 00:00:00', 546),
('4EME', 'Mathématiques', 'puissances', 'puissances', 'Sophie ROUSSEAU', '2020-05-13 00:00:00', 545),
('3EME', 'Education physique et sportive', 'sauvons les JO de 2021', 'critique du Genially', 'Petit', '2020-05-13 00:00:00', 543),
('5EME', 'Education musicale', 'questions sur la chanson au Moyen Age', 'Moyen Age/', 'GENIN', '2020-05-13 00:00:00', 542),
('6EME', 'Technologie', 'Les périphériques en informatique', 'informatique périphériques', 'Stéphane MOAN', '2020-05-13 00:00:00', 541),
('3EME', 'Technologie', 'Bilan étude des systèmes automatisés', 'automatisme', 'Stéphane MOAN', '2020-05-13 00:00:00', 540),
('6EME', 'Français', 'Lecture d\'un document pour découvrir les \"papas\" d\'Astérix et Obélix.', 'BD, Astérix, Uderzo, Goscinny', 'CB', '2020-05-13 00:00:00', 539),
('6EME', 'Français', 'Lecture d\'une planche de BD \"Astérix aux jeux olympiques\"', 'BD, Astérix', 'CB', '2020-05-13 00:00:00', 538),
('1ERE', 'Sciences de la vie et de la terre', 'QCM bilan sur la dynamique des zones de divergence en 1ère spécialité', 'Divergence', 'valerie.mouton1', '2020-05-12 00:00:00', 537),
('2NDE', 'Mathématiques', 'trouver expression, sens de variations, signe', 'fonctions affines', 'goulard brigitte', '2020-05-12 00:00:00', 536),
('1ERE', 'Français', 'Test de révision simple sur les objets d\'étude grammaticaux aux EAF', 'grammaire ', 'fabrice granier ', '2020-05-12 00:00:00', 535),
('1ERE', 'Sciences de la vie et de la terre', '24 questions 1 seule réponse par question', 'immunité adaptative et innée', 'WATRELOT', '2020-05-12 00:00:00', 534),
('3EME', 'Physique chimie', 'Evaluation formative', 'Mouvement', 'prophys', '2020-05-12 00:00:00', 532),
('BTS1', 'Technologie', 'Introduction aux chapitre sur les matériaux avec les BTS TC', 'Sciences de l\'ingenieur - Matériaux', 'Mélinda PIAUD', '2020-05-12 00:00:00', 529),
('2NDE', 'Sciences de la vie et de la terre', 'microorganismes et santé', 'microorganismes', 'Solène Robert', '2020-05-12 00:00:00', 528),
('TERMINALE', 'Comptabilité', 'Elaboration et enregistrement des factures de doit (avec remise et TVA)', 'Facture;doit', 'CCloerec', '2020-05-12 00:00:00', 527),
('4EME', 'Anglais', 'Watch the video of the Red velvet cupcakes recipe at https://www.youtube.com/watch?v=Y78RXjEsn04  . Show you understand.', 'recipe, French to English expressions, red velvet cupcake', 'Delphine Darrieumerlou', '2020-05-12 00:00:00', 526),
('6EME', 'Anglais', 'Pour réviser le présent simple', 'verbes présent simple', 'Isabelle M', '2020-05-12 00:00:00', 525),
('2NDE', 'Technologie', 'Technologie des textilesRévision des matières d\'oeuvre, du sens de la matière d\'oeuvre et du code d’entretien', 'textile, textiles, matière d\'oeuvre, code d\'entretien', 'Fanny LOPICO', '2020-05-12 00:00:00', 524),
('2NDE', 'Génie industriel', 'LA CONCEPTION : révision de quelques notions apprissent en 2nd BAC PRO MMV', 'conception, patron, patronnage, coupe à plat, métier de la mode', 'Fanny LOPICO', '2020-05-12 00:00:00', 523),
('2NDE', 'Technologie', 'Technologie des textilesRévision du tissage et des armures', 'textile, textiles, le tissage, les armures, l\'armure toile, l\'armure sergé, l\'armure satin', 'LOPICO', '2020-05-12 00:00:00', 521),
('1ERE', 'Anglais', 'Promoting diversity (about charities)', 'ETLV STMG', 'Agnès Rozier', '2020-05-12 00:00:00', 520),
('6EME', 'Education musicale', 'Pour découvrir les contre ténors, le baroque avec humour', 'Purcell', 'Françoise Bialet', '2020-05-12 00:00:00', 519),
('6EME', 'Education musicale', '...', 'Saint Saëns', 'Françoise Bialet', '2020-05-12 00:00:00', 518),
('5EME', 'Anglais', 'Pour réviser les verbes de base au prétérit', 'prétérit, verbes de base', 'Isabelle M', '2020-05-12 00:00:00', 517),
('4EME', 'Education musicale', 'Pour débuter avec le Jazz', 'Jazz', 'Françoise Bialet', '2020-05-12 00:00:00', 516),
('6EME', 'Anglais', 'Pour réviser l\'heure en anglais', 'time, heure', 'Isabelle M', '2020-05-12 00:00:00', 515),
('6EME', 'Technologie', 'Le vélo et les différents matériaux ', 'Le vélo et les materiaux', 'medina', '2020-05-12 00:00:00', 514),
('3EME', 'Technologie', 'L\'éco-conception ', 'Eco-conception', 'medina', '2020-05-12 00:00:00', 513),
('3EME', 'Anglais', 'Choose the correct answer.', 'James Cook, Oceania', 'Delphine Darrieumerlou', '2020-05-12 00:00:00', 512),
('6EME', 'Anglais', 'Choose the correct answer.', 'feelings, adjectives, ', 'Delphine Darrieumerlou', '2020-05-12 00:00:00', 511),
('5EME', 'Anglais', 'Fill in the blanks with verbs in the past tense (regular and irregular verbs).', 'simple past, irregular verbs', 'Delphine Darrieumerlou', '2020-05-12 00:00:00', 510),
('3EME', 'Anglais', 'Fill in the blanks with irregular verbs in the simple past.', 'simple past, irregular verbs ', 'Delphine Darrieumerlou', '2020-05-12 00:00:00', 509),
('1ERE', 'Allemand', 'entraînement CE', 'CE Heimat Auswanderung', 'Michèle HOENEN', '2020-05-12 00:00:00', 508),
('6EME', 'Sciences', 'Quelques questions qui balaient la partie sur la matière ( surtout les mélanges )', 'Révisions matière', 'BRIEND', '2020-05-12 00:00:00', 507),
('4EME', 'Français', 'Reconnaître la rapport logique, identifier la classe grammaticale, mettre le verbe au subjonctif', 'cause, conséquence, but', 'D.DUPLOUY', '2020-05-12 00:00:00', 506),
('4EME', 'Anglais', 'A few basic facts about Jamaica', 'Jamaica', 'C Dufau', '2020-05-12 00:00:00', 505),
('1ERE', 'Allemand', 'continuité pédagogique', 'Heimat prétérit Nicos Weg', 'Michèle HOENEN', '2020-05-11 00:00:00', 504),
('5EME', 'Français', 'La légende du roi Arthur', 'Arthur', 'vle-nezet', '2020-05-11 00:00:00', 503),
('3EME', 'Espagnol', 'QCM impératif sur le thème de l\'environnement', 'Imperatif Medio ambiente', 'amace1', '2020-05-11 00:00:00', 502),
('1ERE', 'Anglais', 'Quiz based on the BBC video available here :https://www.bbc.com/news/av/52534657/coronavirus-why-do-i-need-to-be-tested', 'Coronavirus • test • immunity', 'Silvère Fuseau', '2020-05-11 00:00:00', 501),
('2NDE', 'Physique chimie', 'QCM en rapport avec la partie du programme \"Décrire un mouvement\"', 'mouvement ; vitesse ; radar ; référentiel', 'CHABRETOU', '2020-05-11 00:00:00', 500),
('6EME', 'Sciences', 'La consommation énergétique liée au smartphone', 'énergie', 'Val', '2020-05-11 00:00:00', 499),
('1ERE', 'Génie industriel', 'Révision sur la Vitesse de coupe et la fréquence de rotation', 'La cinématique de la coupe', 'Degremont sebastien', '2020-05-11 00:00:00', 498),
('1ERE', 'Génie industriel', 'Identifier et situer  une parcelle d\'un permis de construire via le site france cadastre', 'ANALYSER ', 'Degremont sebastien', '2020-05-11 00:00:00', 497),
('2NDE', 'Sciences de la vie et de la terre', 'QCM \"Micro-organismes pathogènes\"', 'maladies infectieuses', 'cloubatie', '2020-05-11 00:00:00', 496),
('2NDE', 'Sciences de la vie et de la terre', 'QCM \"Microbiote humain et santé\"', 'microbiote', 'cloubatie', '2020-05-11 00:00:00', 495),
('TERMINALE', 'Sciences de la vie et de la terre', 'QCM chapitre Commande réflexe des muscles', 'reflexe myotatique', 'cloubatie', '2020-05-11 00:00:00', 494),
('1ERE', 'Sciences de la vie et de la terre', 'QCM bilan sur structure et composition de la Terre en 1ère spé', 'structure et composition de la Terre', 'valerie.mouton1', '2020-05-11 00:00:00', 493),
('3EME', 'Physique chimie', 'distance arrêt, réaction et freinage + énergie cinétique (formule, unités calculs)', 'sécurité routière et énergie cinétique', 'StephanieC', '2020-05-11 00:00:00', 492),
('TERMINALE', 'Physique chimie', 'Introduction à la mécanique quantique programmes 2012', 'quantique De broglie dualité transferts', 'Julien Moreau', '2020-05-11 00:00:00', 491),
('1ERE', 'Physique chimie', 'structures et nomenclature de molécules organiques', 'nomenclature', 'PC', '2020-05-11 00:00:00', 490),
('3EME', 'Physique chimie', 'Eval fin de chapitre poids et masse', 'Poids ; masse', 'HD', '2020-05-11 00:00:00', 489),
('5EME', 'Physique chimie', 'éval de fin de chapitre sur les mélanges', 'solubilité ; miscibilité ; mélange ; saturation', 'HD', '2020-05-11 00:00:00', 488),
('3EME', 'Anglais', 'Listen to a song by Bob Marley and complete', 'Bob Marley B1 Reggae Song', 'Elsa Esterle', '2020-05-11 00:00:00', 487),
('3EME', 'Anglais', 'vocabulaire, grammaire', 'Natural disasters', 'morelc', '2020-05-11 00:00:00', 486),
('2NDE', 'Sciences de la vie et de la terre', 'acquis concernant le déroulement du cycle chez la femme', 'cycle femme', 'vinit', '2020-05-11 00:00:00', 485),
('4EME', 'Anglais', 'Listen to a song by Bob Marley https://youtu.be/EYi5aW1GdUUand complete the lyrics.', 'Bob Marley A2 Reggae Song', 'Elsa Esterle', '2020-05-11 00:00:00', 484),
('6EME', 'Education physique et sportive', 'Hygiène de vie, santé, échauffement', 'Hygiène de vie, santé, échauffement', 'Ines Freire', '2020-05-11 00:00:00', 483),
('TERMINALE', 'Mathématiques', 'T°STMG', 'SUITES', 'DOGLIOLI', '2020-05-11 00:00:00', 482),
('TERMINALE', 'Mathématiques', 'T°STMG', 'SUITES', 'DOGLIOLI', '2020-05-11 00:00:00', 481),
('TERMINALE', 'Mathématiques', 'T°STMG', 'SUITES', 'DOGLIOLI', '2020-05-11 00:00:00', 480),
('TERMINALE', 'Mathématiques', 'T°STMG', 'SUITES', 'DOGLIOLI', '2020-05-11 00:00:00', 479),
('TERMINALE', 'Mathématiques', 'T°ES', 'SUITES', 'DOGLIOLI', '2020-05-11 00:00:00', 478),
('TERMINALE', 'Mathématiques', 'T°ES', 'SUITES AG', 'DOGLIOLI', '2020-05-11 00:00:00', 477),
('TERMINALE', 'Mathématiques', 'T°ES', 'SUITES AG', 'DOGLIOLI', '2020-05-11 00:00:00', 476),
('TERMINALE', 'Mathématiques', 'T°ES', 'SUITES', 'DOGLIOLI', '2020-05-11 00:00:00', 475),
('TERMINALE', 'Mathématiques', 'T°ES', 'SUITES', 'DOGLIOLI', '2020-05-11 00:00:00', 474),
('TERMINALE', 'Mathématiques', 'T°ES & SES', 'TAUX', 'DOGLIOLI', '2020-05-11 00:00:00', 473),
('TERMINALE', 'Mathématiques', 'T°STMG', 'DERIVATION', 'DOGLIOLI', '2020-05-11 00:00:00', 472),
('TERMINALE', 'Mathématiques', 'T°ES', 'DERIVATION', 'DOGLIOLI', '2020-05-11 00:00:00', 471),
('TERMINALE', 'Mathématiques', 'T°ES', 'CONTINUITE', 'DOGLIOLI', '2020-05-11 00:00:00', 470),
('TERMINALE', 'Mathématiques', 'T°STMG', 'BACHOTAGE', 'DOGLIOLI', '2020-05-11 00:00:00', 469),
('TERMINALE', 'Mathématiques', 'T°STMG', 'BACHOTAGE', 'DOGLIOLI', '2020-05-11 00:00:00', 468),
('TERMINALE', 'Mathématiques', 'T°STMG', 'AJUSTEMENT', 'DOGLIOLI', '2020-05-11 00:00:00', 467),
('TERMINALE', 'Mathématiques', 'T°STMG', 'AJUSTEMENT', 'DOGLIOLI', '2020-05-11 00:00:00', 466),
('2NDE', 'Mathématiques', 'Etude', 'STATISTIQUES', 'DOGLIOLI', '2020-05-11 00:00:00', 465),
('2NDE', 'Mathématiques', 'Variables', 'PYTHON', 'DOGLIOLI', '2020-05-11 00:00:00', 464),
('2NDE', 'Mathématiques', 'Entrée des valeurs', 'PYTHON', 'DOGLIOLI', '2020-05-11 00:00:00', 463),
('2NDE', 'Mathématiques', 'Arbre', 'PROBABILITES', 'DOGLIOLI', '2020-05-11 00:00:00', 462),
('2NDE', 'Mathématiques', 'Tableaux', 'PROBABILITES', 'DOGLIOLI', '2020-05-11 00:00:00', 461),
('2NDE', 'Mathématiques', 'Tableaux', 'PROBABILITES', 'DOGLIOLI', '2020-05-11 00:00:00', 460),
('2NDE', 'Mathématiques', 'Fluctuations', 'PROBABILITES', 'DOGLIOLI', '2020-05-11 00:00:00', 459),
('2NDE', 'Mathématiques', 'Diagramme de Venn', 'PROBABILITES', 'DOGLIOLI', '2020-05-11 00:00:00', 458),
('2NDE', 'Mathématiques', 'Arbre de choix', 'PROBABILITES', 'DOGLIOLI', '2020-05-11 00:00:00', 457),
('2NDE', 'Mathématiques', 'Arbre de choix', 'PROBABILITES', 'DOGLIOLI', '2020-05-11 00:00:00', 456),
('2NDE', 'Mathématiques', 'Arbre de choix', 'PROBABILITES', 'DOGLIOLI', '2020-05-11 00:00:00', 455),
('2NDE', 'Mathématiques', 'Variations relatives', 'POURCENTAGES', 'DOGLIOLI', '2020-05-11 00:00:00', 454),
('2NDE', 'Mathématiques', 'Taux réciproque', 'POURCENTAGES', 'DOGLIOLI', '2020-05-11 00:00:00', 453),
('2NDE', 'Mathématiques', 'Taux & CM', 'POURCENTAGES', 'DOGLIOLI', '2020-05-11 00:00:00', 452),
('2NDE', 'Mathématiques', 'Evolutions successives', 'POURCENTAGES', 'DOGLIOLI', '2020-05-11 00:00:00', 451),
('2NDE', 'Mathématiques', 'Evolutions', 'POURCENTAGES', 'DOGLIOLI', '2020-05-11 00:00:00', 450),
('2NDE', 'Mathématiques', 'Troisième identité', 'NOMBRES', 'DOGLIOLI', '2020-05-11 00:00:00', 449),
('2NDE', 'Mathématiques', 'Radicaux', 'NOMBRES', 'DOGLIOLI', '2020-05-11 00:00:00', 448),
('2NDE', 'Mathématiques', 'Première identité', 'NOMBRES', 'DOGLIOLI', '2020-05-11 00:00:00', 447),
('2NDE', 'Mathématiques', 'Equations', 'NOMBRES', 'DOGLIOLI', '2020-05-11 00:00:00', 446),
('2NDE', 'Mathématiques', 'Ensembles', 'NOMBRES', 'DOGLIOLI', '2020-05-11 00:00:00', 445),
('2NDE', 'Mathématiques', 'Trinôme', 'FONCTIONS', 'DOGLIOLI', '2020-05-11 00:00:00', 444),
('2NDE', 'Mathématiques', 'Produit nul', 'FONCTIONS', 'DOGLIOLI', '2020-05-11 00:00:00', 443),
('2NDE', 'Mathématiques', 'Lecture graphique dynamique', 'FONCTIONS', 'DOGLIOLI', '2020-05-11 00:00:00', 442);
INSERT INTO `indexeducation` (`Niveau`, `Matiere`, `Description`, `Motes_Clefs`, `Auteur`, `Date`, `N_fichier_XML`) VALUES
('2NDE', 'Mathématiques', 'Lecture graphique', 'FONCTIONS', 'DOGLIOLI', '2020-05-11 00:00:00', 441),
('2NDE', 'Mathématiques', 'Fonction Racine', 'FONCTIONS', 'DOGLIOLI', '2020-05-11 00:00:00', 440),
('2NDE', 'Mathématiques', 'Fonction Inverse', 'FONCTIONS', 'DOGLIOLI', '2020-05-11 00:00:00', 439),
('2NDE', 'Mathématiques', 'Fonction Cube', 'FONCTIONS', 'DOGLIOLI', '2020-05-11 00:00:00', 438),
('2NDE', 'Mathématiques', 'Fonction Carré', 'FONCTIONS', 'DOGLIOLI', '2020-05-11 00:00:00', 437),
('2NDE', 'Mathématiques', 'Images', 'FONCTIONS', 'DOGLIOLI', '2020-05-11 00:00:00', 436),
('2NDE', 'Mathématiques', 'Antécédents', 'FONCTIONS', 'DOGLIOLI', '2020-05-11 00:00:00', 435),
('2NDE', 'Mathématiques', 'Résolutions', 'EQUATIONS', 'DOGLIOLI', '2020-05-11 00:00:00', 434),
('2NDE', 'Mathématiques', 'Introduction fluctuation', 'ECHANTILLONNAGE', 'DOGLIOLI', '2020-05-11 00:00:00', 433),
('2NDE', 'Mathématiques', 'Tracés de droites', 'DROITES', 'DOGLIOLI', '2020-05-11 00:00:00', 432),
('2NDE', 'Mathématiques', 'Equations réduites', 'DROITES', 'DOGLIOLI', '2020-05-11 00:00:00', 431),
('2NDE', 'Mathématiques', 'COVID19', 'MODELISATION', 'DOGLIOLI', '2020-05-11 00:00:00', 430),
('2NDE', 'Mathématiques', 'AFFINES Signes', 'AFFINES', 'DOGLIOLI', '2020-05-11 00:00:00', 429),
('2NDE', 'Mathématiques', 'AFFINES Signes', 'AFFINES', 'DOGLIOLI', '2020-05-11 00:00:00', 428),
('2NDE', 'Mathématiques', 'AFFINES Signes', 'AFFINES', 'DOGLIOLI', '2020-05-11 00:00:00', 427),
('2NDE', 'Mathématiques', 'AFFINE', 'AFFINES', 'DOGLIOLI', '2020-05-11 00:00:00', 426),
('2NDE', 'Mathématiques', 'AFFINE', 'AFFINES', 'DOGLIOLI', '2020-05-11 00:00:00', 425),
('2NDE', 'Sciences économiques et sociales', 'Comment s\'organise la vie politique ?', 'vie politique', 'Alexises', '2020-05-11 00:00:00', 424),
('3EME', 'Sciences de la vie et de la terre', 'Il s\'agit d\'un QCM qui permet aux élèves de faire un point partiel sur le coronavirus en utilisant des connaissances sur l\'immunité et de mettre en oeuvre quelques compétences sans aucune prétention. ', 'virus, immunité, covid 19, coronavirus, confinement', 'David F', '2020-05-11 00:00:00', 423),
('3EME', 'Technologie', '-', 'Automatisme, Chaîne d\'énergie, chaîne d\'information', 'hammadi', '2020-05-11 00:00:00', 422),
('2NDE', 'Physique chimie', 'Transformations chimiques, équilibrer des équations chimiques, déterminer le réactif limitant.', 'transformations chimiques réactif limitant équations chimiques', 'Esther Courrèges', '2020-05-11 00:00:00', 421),
('1ERE', 'Sciences de la vie et de la terre', 'EDS contraste océans continents', 'contraste océans continents', 'ReixA', '2020-05-11 00:00:00', 420),
('2NDE', 'Sciences de la vie et de la terre', 'QCU tirés de différents manuels', 'organisme pluricellulaire, ADN, matrice, échelle, spécialisation ', 'Colie', '2020-05-11 00:00:00', 419),
('4EME', 'Français', 'Vérifier la lecture- Le Cid, Acte I et II', 'Théâtre - Le Cid', 'renaud', '2020-05-11 00:00:00', 418),
('6EME', 'Education physique et sportive', 'gréement d\'un dériveur ', 'voile niveau 1', 'deschamps audrey', '2020-05-10 00:00:00', 416),
('3EME', 'Physique chimie', 'Formule d\'un ion....', 'Formation ions', 'CSouletie', '2020-05-10 00:00:00', 415),
('TERMINALE', 'Sciences de la vie et de la terre', 'QCM bilan sur le système nerveux en Terminale', 'système nerveux', 'valerie.mouton1', '2020-05-10 00:00:00', 414),
('1ERE', 'Sciences de la vie et de la terre', 'choix unique...', 'mobilité horizontale plaques', 'DUVERNEIX', '2020-05-10 00:00:00', 413),
('1ERE', 'Mathématiques', 'bilan final', 'variables aléatoires', 'JBongrand', '2020-05-10 00:00:00', 412),
('1ERE', 'Physique chimie', 'thème 4 le SON (enseignement sc)', 'enseignement scientifique', 'mariepierre malet', '2020-05-10 00:00:00', 411),
('2NDE', 'Hôtellerie & tourisme', 'Petits points de révision', 'Technologie culinaire', 'Pascal Doligez', '2020-05-10 00:00:00', 410),
('3EME', 'Français', 'séquence théâtre le conflit', 'lexique-propositions', 'poivert martine', '2020-05-10 00:00:00', 409),
('1ERE', 'Physique chimie', 'Enseignement scientifique, son, phénomène vibratoire', 'Enseignement scientifique, son, phénomène vibratoire', 'AG', '2020-05-10 00:00:00', 408),
('2NDE', 'Physique chimie', 'Quantité de matièreTransformation physiqueTransformation chimique', 'quantité de matière, transformation physique, transformation chimique', 'AG', '2020-05-10 00:00:00', 407),
('2NDE', 'Physique chimie', 'révision sur une grande partie de l\'année.', 'concentration atome nombre de masse numéro atomique', 'fboerkmann', '2020-05-10 00:00:00', 406),
('2NDE', 'Physique chimie', 'Synthèse de molécules : montage à reflux et CCMTransformations nucléairesEmission et perception d\'un son', 'synthèse, transformation nucléaire, son', 'AG', '2020-05-10 00:00:00', 405),
('1ERE', 'Sciences de la vie et de la terre', 'Test bilan sur bilan âge de la Terre en 1ère enseignement scientifique', 'âge de la Terre', 'valerie.mouton1', '2020-05-10 00:00:00', 404),
('1ERE', 'Sciences de la vie et de la terre', 'Test bilan sur bilan thermique humain en 1ère enseignement scientifique', 'bilan thermique humain', 'valerie.mouton1', '2020-05-10 00:00:00', 403),
('1ERE', 'Sciences de la vie et de la terre', 'Test bilan sur mobilité de la lithosphère en 1ère spé', 'Mobilité de la lithosphère ', 'valerie.mouton1', '2020-05-10 00:00:00', 402),
('3EME', 'Mathématiques', 'vocabulaire, expérience à 1 épreuve, 2 épreuves', 'probabilités', 'Elsa FAY', '2020-05-10 00:00:00', 401),
('3EME', 'Italien', 'Quelques questions sur la fête du 25 avril en Italie.', '25 aprile', 'S.Valentinelli', '2020-05-10 00:00:00', 400),
('5EME', 'Français', 'La légende du roi Arthur', 'Arthur', 'vle-nezet', '2020-05-10 00:00:00', 399),
('2NDE', 'Sciences de la vie et de la terre', 'QCM 8 avec questions de connaissances et d\'analyses de documents', 'microbiote', 'François', '2020-05-10 00:00:00', 398),
('TERMINALE', 'Sciences de la vie et de la terre', 'QCM sur l\'ensemble du thème, élaboré à partir des données de différents manuels de terminale', 'Immunologie', 'Le Bourg Caroline', '2020-05-10 00:00:00', 397),
('2NDE', 'Sciences numériques et technologie  ', 'QCM sur le thème \"Web\" élaboré à partir des QCM des différents manuels', 'WEB', 'Le Bourg Caroline', '2020-05-10 00:00:00', 396),
('2NDE', 'Physique chimie', 'questions diverses sur les force en seconde', 'actions et forces', 'lionel66', '2020-05-10 00:00:00', 395),
('5EME', 'Technologie', 'Les étapes d\'une construction d\'une maison à partir d\'une vidéo', 'Habitat', 'emmleray', '2020-05-09 00:00:00', 394),
('5EME', 'Technologie', 'Notion d\'échelle et les contraintes lié aux PMR', 'habitat/Handicap', 'emmleray', '2020-05-09 00:00:00', 393),
('4EME', 'Sciences de la vie et de la terre', 'test de connaissance sur la partie Terre planète active : plaques, séismes, volcanisme', 'séisme plaque tectonique planète Terre', 'OdileSVT', '2020-05-09 00:00:00', 392),
('5EME', 'Physique chimie', 'QCM sur les changements d\'états', 'états', 'lmarie', '2020-05-09 00:00:00', 391),
('2NDE', 'Physique chimie', 'QCM sur le principe d\'inertie', 'forces et principe d\'inertie', 'lmarie', '2020-05-09 00:00:00', 390),
('5EME', 'Physique chimie', 'QCM portant sur le mouvement, la vitesse et la trajectoire d\'un objet', 'mouvement, trajectoire', 'lmarie', '2020-05-09 00:00:00', 389),
('1ERE', 'Sciences de la vie et de la terre', 'qcm anticorps', 'immunologie ', 'faurie', '2020-05-09 00:00:00', 388),
('5EME', 'Technologie', 'Les énergies fossiles -Les énergies renouvelables', 'les différentes formes d\'énergie', 'ZOURDANI Slimane', '2020-05-09 00:00:00', 387),
('6EME', 'Education musicale', 'Histoire, fonctions et techniques du chef d\'orchestre', 'orchestre,chef d\'orchestre,direction,baguette', 'Candice MEILLAND', '2020-05-09 00:00:00', 386),
('6EME', 'Education musicale', 'Les instruments de l\'orchestre : la famille des percussions', 'orchestre,instruments,familles,percussions', 'Candice MEILLAND', '2020-05-09 00:00:00', 385),
('6EME', 'Education musicale', 'Les instruments de l\'orchestre : la famille des cuivres', 'orchestre,instruments,familles,cuivres', 'Candice MEILLAND', '2020-05-09 00:00:00', 384),
('6EME', 'Education musicale', 'Les instruments de l\'orchestre : la famille des bois', 'orchestre,instruments,familles,bois', 'Candice MEILLAND', '2020-05-09 00:00:00', 383),
('6EME', 'Education musicale', 'Les instruments de l\'orchestre : la famille des cordes frottées', 'orchestre,instruments,familles,cordes frottées', 'Candice MEILLAND', '2020-05-09 00:00:00', 382),
('5EME', 'Français', 'questionnaire de lecture', 'Harry Potter et l\'Enfant Maudit', 'KARINE BRUNET', '2020-05-09 00:00:00', 381),
('6EME', 'Français', '21 questions sur les mythes et légendes des Métamorphoses', 'Ovide, Métamorphoses', 'delphine.lahary', '2020-05-09 00:00:00', 380),
('2NDE', 'Mathématiques', 'Chapitre : ProbabilitésProbabilités,UnionIntersectionEvénements contrairesFormules', 'probabilité, union, intersection', 'Mme Gouven', '2020-05-09 00:00:00', 379),
('2NDE', 'Mathématiques', 'Chapitre : équation de droitesEquation réduite, équation cartésienneVecteur directeurAppartenance d\'un point à une droite10 questions au hasard parmi 30', 'droites, équation réduite, équation cartésienne', 'Mme Gouven', '2020-05-09 00:00:00', 378),
('2NDE', 'Mathématiques', '11 questions portant sur le thème des droites et systèmes d\'équations linéaires à deux inconnues', 'droites, systèmes, pente, coefficient directeur, ordonnée à l\'origine, équation cartésienne, équation réduite', 'CREZE RODOLPHE', '2020-05-09 00:00:00', 377),
('6EME', 'Sciences de la vie et de la terre', 'QCM à partir des expériences virtuelles sur les besoins nutritifs des végétaux chlorophylliens basé sur le logiciel Plante de JP Gallerand et des ajouts de S. Kaczmarek ', 'besoins nutritifs, végétaux ', 'Carole BAGNERIS', '2020-05-09 00:00:00', 376),
('TERMINALE', 'Physique chimie', 'Connaissances de base sur le chapitre représentation spatiale des molécules', 'Stéréochimie', 'william.tellier', '2020-05-09 00:00:00', 375),
('TERMINALE', 'Physique chimie', 'Les lois de Newton et leur application', 'lois de Newton', 'william.tellier', '2020-05-09 00:00:00', 374),
('2NDE', 'Mathématiques', 'Test bilan sur le chapitre : Arithmétique(10 questions au hasard sur une banque de 30 questions)', 'arithmétique, nombres premiers, inéquation produit, inéquation quotient', 'Mme Gouven', '2020-05-09 00:00:00', 373),
('2NDE', 'Sciences économiques et sociales', 'la mesure de la richesse créee', 'mesure de la richesse', 'annedec', '2020-05-09 00:00:00', 372),
('2NDE', 'Sciences économiques et sociales', 'chapitre comment s \'organise la vie politique, les autres acteurs de la vie politique', 'vie politique, acteurs', 'annedec', '2020-05-09 00:00:00', 371),
('2NDE', 'Sciences économiques et sociales', 'chapitre diplôme et emploi', 'diplôme, emploi', 'annedec', '2020-05-09 00:00:00', 370),
('TERMINALE', 'Sciences économiques et sociales', 'chapitre de SSPO', 'culture politique, socialisation politique', 'annedec', '2020-05-09 00:00:00', 369),
('TERMINALE', 'Sciences économiques et sociales', 'chapitre de SSPO les répertoires d\'action politique', 'SSPO, action politique', 'annedec', '2020-05-09 00:00:00', 368),
('2NDE', 'Français', 'Révisions du programme de 2GT (sauf les subordonnées relatives)', 'Révisions ', 'Lucie DUBOIS', '2020-05-09 00:00:00', 367),
('1ERE', 'Français', 'Programme de grammaire de l\'année de 1ère', 'Révisions EAF 2020', 'Lucie DUBOIS', '2020-05-09 00:00:00', 366),
('2NDE', 'Anglais', 'Choisir le preterit ou le present perfect pour compléter les phrases en s\'appuyant sur le contexte.', 'Present perfect, Preterit, temps', 'Sophie Ehrhart', '2020-05-09 00:00:00', 365),
('6EME', 'Mathématiques', 'proportion, égalité de fractions...', 'fractions', 'Elsa FAY', '2020-05-09 00:00:00', 364),
('4EME', 'Technologie', 'Système d\'alarme et Les ondes électromagnétiques', 'Système d\'alarme', 'emmleray', '2020-05-09 00:00:00', 363),
('3EME', 'Technologie', 'Les évolutions des objets techniques au fil du temps ', 'évolution des OT', 'emmleray', '2020-05-09 00:00:00', 362),
('3EME', 'Technologie', 'Les étapes de la construction d\'une maison ', 'Habitat', 'emmleray', '2020-05-09 00:00:00', 361),
('4EME', 'Technologie', 'QCM sur les capteurs à partir d\'une vidéo Youtube', 'Capteurs', 'emmleray', '2020-05-09 00:00:00', 360),
('5EME', 'Mathématiques', 'Aire et périmètre de figures usuelles', 'Périmètre et aire', 'Aymard', '2020-05-08 00:00:00', 358),
('3EME', 'Français', 'Conjugaisons', 'Subjonctif', 'Muriel Laederich', '2020-05-08 00:00:00', 357),
('5EME', 'Français', 'Conjugaisons', 'Indicatif et conditionnel', 'Muriel Laederich', '2020-05-08 00:00:00', 356),
('2NDE', 'Espagnol', 'Reconnaître la description de chaque personnage avec le physique et les habits sur une photo de la famille \"Los Serrano\"', 'description, famille', 'Ahijado, I', '2020-05-08 00:00:00', 355),
('2NDE', 'Mathématiques', 'Suite de question permettant de tester la compréhension du signe d\'un produit  ou d\'un quotient', 'tableaux de signe, produit, quotient, affine', 'Achard', '2020-05-08 00:00:00', 354),
('1ERE', 'Biotechnologie', 'QCM sur les pathologies cardio-vasculaires', 'athérosclérose', 'BUGARIN', '2020-05-08 00:00:00', 353),
('3EME', 'Physique chimie', 'la relation entre poids et masse et son utilisation', 'Poids, masse', 'VIELFAURE', '2020-05-08 00:00:00', 352),
('3EME', 'Education physique et sportive', 'Les principaux Muscles du corps humain', 'corps-humain-muscles-articulations', 'Frédéric Albertini', '2020-05-08 00:00:00', 351),
('6EME', 'Education physique et sportive', 'Le corps humain', 'corps-humain-muscles', 'Frédéric Albertini', '2020-05-08 00:00:00', 350),
('5EME', 'Education physique et sportive', 'Le règlement du tennis de table en simple.', 'tennis de table-règlement-simple', 'Frédéric Albertini', '2020-05-08 00:00:00', 349),
('4EME', 'Education physique et sportive', 'Le règlement du tennis de table en simple et double', 'tennis de table-règlement-double-simple', 'Frédéric Albertini', '2020-05-08 00:00:00', 348),
('6EME', 'Education physique et sportive', 'Le règlement du Badminton', 'badminton-règlement', 'Frédéric Albertini', '2020-05-08 00:00:00', 347),
('3EME', 'Anglais', 'Choisir le bon temps pour compléter les phrases', 'temps,grammaire', 'Sophie Ehrhart', '2020-05-08 00:00:00', 346),
('TERMINALE', 'Mathématiques', 'Géométrie repérée dans l\'espace, positions relatives de droites et plans.', 'Espace', 'Chambre Sylvaine', '2020-05-08 00:00:00', 345),
('TERMINALE', 'Mathématiques', 'Géométrie repérée dans l\'espace', 'Espace', 'Chambre Sylvaine', '2020-05-08 00:00:00', 344),
('5EME', 'Physique chimie', 'melange verrerie', 'melange verrerie', 'rouvellat', '2020-05-08 00:00:00', 343),
('5EME', 'Physique chimie', 'Changements d\'états', 'Changements d\'états', 'rouvellat', '2020-05-08 00:00:00', 342),
('TERMINALE', 'Philosophie', 'QCM sur le Bonheur', 'Bonheur', 'Hazard', '2020-05-08 00:00:00', 341),
('1ERE', 'Physique chimie', 'calcul des quantités de matières et concentrations', 'mole et solutions', 'HAYOUN', '2020-05-08 00:00:00', 340),
('4EME', 'Physique chimie', 'faire la différence entre atomes et molécules', 'atomes et molécules', 'florence G', '2020-05-07 00:00:00', 339),
('2NDE', 'Mathématiques', 'qcm inéquations tableaux de signes', 'inéquations tableau de signes', 'cgrzanka', '2020-05-07 00:00:00', 338),
('2NDE', 'Espagnol', 'présence musulmane en Espagne. Apports culturels', 'Al Andalus', 'Kervadec', '2020-05-07 00:00:00', 337),
('4EME', 'Technologie', 'Alarmes', 'Chaîne information alarmes', 'doat emmanuel', '2020-05-07 00:00:00', 336),
('3EME', 'Italien', 'exercice pronomi personali complemento', 'exercice pronomi', 'Zoccolan Tonino', '2020-05-07 00:00:00', 335),
('3EME', 'Italien', 'devoir fin séquence casa', 'evaluation casa', 'Zoccolan Tonino', '2020-05-07 00:00:00', 334),
('2NDE', 'Mathématiques', 'Teste si on connait les variations des fonctions de référence en 2nde', 'Variations, fonctions de référence', 'Igache', '2020-05-07 00:00:00', 333),
('1ERE', 'Français', 'qcm visant à vérifier la lecture et la compréhension du conte de Voltaire pour des 1re technologiques. ', 'voltaire, un monde, micromégas', 'ariane.satragno', '2020-05-07 00:00:00', 332),
('2NDE', 'Physique chimie', 'test rapide sur réfraction après visionnaire d\'une vidéo', 'réfraction', 'jpapon', '2020-05-07 00:00:00', 331),
('2NDE', 'Physique chimie', 'test rapide sur dilution', 'dilution', 'jpapon', '2020-05-07 00:00:00', 330),
('3EME', 'Histoire géographie', 'Quiz de révision sur la Guerre Froide.', 'Guerre Froide', 'C-E Laraki', '2020-05-07 00:00:00', 329),
('TERMINALE', 'Management', 'options strat', 'STRATEGIE', 'FLORENCE jARNAN/ROUSSEAU', '2020-05-07 00:00:00', 328),
('TERMINALE', 'Management', 'REVOIR STRAT D INTEGRATION ET D EXTERNALISATION...attention qq questions après un TD sur Rossignol', 'STRATEGIE', 'FLORENCE jARNAN/ROUSSEAU', '2020-05-07 00:00:00', 327),
('TERMINALE', 'Espagnol', 'Diverses questions en relation avec les documents étudiés au cours de ma séquence pour faire son auto évaluation', 'Evaluation formative fin de séquence Mitos y héroes', 'cpernot1', '2020-05-07 00:00:00', 326),
('1ERE', 'Espagnol', 'Un QCM rapide de niveau 2nde ou 1ère STMG sur le lexique du sport et le verbe GUSTAR', 'Deporte', 'cpernot1', '2020-05-07 00:00:00', 325),
('2NDE', 'Hôtellerie & tourisme', 'synthèse ', 'technologie cuisine ', 'G Pencolé', '2020-05-07 00:00:00', 324),
('3EME', 'Anglais', 'Conjugaison de verbes irréguliers au Prétérit et au Participe Passé, textes à trous de conjugaison', 'Verbes irréguliers, conjugaison', 'Julie BROWN', '2020-05-07 00:00:00', 323),
('3EME', 'Français', 'Quiz sur le livre La ferme des animaux de Orwell', 'Quiz sur le livre La ferme des animaux de Orwell', 'coralie.amet', '2020-05-07 00:00:00', 322),
('3EME', 'Latin', 'Quiz sur les degrés des adjectifs en latin: comparatif et superlatif', 'degrés adjectifs', 'coralie.amet', '2020-05-07 00:00:00', 321),
('5EME', 'Latin', 'Quiz sur les verbes composés de sum', 'verbes composés de sum', 'coralie.amet', '2020-05-07 00:00:00', 320),
('4EME', 'Latin', 'Quiz sur Hannibal pour latinistes', 'Hannibal', 'coralie.amet', '2020-05-07 00:00:00', 319),
('3EME', 'Français', 'figures de style', 'figures de style', 'coralie.amet', '2020-05-07 00:00:00', 318),
('3EME', 'Français', 'Quiz sur les propositions subordonnées : natures et fonctions', 'propositions subordonnées natures fonctions', 'coralie.amet', '2020-05-07 00:00:00', 317),
('4EME', 'Français', 'Quiz sur la pièce de Shakespeare', 'Roméo et Juliette', 'coralie.amet', '2020-05-07 00:00:00', 316),
('4EME', 'Français', 'Quiz sur la PSR et les pronoms relatifs', 'subordonnée relative pronom relatif', 'coralie.amet', '2020-05-07 00:00:00', 315),
('3EME', 'Français', 'contrôle sur les propositions subordonnées', 'contrôle sur les propositions subordonnées', 'Sara', '2020-05-06 00:00:00', 314),
('TERMINALE', 'Physique chimie', 'Questions sur la structure de l\'atome, les types de radioactivité, la demi-vie, les dangers et la prévention', 'radioactivité', 'fgoubel', '2020-05-06 00:00:00', 310),
('2NDE', 'Physique chimie', 'classification périodique', 'classification périodique, règle de l\'octet', 'rohat', '2020-05-05 00:00:00', 309),
('2NDE', 'Physique chimie', 'configuration électronique', 'configuration électronique, couches, sous-couches, s, p, d ,', 'rohat', '2020-05-05 00:00:00', 308),
('1ERE', 'Physique chimie', 'spécialité : géométrie des molécules', 'géométrie; Lewis ; doublets; tétraédrique;pyramidale;coudée; polaire;apolaire; liaison polarisée', 'rohat', '2020-05-05 00:00:00', 307),
('TERMINALE', 'Physique chimie', 'TST2S : radioactivité', 'radioactivité ;particule alpha ; positon;électron;dose absorbée;isotope', 'rohat', '2020-05-05 00:00:00', 306),
('TERMINALE', 'Physique chimie', 'TST2S : oxydation ménagée des alcools ; oxydoréduction', 'oxydation ; alcools; primaire;secondaire;tertiaire ; oxydant;réducteur', 'rohat', '2020-05-05 00:00:00', 305),
('6EME', 'Physique chimie', 'Trajectoires et mouvements sans notion de vitesse', 'trajectoires ', 'CIARA', '2020-05-05 00:00:00', 304),
('2NDE', 'Physique chimie', 'questions de cours', 'Transformations physiques', 'aguera', '2020-05-05 00:00:00', 303),
('5EME', 'Physique chimie', 'QCM général sur le thème \"organisation et transformation de la matière\".', 'Organisation et transformation de la matière', '-', '2020-05-04 00:00:00', 302),
('4EME', 'Physique chimie', 'Vocabulaire pour décrire un mouvementAnalyse de chronophotographies', 'mouvement', '-', '2020-05-04 00:00:00', 301),
('4EME', 'Physique chimie', 'son vitesse', 'signaux', '-', '2020-05-04 00:00:00', 300),
('6EME', 'Physique chimie', 'Diminution de la température en fonction de l\'éloignement à la source de lumière + pb effet de serre de Vénus', 'hypothèse exploitation mesures', '-', '2020-05-04 00:00:00', 299),
('2NDE', 'Mathématiques', 'Détermination d\'images, d\'antécédents, sens de variation, comparaison d\'images, résolutions d\'équations et d\'inéquations graphiquement. Note sur 15', 'Fonction carré', '-', '2020-05-04 00:00:00', 298),
('1ERE', 'Physique chimie', '20 questions cours, spectres IR, nomenclature, identification...', 'nomenclature, spectres IR, propriétés.', '-', '2020-05-04 00:00:00', 297),
('1ERE', 'Physique chimie', '20 questions cours synthèse, rendement, chauffage reflux, purification...', 'synthèse', '-', '2020-05-04 00:00:00', 296),
('2NDE', 'Physique chimie', '20 questions sur le cours : référentiel, trajectoire, vitesse, vecteurs, python, ...', 'mouvement', '-', '2020-05-04 00:00:00', 295),
('2NDE', 'Génie mécanique', 'Questionnaire sur les systèmes d\'ouverture des soupapes d\'un moteur.', 'Les soupapes', '-', '2020-05-04 00:00:00', 293),
('2NDE', 'Génie mécanique', 'Questionnaire sur les pneumatique d\'un véhicule.', 'Les pneumatiques', '-', '2020-05-04 00:00:00', 292),
('1ERE', 'Génie mécanique', 'Étude d\'un système d\'injection essence TU3', 'Injection TU3', '-', '2020-05-04 00:00:00', 291),
('2NDE', 'Génie mécanique', 'Éléments des système de distribution sur un moteur, épure...', 'La distribution', '-', '2020-05-04 00:00:00', 290),
('1ERE', 'Génie mécanique', 'Demarche de diagnostic avec défaut sur le capteur pression rail.', 'Demarche de diagnostic ', '-', '2020-05-04 00:00:00', 289),
('2NDE', 'Génie mécanique', 'Composition et fonctionnement des systèmes de transmissions dans l\'automobile', 'Les systèmes de transmission ', '-', '2020-05-04 00:00:00', 288),
('2NDE', 'Génie mécanique', 'Composition et fonctionnement des arbres de transmissions', 'Les arbres de transmission ', '-', '2020-05-04 00:00:00', 287),
('2NDE', 'Génie mécanique', 'Composition et fonctionnement d\'un embrayage', 'L\'embrayage', '-', '2020-05-04 00:00:00', 286),
('1ERE', 'Génie mécanique', 'Les bases du circuit de démarrage et le démarreur', 'Le circuit de démarrage', '-', '2020-05-04 00:00:00', 285),
('1ERE', 'Génie mécanique', 'Les bases du circuit d\'air et du turbo', 'Le ciruit d\'air', '-', '2020-05-04 00:00:00', 284),
('1ERE', 'Génie mécanique', 'Les différentes étapes d\'un diagnostic', 'la méthodologie de diagnostic', '-', '2020-05-04 00:00:00', 283),
('1ERE', 'Génie mécanique', 'Questions sur les éléments et le fonctionnement d\'une boite de vitesse', 'Boite de vitesse', '-', '2020-05-04 00:00:00', 282),
('1ERE', 'Génie mécanique', 'Lecture schéma électrique VAG sur un système ABS', 'Lecture schéma électrique VAG', '-', '2020-05-04 00:00:00', 281),
('2NDE', 'Génie mécanique', 'Comparaison moteur essence et diesel', 'Comparaison moteur essence et diesel', '-', '2020-05-04 00:00:00', 280),
('2NDE', 'Génie mécanique', 'Identification des éléments d\'un moteur (associations)', 'Identification des éléments d\'un moteur', '-', '2020-05-04 00:00:00', 279),
('2NDE', 'Physique chimie', 'Rappels de collège : schématiser les circuits électriques', 'Schématisation circuits', '-', '2020-05-03 00:00:00', 278),
('2NDE', 'Sciences numériques et technologie  ', 'QCM sur la photographie numérique', 'Photographie numérique', '-', '2020-05-02 00:00:00', 277),
('2NDE', 'Physique chimie', 'distinguer une transformation physique d\'une transformation chimique', 'Transformations physique et chimique', '-', '2020-05-02 00:00:00', 275),
('2NDE', 'Physique chimie', 'le modèle de l\'atome', 'atome', '-', '2020-05-02 00:00:00', 274),
('1ERE', 'Physique chimie', 'EDS Première QCM sur la couleur des objets', 'couleur,objets', '-', '2020-05-02 00:00:00', 273),
('TERMINALE', 'Histoire géographie', 'QCM sur le chapitre de la gouvernances européenne depuis Maastricht en TS', 'gouvernance europe union européennne Maastricht', '-', '2020-05-01 00:00:00', 271),
('TERMINALE', 'Histoire géographie', 'QCM sur les chapitre de gouvernances européenne et mondiale', 'gouvernance europe union européennne mondiale G6', '-', '2020-05-01 00:00:00', 270),
('2NDE', 'Histoire géographie', 'QCM sur le chapitre d\'introduction d\'Histoire de 2nde : la périodisation', 'périodisation périodes introduction', '-', '2020-05-01 00:00:00', 269),
('2NDE', 'Sciences numériques et technologie  ', 'QCM sur le thème de la photographie numérique', 'photo image photographie numérique', '-', '2020-05-01 00:00:00', 268),
('2NDE', 'Sciences numériques et technologie  ', 'QCM sur le thème des données', 'données traitement', '-', '2020-05-01 00:00:00', 267),
('2NDE', 'Sciences numériques et technologie  ', 'QCM sur le thème du web', 'web', '-', '2020-05-01 00:00:00', 266),
('2NDE', 'Sciences numériques et technologie  ', 'QCM sur le thème internet et les réseaux', 'internet réseaux', '-', '2020-05-01 00:00:00', 265),
('CAP1', 'Génie mécanique', 'CONNAISSANCES DU VEHICULE', 'LE VEHICULE', '-', '2020-04-30 00:00:00', 264),
('1ERE', 'Génie mécanique', 'LA SURALIMENTATION DES MOTEURS', 'SURALIMENTATION', '-', '2020-04-30 00:00:00', 263),
('2NDE', 'Génie mécanique', 'COMMANDE DE FREINAGE', 'FREINAGE', '-', '2020-04-30 00:00:00', 262),
('2NDE', 'Génie mécanique', 'ASSERVISSEMENT AU FREINAGE', 'FREINAGE', '-', '2020-04-30 00:00:00', 261),
('2NDE', 'Génie mécanique', 'FREIN AVANT A TAMBOURS', 'FREINAGE', '-', '2020-04-30 00:00:00', 260),
('2NDE', 'Génie mécanique', 'FREIN AVANT A DISQUES', 'FREINAGE', '-', '2020-04-30 00:00:00', 259),
('CAP2', 'Génie mécanique', 'METROLOGIE MECANIQUE ET ELECTRIQUE', 'METROLOGIE', '-', '2020-04-30 00:00:00', 258),
('4EME', 'Technologie', 'Généralités sur la CFAO, Système, Outils, Origines', 'CFAO', '-', '2020-04-30 00:00:00', 257),
('2NDE', 'Physique chimie', 'Evaluation formative - Les forces', 'Forces', '-', '2020-04-30 00:00:00', 256),
('1ERE', 'Mathématiques', 'exploiter les équations de tangentes et faire le lien avec les nombres dérivés, 1ere Générale', 'équation de tangente , nombre dérivé', '-', '2020-04-30 00:00:00', 255),
('1ERE', 'Mathématiques', 'Mini-problème sur les suites arithmétiques , en 1ere Technologique', 'suites, arithmétiques, Technologique', '-', '2020-04-30 00:00:00', 254),
('1ERE', 'Mathématiques', 'Mini-problème sur les suites arithmétiques , en 1ere Technologique', 'suites, arithmétiques, Technologique', '-', '2020-04-30 00:00:00', 253),
('1ERE', 'Français', 'Évaluation sur l\'interrogation et les subordonnées.', 'Grammaire, interrogation, subordonnée', '-', '2020-04-29 00:00:00', 252),
('1ERE', 'Français', 'Contrôle de lecture sur \"Le Mariage de Figaro\" - 40 questions dans l\'ordre de la pièce.', 'Figaro, lecture, littérature', '-', '2020-04-29 00:00:00', 251),
('3EME', 'Sciences de la vie et de la terre', 'cours \"pas à pas\" sur la définition de microorganismes', 'les microorganismes', '-', '2020-04-29 00:00:00', 250),
('6EME', 'Sciences de la vie et de la terre', 'Suite de la dissection florale, structuration \"pas à pas\"', 'Fonction des fleurs', '-', '2020-04-29 00:00:00', 249),
('6EME', 'Sciences de la vie et de la terre', 'Dissection florale \"pas à pas\"', 'dissection florale', '-', '2020-04-29 00:00:00', 247),
('2NDE', 'Physique chimie', 'Évaluation formative Transformation chimique', 'transformation chimique', '-', '2020-04-29 00:00:00', 245),
('1ERE', 'Physique chimie', 'cohesion de la matière - structure des entités organiques', 'cohesion  ,  concentration , groupes caractéristiques , spectre IR', '-', '2020-04-29 00:00:00', 244),
('2NDE', 'Physique chimie', 'transformations nucléaires ;', 'transformations nucléaires', '-', '2020-04-29 00:00:00', 243),
('1ERE', 'Physique chimie', '1SPE ondes mécaniques - période -longueur d\'onde - célérité - retard', 'SPE ondes mecaniques', '-', '2020-04-29 00:00:00', 242),
('2NDE', 'Physique chimie', 'décrire un mouvement , vecteur vitesse', 'mouvement  vecteur vitesse', '-', '2020-04-29 00:00:00', 241),
('6EME', 'Technologie', 'Fonctions et solutions techniques, Types de transmissions', 'Transmission, Fonctions, Solutions', '-', '2020-04-29 00:00:00', 240),
('1ERE', 'Sciences de la vie et de la terre', 'QCM sur tous les chapitres du système immunitaire', 'système immunitaire', '-', '2020-04-29 00:00:00', 239),
('6EME', 'Technologie', 'Un QCM sur les familles de matériaux', 'Matériaux', '-', '2020-04-29 00:00:00', 238),
('6EME', 'Technologie', 'Un QCM sur les matériaux et matériels', 'Matériaux', '-', '2020-04-29 00:00:00', 237),
('6EME', 'Mathématiques', 'choix multiples', 'multiplications,divisions', '-', '2020-04-29 00:00:00', 236),
('1ERE', 'Sciences de la vie et de la terre', 'QCM sur le chapitre de l\'immunité innée', 'Immunité Innée', '-', '2020-04-28 00:00:00', 235),
('4EME', 'Physique chimie', 'constitution de la matière', 'états de la matière- modélisation- conservation de la masse', '-', '2020-04-28 00:00:00', 234),
('1ERE', 'Génie mécanique', 'Habilitation électrique', 'Maintenance véhicules', '-', '2020-04-28 00:00:00', 233),
('2NDE', 'Génie mécanique', 'Refroidissement Moto', 'Refroidissement Moto', '-', '2020-04-27 00:00:00', 232),
('TERMINALE', 'Physique chimie', 'relation De Broglie, calculs , émission stimulée dans un laser', 'Laser et dualité onde-particule', '-', '2020-04-27 00:00:00', 231),
('TERMINALE', 'Education physique et sportive', 'l\'activité physique un paramètre très important pour la santé', 'sport, santé', '-', '2020-04-27 00:00:00', 230),
('4EME', 'Physique chimie', 'QCM sur les signaux lumineux, lentilles, sources...', 'signaux lumineux', '-', '2020-04-27 00:00:00', 229),
('1ERE', 'Physique chimie', 'Question sur les notions de son pur, son composé, période, fréquence, harmonique, corde vibrante', 'Le son, phénomène vibratoire', '-', '2020-04-27 00:00:00', 228),
('CAP1', 'Génie mécanique', 'Le pneumatique', 'Maintenance véhicules', '-', '2020-04-26 00:00:00', 223),
('TERMINALE', 'Génie mécanique', 'Géométrie des trains roulants', 'Maintenance véhicules', '-', '2020-04-26 00:00:00', 222),
('2NDE', 'Sciences de la vie et de la terre', '20 questions de cours sur la reproduction, sexualité, contraception ', 'Procréation sexualité', '-', '2020-04-26 00:00:00', 221),
('2NDE', 'Physique chimie', '-', 'chimie, transformations physiques', '-', '2020-04-26 00:00:00', 220),
('2NDE', 'Physique chimie', '-', 'chimie, stabilité éléments chimiques', '-', '2020-04-26 00:00:00', 219),
('2NDE', 'Physique chimie', '-', 'chimie, molécule', '-', '2020-04-26 00:00:00', 218),
('2NDE', 'Physique chimie', '-', 'chimie, atome', '-', '2020-04-26 00:00:00', 217),
('2NDE', 'Physique chimie', '-', 'physique, mouvements, forces', '-', '2020-04-26 00:00:00', 216),
('2NDE', 'Physique chimie', '-', 'chimie, solution', '-', '2020-04-26 00:00:00', 215),
('2NDE', 'Physique chimie', '-', 'chimie, corps purs, corps composés', '-', '2020-04-26 00:00:00', 214),
('2NDE', 'Physique chimie', '-', 'physique, vision, image, lentille', '-', '2020-04-26 00:00:00', 213),
('2NDE', 'Physique chimie', '-', 'physique, spectres', '-', '2020-04-26 00:00:00', 212),
('2NDE', 'Physique chimie', '-', 'physique, réfraction, réflexion', '-', '2020-04-26 00:00:00', 211),
('2NDE', 'Physique chimie', '-', 'physique, propagation lumière', '-', '2020-04-26 00:00:00', 210),
('TERMINALE', 'Sciences de la vie et de la terre', 'Tout le programme de neuro', 'neurologie', '-', '2020-04-26 00:00:00', 209),
('TERMINALE', 'Sciences de la vie et de la terre', 'tout le programme de géologie en 40 questions', 'géologie', '-', '2020-04-26 00:00:00', 208),
('5EME', 'Sciences de la vie et de la terre', 'leçon pas à pas, mettre en évidence les échanges gazeux', 'nutrition respiration', '-', '2020-04-25 00:00:00', 207),
('5EME', 'Sciences de la vie et de la terre', 'qcm entraînement ou évaluation appareil respiratoire poumons', 'nutrition respiration', '-', '2020-04-25 00:00:00', 206),
('5EME', 'Sciences de la vie et de la terre', 'leçon pas à pas, appareil respiratoire : poumons', 'nutrition respiration', '-', '2020-04-25 00:00:00', 205),
('TERMINALE', 'Sciences de la vie et de la terre', '30 questions type choix multiple sur le chapitre glycémie et diabète', 'glycémie, diabète, spécialité', '-', '2020-04-25 00:00:00', 204),
('TERMINALE', 'Physique chimie', 'TS transformations chimiques chimie', 'TS chimie organique', '-', '2020-04-24 00:00:00', 203),
('TERMINALE', 'Physique chimie', 'transferts quantiques', 'laser', '-', '2020-04-24 00:00:00', 202),
('2NDE', 'Physique chimie', 'Spectre questions simples', 'Spectre', '-', '2020-04-24 00:00:00', 201),
('2NDE', 'Physique chimie', 'questions et calculs autour de la réfraction et les lois de Snell-Descartes', 'réfraction lois de Snell-Descartes', '-', '2020-04-24 00:00:00', 200),
('2NDE', 'Physique chimie', 'Questions simple sur transformations physiques et transferts thermique', 'transferts thermiques transformations physqiues', '-', '2020-04-24 00:00:00', 199),
('2NDE', 'Physique chimie', 'M1 Mouvement et référentiel', 'M1 Mouvement et référentiel', '-', '2020-04-24 00:00:00', 198),
('2NDE', 'Physique chimie', 'VItesse : calcul et représentation', 'VItesse : calcul et représentation', '-', '2020-04-24 00:00:00', 197),
('2NDE', 'Physique chimie', 'M2', 'VItesse : calucl et représentation', '-', '2020-04-24 00:00:00', 196),
('2NDE', 'Physique chimie', 'A4', 'Mole, n, m', '-', '2020-04-24 00:00:00', 195),
('2NDE', 'Physique chimie', 'A3', 'Vrs une plus grande stabilité ions et moélcules', '-', '2020-04-24 00:00:00', 194),
('2NDE', 'Physique chimie', 'A2', 'Structure électronique 1s2s2p..', '-', '2020-04-24 00:00:00', 193),
('1ERE', 'Physique chimie', 'Son et corde vibrante', 'Son et corde vibrante', '-', '2020-04-24 00:00:00', 192),
('1ERE', 'Physique chimie', 'Energie solaire', 'Energie solaire', '-', '2020-04-24 00:00:00', 191),
('1ERE', 'Physique chimie', 'Terre, méridien....', 'La Terre, méridien', '-', '2020-04-24 00:00:00', 190),
('1ERE', 'Physique chimie', 'Cristallographie', 'Les cristaux', '-', '2020-04-24 00:00:00', 189),
('1ERE', 'Physique chimie', 'Radioactivité', 'Radioactivité', '-', '2020-04-24 00:00:00', 188),
('1ERE', 'Physique chimie', '-', 'Origine élement', '-', '2020-04-24 00:00:00', 187),
('TERMINALE', 'Histoire géographie', 'Quizz sur les chapitres Asie du Sud et de l\'Est, Mumbai, Chine-Japon', 'Quizz. Geographie. Asie. Terminales ES', '-', '2020-04-24 00:00:00', 186),
('5EME', 'Mathématiques', 'Cinq questions sur le chapitre : calculer une quatrième proportionnelle. Tableaux de proportionnalité, pourcentages et échelles.', 'quatrième proportionnelle proportionnalité échelles pourcentage', '-', '2020-04-24 00:00:00', 185),
('4EME', 'Physique chimie', 'définition, appareil de mesure, unité, branchement du voltmètre, calibre, lecture de mesures', 'La tension électrique', '-', '2020-04-24 00:00:00', 184),
('3EME', 'Physique chimie', 'rappels sur le vocabulaire des transformations chimiques', 'transformation chimique', '-', '2020-04-24 00:00:00', 183),
('6EME', 'Physique chimie', 'définitions :mélange aqueux/ homogène/hétérogène - dissolution...', 'les mélanges', '-', '2020-04-24 00:00:00', 182),
('4EME', 'Physique chimie', 'rappels sur l\'usage du voltmètre, lois de le tension, adaptation générateur/lampe', 'La tension électrique', '-', '2020-04-24 00:00:00', 181),
('1ERE', 'Physique chimie', 'Enseignement scientifique ', 'Le son, phénomène vibratoire', '-', '2020-04-24 00:00:00', 180),
('1ERE', 'Physique chimie', '1ere spé - QCM bilan sur les chapitres :- dosage- beer lambert-energie mecanique- geometrie des molecules', 'beer lambert, energie mecanique, molecules, dosage', '-', '2020-04-24 00:00:00', 179),
('1ERE', 'Sciences', 'qcm leçon', 'terre, astre singulier ,latitude, longitude, ', '-', '2020-04-24 00:00:00', 178),
('2NDE', 'Physique chimie', 'qcm leçon', 'reactions nucleaires', '-', '2020-04-24 00:00:00', 177),
('1ERE', 'Physique chimie', 'qcm leçon', 'spectres', '-', '2020-04-24 00:00:00', 176),
('6EME', 'Mathématiques', 'Qcm sur les conversions de longueurs', 'conversion longueur metre', '-', '2020-04-23 00:00:00', 175),
('4EME', 'Physique chimie', 'Qcm sur les états et les changements d\'état', 'changement état molécule interprétation moléculaire', '-', '2020-04-23 00:00:00', 174),
('6EME', 'Physique chimie', 'Qcm sur la vitesse', 'vitesse', '-', '2020-04-23 00:00:00', 173),
('6EME', 'Physique chimie', 'Qcm sur le système solaire d\'après c\'est pas sorcier', 'Systeme solaire', '-', '2020-04-23 00:00:00', 172),
('5EME', 'Physique chimie', '-', 'mouvement vitesse', '-', '2020-04-23 00:00:00', 171),
('5EME', 'Physique chimie', '-', 'schéma électrique', '-', '2020-04-23 00:00:00', 170),
('5EME', 'Physique chimie', '-', 'mouvement trajectoire', '-', '2020-04-23 00:00:00', 169),
('5EME', 'Physique chimie', '-', 'court-circuit', '-', '2020-04-23 00:00:00', 168),
('5EME', 'Physique chimie', '-', 'conversion volume', '-', '2020-04-23 00:00:00', 167),
('5EME', 'Physique chimie', '-', 'conversion volume', '-', '2020-04-23 00:00:00', 166),
('4EME', 'Physique chimie', '-', 'conversion intensité', '-', '2020-04-23 00:00:00', 165),
('5EME', 'Physique chimie', '-', 'conversion aire', '-', '2020-04-23 00:00:00', 164),
('5EME', 'Physique chimie', '-', 'circuit série ou dérivation', '-', '2020-04-23 00:00:00', 163),
('6EME', 'Physique chimie', '-', 'conversion masse et volume', '-', '2020-04-23 00:00:00', 162),
('6EME', 'Physique chimie', '-', 'convertisseurs et sources d\'énergie', '-', '2020-04-23 00:00:00', 161),
('6EME', 'Physique chimie', '-', 'vocabulaire filtration', '-', '2020-04-23 00:00:00', 160),
('6EME', 'Physique chimie', '-', 'formes d\'énergies', '-', '2020-04-23 00:00:00', 159),
('6EME', 'Physique chimie', '-', 'mélange homogène et hétérogène', '-', '2020-04-23 00:00:00', 158),
('6EME', 'Physique chimie', 'nommer la verrerie', 'verrerie', '-', '2020-04-23 00:00:00', 157),
('5EME', 'Sciences de la vie et de la terre', 'question-schémas muets-graphique', 'Fonctionnement de l\'organisme lors d\'un effort musculaire', '-', '2020-04-23 00:00:00', 156),
('5EME', 'Sciences de la vie et de la terre', 'question-schémas muets-graphique', 'Fonctionnement de l\'organisme lors d\'un effort musculaire', '-', '2020-04-23 00:00:00', 155),
('6EME', 'Histoire géographie', 'localisation de certains EFC ', 'espaces à fortes contraintes', '-', '2020-04-23 00:00:00', 154),
('5EME', 'Physique chimie', 'Les états et changements d\'états physiques de l\'eau', 'états physiques', '-', '2020-04-23 00:00:00', 153),
('5EME', 'Physique chimie', 'Les circuits électriques', 'Circuit électrique', '-', '2020-04-23 00:00:00', 152),
('5EME', 'Physique chimie', 'L\'énergie électrique : de la centrale à l\'habitation', 'énergie électrique', '-', '2020-04-23 00:00:00', 151),
('1ERE', 'Mathématiques', 'équations cartésiennes de droites, vecteur normal', 'équations cartésiennes de droites, vecteur normal', '-', '2020-04-23 00:00:00', 150),
('6EME', 'Physique chimie', 'QCM sur le vocabulaire lié au mouvement, à la trajectoire et à la vitesse et sur les unités', 'Mouvements, trajectoire, vitesse', '-', '2020-04-23 00:00:00', 149),
('3EME', 'Mathématiques', 'Appliquer théorème et réciproque de Thalès-Pythagore-Trigonométrie-Problème', 'Thalès-Géométrie', '-', '2020-04-23 00:00:00', 148),
('TERMINALE', 'Mathématiques', 'Vocabulaire et Intervalle de fluctuation asymptotique', 'Échantillonnages', '-', '2020-04-23 00:00:00', 147),
('TERMINALE', 'Mathématiques', 'loi normale et loi uniforme', 'Lois à densité ', '-', '2020-04-23 00:00:00', 146),
('2NDE', 'Mathématiques', 'Images, antécédents, lectures graphiques', 'Fonctions généralités', '-', '2020-04-23 00:00:00', 145),
('TERMINALE', 'Sciences de la vie et de la terre', '-', 'LB, LTCD4, LTCD8', '-', '2020-04-23 00:00:00', 144),
('1ERE', 'Mathématiques', '-', 'Applications de la dérivation', '-', '2020-04-23 00:00:00', 143),
('1ERE', 'Mathématiques', '-', 'Fonctions trigonométriques', '-', '2020-04-23 00:00:00', 142),
('2NDE', 'Mathématiques', 'Utilisation du déterminant', 'Vecteurs - Colinéarité', '-', '2020-04-23 00:00:00', 141),
('2NDE', 'Mathématiques', '-', 'Equations réduites de droites - parallélisme', '-', '2020-04-23 00:00:00', 140),
('2NDE', 'Mathématiques', 'Droites horizontales, verticales, obliques', 'Equations réduites de droites ', '-', '2020-04-23 00:00:00', 139),
('2NDE', 'Mathématiques', 'moyenne, médiane, écart-type', 'Statitiques - Gestion des données ', '-', '2020-04-23 00:00:00', 138),
('2NDE', 'Sciences de la vie et de la terre', 'QCM sur chapitre agrosystème et sol', 'Agrosystème', '-', '2020-04-23 00:00:00', 137),
('1ERE', 'Sciences de la vie et de la terre', '-', 'Génétique et santé', '-', '2020-04-23 00:00:00', 136),
('3EME', 'Physique chimie', '-', 'pH', '-', '2020-04-23 00:00:00', 135),
('3EME', 'Physique chimie', '-', 'masse volumique', '-', '2020-04-23 00:00:00', 134),
('3EME', 'Physique chimie', '-', 'intensité, lois intensité, tension, lois tension', '-', '2020-04-23 00:00:00', 133),
('4EME', 'Physique chimie', '-', 'mouvement', '-', '2020-04-23 00:00:00', 132),
('5EME', 'Physique chimie', '-', 'mélanges, transformation chimique, transformation physique', '-', '2020-04-23 00:00:00', 131),
('5EME', 'Physique chimie', '-', 'états physiques, modélisation états physiques, propriétés états physiques', '-', '2020-04-23 00:00:00', 130),
('4EME', 'Physique chimie', '-', 'Intensité, lois intensité', '-', '2020-04-23 00:00:00', 129),
('4EME', 'Physique chimie', '-', 'changement d\'état, courbe de changement d\'état', '-', '2020-04-23 00:00:00', 128),
('4EME', 'Physique chimie', '-', 'atome, molécule', '-', '2020-04-23 00:00:00', 127),
('6EME', 'Physique chimie', '-', 'mouvement', '-', '2020-04-23 00:00:00', 126),
('6EME', 'Physique chimie', '-', 'mélange, transformation physique, transformation chimique', '-', '2020-04-23 00:00:00', 125),
('5EME', 'Sciences de la vie et de la terre', 'Faire rapidement le point sur les deux chapitres traités en confinement', 'Transport (circualtion sanguine) élimination des déchets (excrétion)', '-', '2020-04-23 00:00:00', 124),
('5EME', 'Physique chimie', 'niveau cinquième chaîne d\'énergie, circuit électrique et schéma normalisé (début) ', 'sources énergie chaîne circuit électrique schéma normalisé', '-', '2020-04-23 00:00:00', 123),
('3EME', 'Physique chimie', 'Puissance et énergie électrique consommée', 'énergie électrique ', '-', '2020-04-23 00:00:00', 122),
('3EME', 'Physique chimie', 'Puissance et intensité, protection de l\'installation électrique', 'puissance ', '-', '2020-04-23 00:00:00', 121),
('4EME', 'Physique chimie', 'les lois de l\'électricité', 'les lois de l\'électricité', '-', '2020-04-23 00:00:00', 120),
('5EME', 'Physique chimie', '-', 'Solution et mélanges', '-', '2020-04-23 00:00:00', 119),
('6EME', 'Sciences', '-', 'mouvement', '-', '2020-04-23 00:00:00', 118),
('6EME', 'Sciences de la vie et de la terre', 'qcm cours \"pas à pas\" sur les besoins des plantes.Exploiter des résultats d\'expérience', 'les besoins des plantes', '-', '2020-04-23 00:00:00', 117),
('6EME', 'Sciences de la vie et de la terre', 'qcm \"pas à pas\" cours, les relations entre les êtres vivants, avec l\'exemple des relations entre la poule et d\'autres êtres vivants', 'les relations entre les êtres vivants', '-', '2020-04-23 00:00:00', 116),
('6EME', 'Sciences de la vie et de la terre', 'qcm pas à pas lire un graphique, niveau cycle 3 en lien avec la croissance des animaux', 'lire et construire un graphique', '-', '2020-04-23 00:00:00', 114),
('TERMINALE', 'Physique chimie', 'TST2S : oxydoréduction et chimie organique', 'TST2S, oxydation, alcools, sucre réducteur,acide lactique', '-', '2020-04-22 00:00:00', 113),
('TERMINALE', 'Physique chimie', 'TST2S : réactions et dosages (titrages) d\'oxydoréduction', 'TST2S, dosage, oxydréduction, oxydant, réducteur', '-', '2020-04-22 00:00:00', 112),
('TERMINALE', 'Physique chimie', 'TST2S : Saponification', 'TST2S, saponification, chauffage à reflux, liposome, micelle', '-', '2020-04-22 00:00:00', 111),
('TERMINALE', 'Physique chimie', 'TST2S : les triglycérides et les polyesters', 'TST2S, triglycérides, acide gras saturé,polyester', '-', '2020-04-22 00:00:00', 110),
('TERMINALE', 'Physique chimie', 'TST2S : les esters', 'TST2S, ester, estérification, hydrolyse', '-', '2020-04-22 00:00:00', 109),
('TERMINALE', 'Physique chimie', 'TST2S : La liaison peptidique', 'TST2S, liaison peptidique, dipeptide, acide alpha aminé, condensation', '-', '2020-04-22 00:00:00', 108),
('TERMINALE', 'Physique chimie', 'TST2S : de l\'aspartame au acides alpha aminés', 'TST2S, aspartame, groupes fonctionnels, acides alphaaminés', '-', '2020-04-22 00:00:00', 107),
('TERMINALE', 'Physique chimie', 'TST2S : de l\'aspartame au acides alpha aminés', 'TST2S, aspartame, groupes fonctionnels, acides alphaaminés', '-', '2020-04-22 00:00:00', 106),
('TERMINALE', 'Physique chimie', 'TST2S- acides et bases', 'TST2S, acide, base, pH', '-', '2020-04-22 00:00:00', 105),
('2NDE', 'Physique chimie', 'Trouver les bons coefficients stœchiométriques de diverses réactions chimiques (50 équations de tout niveau, certaines simples, d\'autres plus complexes).', 'Equilibrer des équations de réaction', '-', '2020-04-22 00:00:00', 104),
('2NDE', 'Physique chimie', 'QCM sur la notion de réactif limitant. Trouver le réactif limitant d\'après l\'équation de réaction et les quantités de matière initiales.', 'Réactif limitant, transformation chimique', '-', '2020-04-22 00:00:00', 103),
('2NDE', 'Physique chimie', 'QCM simple sur les transformations physiques, niveau seconde', 'Transformation physique', '-', '2020-04-22 00:00:00', 102),
('TERMINALE', 'Physique chimie', 'TST2S_dosage acide_baseTest de connaissances', 'TST2S, dosage, acide, base', '-', '2020-04-22 00:00:00', 101),
('3EME', 'Physique chimie', 'petit test sur l\'atome: composition, dimensions, classification périodique', 'matière atomes', '-', '2020-04-22 00:00:00', 100),
('5EME', 'Physique chimie', 'Petit bilan sur l\'électricité 5ème', 'Electricité', '-', '2020-04-22 00:00:00', 99),
('2NDE', 'Physique chimie', 'notions cours sur la quantité de matière', 'quantité de matière', '-', '2020-04-22 00:00:00', 98),
('2NDE', 'Physique chimie', 'notions cours ', 'transformations nucléaires', '-', '2020-04-22 00:00:00', 97),
('2NDE', 'Physique chimie', 'notions cours ', 'transformations physiques', '-', '2020-04-22 00:00:00', 96),
('2NDE', 'Physique chimie', 'notions cours sur le vocabulaire transformation chimique, réaction, équation', 'transformations chimiques', '-', '2020-04-22 00:00:00', 95),
('TERMINALE', 'Physique chimie', 'notions cours sur la flèche courbe, electronegativité, polarité ...', 'transformations chimiques microscopiques', '-', '2020-04-22 00:00:00', 94),
('TERMINALE', 'Physique chimie', 'notions cours sur les différents types de réaction addition, elimination, substitution...', 'transformations chimiques macroscopiques', '-', '2020-04-22 00:00:00', 93),
('TERMINALE', 'Physique chimie', 'notions cours sur le travail d\'une force et energie', 'travail d\'une force et energie', '-', '2020-04-22 00:00:00', 92),
('TERMINALE', 'Physique chimie', 'notions cours sur la relativité restreinte', 'relativité restreinte', '-', '2020-04-22 00:00:00', 91),
('6EME', 'Physique chimie', 'QCM sur les mélanges et les techniques de séparation', 'Mélanges, techniques de séparation', '-', '2020-04-22 00:00:00', 89),
('TERMINALE', 'Physique chimie', 'TS enjeux énergétiques', 'chimie, enjeux énergétiques', '-', '2020-04-22 00:00:00', 90),
('TERMINALE', 'Physique chimie', 'TS transferts quantiques', 'physique, énergie, quantique', '-', '2020-04-22 00:00:00', 88),
('TERMINALE', 'Physique chimie', 'TS transferts énergétiques', 'physique, énergie, thermique', '-', '2020-04-22 00:00:00', 87),
('TERMINALE', 'Physique chimie', 'TS stratégie de synthèse', 'chimie, synthèse', '-', '2020-04-22 00:00:00', 86),
('TERMINALE', 'Physique chimie', 'TS développement durable', 'chimie, développement durable', '-', '2020-04-22 00:00:00', 85),
('TERMINALE', 'Physique chimie', 'TS titrage de l\'aspirine', 'chimie, titrage', '-', '2020-04-22 00:00:00', 84),
('TERMINALE', 'Physique chimie', 'TS dosages par étalonnage', 'chimie, dosage, étalonnage', '-', '2020-04-22 00:00:00', 83),
('TERMINALE', 'Physique chimie', 'TS titrages directs', 'chimie, titrage', '-', '2020-04-22 00:00:00', 82),
('TERMINALE', 'Physique chimie', 'TS généralités sur acides et bases', 'chimie, acide base, pH', '-', '2020-04-22 00:00:00', 81),
('TERMINALE', 'Physique chimie', 'TS mécanismes réactionnels', 'chimie, mécanismes', '-', '2020-04-22 00:00:00', 80),
('TERMINALE', 'Physique chimie', 'TS transformations chimiques', 'chimie, transformations chimiques', '-', '2020-04-22 00:00:00', 79),
('TERMINALE', 'Physique chimie', 'TS stéréochimie', 'chimie, stéréochimie, isomérie', '-', '2020-04-22 00:00:00', 78),
('TERMINALE', 'Physique chimie', 'TS cinétique d\'une réaction', 'chimie, cinétique', '-', '2020-04-22 00:00:00', 77),
('TERMINALE', 'Physique chimie', 'TS relativité du temps', 'mécanique, relativité', '-', '2020-04-22 00:00:00', 76),
('TERMINALE', 'Physique chimie', 'TS travail d\'une force et énergie mécanique', 'mécanique, travail, énergie', '-', '2020-04-22 00:00:00', 75),
('TERMINALE', 'Physique chimie', 'TS lois de képler', 'mécanique, képler', '-', '2020-04-22 00:00:00', 74),
('TERMINALE', 'Physique chimie', 'TS généralités en mécanique', 'mécanique', '-', '2020-04-22 00:00:00', 73),
('TERMINALE', 'Physique chimie', 'TS généralités en mécanique', 'mécanique', '-', '2020-04-22 00:00:00', 72),
('TERMINALE', 'Physique chimie', 'TS généralités en mécanique', 'mécanique', '-', '2020-04-22 00:00:00', 71),
('TERMINALE', 'Physique chimie', 'TS RMN', 'RMN, spectre', '-', '2020-04-22 00:00:00', 70);
INSERT INTO `indexeducation` (`Niveau`, `Matiere`, `Description`, `Motes_Clefs`, `Auteur`, `Date`, `N_fichier_XML`) VALUES
('TERMINALE', 'Physique chimie', 'TS nomenclature', 'nomenclature', '-', '2020-04-22 00:00:00', 69),
('TERMINALE', 'Physique chimie', 'TS analyse spectrale', 'analyse spectrale, UV, spectres', '-', '2020-04-22 00:00:00', 68),
('TERMINALE', 'Physique chimie', 'TS propriétés des ondes', 'ondes', '-', '2020-04-22 00:00:00', 67),
('TERMINALE', 'Physique chimie', 'TS caractéristiques des ondes', 'ondes', '-', '2020-04-22 00:00:00', 66),
('TERMINALE', 'Physique chimie', 'TS ondes et particules', 'ondes, particules', '-', '2020-04-22 00:00:00', 65),
('1ERE', 'Physique chimie', 'calculs sur le travail d\'une force et l\'énergie cinétique et potentielle', 'STI2D, énergie, travail', '-', '2020-04-22 00:00:00', 64),
('1ERE', 'Physique chimie', 'mole et grandeurs liées', 'STI2D, chimie', '-', '2020-04-22 00:00:00', 63),
('1ERE', 'Physique chimie', 'forces, évaluation diagnostique', 'STI2D, mécanique', '-', '2020-04-22 00:00:00', 62),
('1ERE', 'Physique chimie', 'forces et énergies, évaluation formative', 'STI2D, mécanique, énergie', '-', '2020-04-22 00:00:00', 61),
('1ERE', 'Physique chimie', 'cinématique, évaluation formative', 'STI2D, mécanique', '-', '2020-04-22 00:00:00', 60),
('1ERE', 'Physique chimie', 'cinématique, évaluation diagnostique', 'STI2D, mécanique', '-', '2020-04-22 00:00:00', 59),
('1ERE', 'Physique chimie', 'forces', 'STI2D, mécanique', '-', '2020-04-22 00:00:00', 58),
('1ERE', 'Physique chimie', 'principe d\'inertie', 'STI2D, mécanique', '-', '2020-04-22 00:00:00', 57),
('1ERE', 'Physique chimie', 'notion, de référentiel', 'STI2D, mécanique', '-', '2020-04-22 00:00:00', 56),
('1ERE', 'Education physique et sportive', '-', 'sport, cinéma', '-', '2020-04-22 00:00:00', 55),
('TERMINALE', 'Physique chimie', 'questions variées', 'représentation spatiale', '-', '2020-04-22 00:00:00', 54),
('1ERE', 'Sciences', '-', 'enseignement scientifique, cristaux', '-', '2020-04-22 00:00:00', 53),
('1ERE', 'Sciences', '-', 'enseignement scientifique, réactions nucléaires', '-', '2020-04-22 00:00:00', 52),
('1ERE', 'Sciences', '-', 'enseignement scientifique, radiactivité', '-', '2020-04-22 00:00:00', 51),
('1ERE', 'Sciences', '-', 'enseignement scientifique, éléments chimiques', '-', '2020-04-22 00:00:00', 50),
('1ERE', 'Sciences', '-', 'enseignement scientifique, atomes', '-', '2020-04-22 00:00:00', 49),
('1ERE', 'Sciences', '-', 'enseignement scientifique, lumière', '-', '2020-04-22 00:00:00', 48),
('1ERE', 'Sciences', '-', 'enseignement scientifique, température de surface d\'une étoile', '-', '2020-04-22 00:00:00', 47),
('1ERE', 'Sciences', '-', 'enseignement scientifique, le son', '-', '2020-04-22 00:00:00', 46),
('1ERE', 'Sciences', '-', 'enseignement scientifique, le son', '-', '2020-04-22 00:00:00', 45),
('1ERE', 'Sciences', '-', 'enseignement scientifique, puissance radiative', '-', '2020-04-22 00:00:00', 44),
('1ERE', 'Sciences', '-', 'forme de la terre, enseignement scientifique', '-', '2020-04-22 00:00:00', 43),
('1ERE', 'Sciences', '-', 'rayonnement solaire, enseignement scientifique', '-', '2020-04-22 00:00:00', 42),
('TERMINALE', 'Physique chimie', 'QCM bilan du chapitre sur la stéréoisomérie', 'stéréoisomérie, énantiomère, diatéréoisomère, conformation, configuration', '-', '2020-04-22 00:00:00', 41),
('4EME', 'Physique chimie', 'Rappels 5ème sur les conducteurs et isolants', 'conducteurs, isolants', '-', '2020-04-22 00:00:00', 40),
('6EME', 'Physique chimie', 'Différencier grandeur, unité, instrument (temps, longueur)', 'grandeur, unité, instrument, temps, longueur', '-', '2020-04-22 00:00:00', 39),
('2NDE', 'Physique chimie', 'QCM fin de chapitre lois de l\'électricité, sommatif', 'électricité, seconde', '-', '2020-04-22 00:00:00', 38),
('2NDE', 'Physique chimie', 'Stabilite des entites chimiques', '-', '-', '2020-04-22 00:00:00', 37),
('3EME', 'Anglais', 'Conjugaison de verbes irréguliers au Prétérit et au Participe Passé, texte à trous de conjugaison.', 'Verbes irréguliers, conjugaison', '-', '2020-04-21 00:00:00', 36),
('2NDE', 'Mathématiques', 'Introduction pourcentage', 'Pourcentage', '-', '2020-04-21 00:00:00', 35),
('2NDE', 'Mathématiques', 'Moyenne, écart-type,', 'Statistiques', '-', '2020-04-21 00:00:00', 34),
('2NDE', 'Mathématiques', 'Exercice pourcentage d\'évolution', 'Pourcentage', '-', '2020-04-21 00:00:00', 33),
('1ERE', 'Mathématiques', 'Introduction Probabilités', 'Probabilités', '-', '2020-04-21 00:00:00', 32),
('2NDE', 'Physique chimie', '2nde - Cours 03 - Stabilité des espèces chimiques', 'Stabilité des espèces chimiques', '-', '2020-04-20 00:00:00', 29),
('2NDE', 'Physique chimie', '2nde - Cours 02 - Le cortège électronique de l\'atome', 'Cortège électronique ', '-', '2020-04-20 00:00:00', 30),
('2NDE', 'Physique chimie', '2nde - Cours 01 - Le modèle de l\'atome', 'atome, noyau', '-', '2020-04-20 00:00:00', 31);

-- --------------------------------------------------------

--
-- Structure de la table `notifications_plugin_notification`
--

CREATE TABLE `notifications_plugin_notification` (
  `id` int(11) NOT NULL,
  `read` tinyint(1) NOT NULL,
  `timestamp` datetime(6) NOT NULL,
  `read_on` datetime(6) DEFAULT NULL,
  `message_id` int(11) NOT NULL,
  `receiver_id` int(11) NOT NULL
) ENGINE=InnoDB DEFAULT CHARSET=latin1;

-- --------------------------------------------------------

--
-- Structure de la table `notifications_plugin_notificationmessage`
--

CREATE TABLE `notifications_plugin_notificationmessage` (
  `id` int(11) NOT NULL,
  `summary` varchar(255) NOT NULL,
  `description` longtext NOT NULL,
  `message_type` varchar(20) NOT NULL,
  `uid` char(32) NOT NULL,
  `created_on` datetime(6) NOT NULL,
  `modified_on` datetime(6) NOT NULL,
  `creator_id` int(11) NOT NULL
) ENGINE=InnoDB DEFAULT CHARSET=latin1;

-- --------------------------------------------------------

--
-- Structure de la table `social_auth_association`
--

CREATE TABLE `social_auth_association` (
  `id` int(11) NOT NULL,
  `server_url` varchar(255) NOT NULL,
  `handle` varchar(255) NOT NULL,
  `secret` varchar(255) NOT NULL,
  `issued` int(11) NOT NULL,
  `lifetime` int(11) NOT NULL,
  `assoc_type` varchar(64) NOT NULL
) ENGINE=InnoDB DEFAULT CHARSET=latin1;

-- --------------------------------------------------------

--
-- Structure de la table `social_auth_code`
--

CREATE TABLE `social_auth_code` (
  `id` int(11) NOT NULL,
  `email` varchar(254) NOT NULL,
  `code` varchar(32) NOT NULL,
  `verified` tinyint(1) NOT NULL,
  `timestamp` datetime(6) NOT NULL
) ENGINE=InnoDB DEFAULT CHARSET=latin1;

-- --------------------------------------------------------

--
-- Structure de la table `social_auth_nonce`
--

CREATE TABLE `social_auth_nonce` (
  `id` int(11) NOT NULL,
  `server_url` varchar(255) NOT NULL,
  `timestamp` int(11) NOT NULL,
  `salt` varchar(65) NOT NULL
) ENGINE=InnoDB DEFAULT CHARSET=latin1;

-- --------------------------------------------------------

--
-- Structure de la table `social_auth_partial`
--

CREATE TABLE `social_auth_partial` (
  `id` int(11) NOT NULL,
  `token` varchar(32) NOT NULL,
  `next_step` smallint(5) UNSIGNED NOT NULL CHECK (`next_step` >= 0),
  `backend` varchar(32) NOT NULL,
  `data` longtext NOT NULL,
  `timestamp` datetime(6) NOT NULL
) ENGINE=InnoDB DEFAULT CHARSET=latin1;

-- --------------------------------------------------------

--
-- Structure de la table `social_auth_usersocialauth`
--

CREATE TABLE `social_auth_usersocialauth` (
  `id` int(11) NOT NULL,
  `provider` varchar(32) NOT NULL,
  `uid` varchar(255) NOT NULL,
  `extra_data` longtext NOT NULL,
  `user_id` int(11) NOT NULL
) ENGINE=InnoDB DEFAULT CHARSET=latin1;

-- --------------------------------------------------------

--
-- Structure de la table `stats_lessonlog`
--

CREATE TABLE `stats_lessonlog` (
  `id` int(11) NOT NULL,
  `last_access_time` datetime(6) NOT NULL,
  `track_id` int(11) NOT NULL,
  `current_time` varchar(20) NOT NULL
) ENGINE=InnoDB DEFAULT CHARSET=latin1;

--
-- Déchargement des données de la table `stats_lessonlog`
--

INSERT INTO `stats_lessonlog` (`id`, `last_access_time`, `track_id`, `current_time`) VALUES
(1, '2021-07-25 18:03:32.980944', 7, '00:00:52'),
(2, '2021-07-25 18:04:25.127849', 7, '00:01:44'),
(3, '2021-07-25 18:05:17.391497', 7, '00:02:36'),
(4, '2021-07-25 18:06:08.870793', 7, '00:03:28'),
(5, '2021-07-25 18:11:32.642060', 7, '00:00:52'),
(6, '2021-07-25 18:12:25.262852', 7, '00:01:44'),
(7, '2021-07-25 18:13:31.603960', 7, '00:02:36'),
(8, '2021-07-25 18:14:23.109953', 7, '00:03:28'),
(9, '2021-07-25 18:24:35.358298', 7, '00:00:52'),
(10, '2021-07-25 18:25:26.955526', 7, '00:01:44'),
(11, '2021-07-25 18:38:59.496874', 8, '00:01:13'),
(12, '2021-07-25 18:40:45.493249', 8, '00:02:27'),
(13, '2021-07-25 18:41:57.884597', 8, '00:03:43'),
(14, '2021-07-25 19:41:10.359727', 7, '00:00:52'),
(15, '2021-07-25 19:42:02.612345', 7, '00:01:44');

-- --------------------------------------------------------

--
-- Structure de la table `stats_tracklesson`
--

CREATE TABLE `stats_tracklesson` (
  `id` int(11) NOT NULL,
  `current_time` varchar(100) NOT NULL,
  `video_duration` varchar(100) NOT NULL,
  `creation_time` datetime(6) NOT NULL,
  `course_id` int(11) NOT NULL,
  `lesson_id` int(11) NOT NULL,
  `user_id` int(11) NOT NULL,
  `watched` tinyint(1) NOT NULL
) ENGINE=InnoDB DEFAULT CHARSET=latin1;

--
-- Déchargement des données de la table `stats_tracklesson`
--

INSERT INTO `stats_tracklesson` (`id`, `current_time`, `video_duration`, `creation_time`, `course_id`, `lesson_id`, `user_id`, `watched`) VALUES
(1, '00:00:00', '00:00:00', '2021-07-21 18:46:30.116506', 2, 1, 5, 0),
(2, '00:00:00', '00:00:00', '2021-07-22 04:27:31.381393', 15, 2, 6, 0),
(3, '00:00:00', '00:00:00', '2021-07-23 12:41:08.696010', 15, 2, 5, 0),
(4, '00:00:00', '00:00:00', '2021-07-23 13:06:23.085658', 15, 2, 3, 0),
(5, '00:00:00', '00:00:00', '2021-07-23 13:34:45.270097', 15, 2, 8, 0),
(6, '00:00:00', '00:00:00', '2021-07-25 17:22:30.536331', 2, 3, 5, 0),
(7, '00:03:28', '00:03:29', '2021-07-25 18:02:04.633655', 18, 4, 5, 1),
(8, '00:03:43', '00:04:54', '2021-07-25 18:06:09.148132', 18, 5, 5, 1),
(9, '00:00:00', '00:00:00', '2021-09-29 13:26:52.384159', 2, 11, 9, 0),
(10, '00:00:00', '00:00:00', '2021-09-29 19:16:01.603159', 19, 12, 6, 0);

-- --------------------------------------------------------

--
-- Structure de la table `taggit_tag`
--

CREATE TABLE `taggit_tag` (
  `id` int(11) NOT NULL,
  `name` varchar(100) NOT NULL,
  `slug` varchar(100) NOT NULL
) ENGINE=InnoDB DEFAULT CHARSET=latin1;

--
-- Déchargement des données de la table `taggit_tag`
--

INSERT INTO `taggit_tag` (`id`, `name`, `slug`) VALUES
(1, 'tttt', 'tttt'),
(2, 'rrr', 'rrr'),
(3, '5eme', '5eme'),
(4, 'n', 'n'),
(5, 'python', 'python'),
(6, 'value', 'value'),
(7, 'demo', 'demo'),
(8, 'integer', 'integer'),
(9, 'case_sensitive', 'case_sensitive'),
(10, 'print', 'print'),
(11, 'python2', 'python2'),
(12, 'string', 'string'),
(13, '1', '1'),
(14, 'casesensitive', 'casesensitive'),
(15, 'float', 'float'),
(16, 'decimal', 'decimal'),
(17, 'palindrome', 'palindrome'),
(18, 'reverse', 'reverse'),
(19, 'assertion', 'assertion'),
(20, 'code', 'code'),
(21, '2', '2'),
(22, 'stdio', 'stdio'),
(23, 'for', 'for'),
(24, 'cpp', 'cpp'),
(25, 'addition', 'addition'),
(26, 'numbers', 'numbers'),
(27, 'c++', 'c'),
(29, 'c', 'c_1'),
(30, 'hook', 'hook'),
(31, 'assignment', 'assignment'),
(32, 'upload', 'upload'),
(33, 'world', 'world'),
(34, 'grade', 'grade'),
(35, 'file', 'file'),
(36, 'hello', 'hello'),
(37, 'mcc', 'mcc'),
(38, 'sum', 'sum'),
(39, 'arrange', 'arrange'),
(40, 'echo', 'echo'),
(41, 'bash', 'bash'),
(42, 'easy', 'easy'),
(43, 'square', 'square'),
(44, 'java', 'java'),
(45, '3eme', '3eme');

-- --------------------------------------------------------

--
-- Structure de la table `taggit_taggeditem`
--

CREATE TABLE `taggit_taggeditem` (
  `id` int(11) NOT NULL,
  `object_id` int(11) NOT NULL,
  `content_type_id` int(11) NOT NULL,
  `tag_id` int(11) NOT NULL
) ENGINE=InnoDB DEFAULT CHARSET=latin1;

--
-- Déchargement des données de la table `taggit_taggeditem`
--

INSERT INTO `taggit_taggeditem` (`id`, `object_id`, `content_type_id`, `tag_id`) VALUES
(7, 1, 14, 3),
(6, 2, 14, 3),
(5, 3, 14, 3),
(4, 4, 14, 3),
(3, 5, 14, 3),
(8, 6, 14, 4),
(9, 6, 14, 5),
(10, 6, 14, 6),
(11, 6, 14, 7),
(12, 6, 14, 8),
(13, 7, 14, 5),
(14, 7, 14, 7),
(15, 7, 14, 9),
(16, 7, 14, 10),
(17, 7, 14, 11),
(18, 7, 14, 12),
(19, 7, 14, 13),
(20, 7, 14, 14),
(21, 8, 14, 5),
(22, 8, 14, 7),
(23, 8, 14, 13),
(24, 8, 14, 15),
(25, 8, 14, 16),
(26, 9, 14, 5),
(27, 9, 14, 7),
(28, 9, 14, 17),
(29, 9, 14, 18),
(30, 9, 14, 19),
(31, 9, 14, 20),
(32, 9, 14, 21),
(33, 10, 14, 5),
(34, 10, 14, 7),
(35, 10, 14, 13),
(36, 10, 14, 20),
(37, 10, 14, 22),
(38, 10, 14, 23),
(39, 11, 14, 7),
(40, 11, 14, 20),
(41, 11, 14, 21),
(42, 11, 14, 24),
(43, 11, 14, 25),
(44, 11, 14, 26),
(45, 11, 14, 27),
(46, 11, 14, 29),
(52, 12, 14, 5),
(53, 12, 14, 7),
(54, 12, 14, 13),
(55, 12, 14, 30),
(56, 12, 14, 31),
(47, 12, 14, 32),
(48, 12, 14, 33),
(49, 12, 14, 34),
(50, 12, 14, 35),
(51, 12, 14, 36),
(58, 13, 14, 5),
(59, 13, 14, 7),
(60, 13, 14, 18),
(61, 13, 14, 21),
(57, 13, 14, 37),
(62, 14, 14, 5),
(63, 14, 14, 13),
(64, 14, 14, 38),
(65, 14, 14, 39),
(71, 15, 14, 13),
(66, 15, 14, 33),
(67, 15, 14, 36),
(68, 15, 14, 40),
(69, 15, 14, 41),
(70, 15, 14, 42),
(75, 16, 14, 13),
(72, 16, 14, 42),
(73, 16, 14, 43),
(74, 16, 14, 44),
(76, 17, 14, 45);

-- --------------------------------------------------------

--
-- Structure de la table `translation_manager_remotetranslationentry`
--

CREATE TABLE `translation_manager_remotetranslationentry` (
  `id` int(11) NOT NULL,
  `changed` datetime(6) NOT NULL,
  `translation_entry_id` int(11) NOT NULL,
  `translation` longtext NOT NULL
) ENGINE=InnoDB DEFAULT CHARSET=latin1;

-- --------------------------------------------------------

--
-- Structure de la table `translation_manager_translationbackup`
--

CREATE TABLE `translation_manager_translationbackup` (
  `id` int(11) NOT NULL,
  `created` datetime(6) NOT NULL,
  `changed` datetime(6) NOT NULL,
  `language` varchar(5) NOT NULL,
  `locale_path` varchar(256) NOT NULL,
  `locale_parent_dir` varchar(256) NOT NULL,
  `domain` varchar(256) NOT NULL,
  `content` longtext NOT NULL
) ENGINE=InnoDB DEFAULT CHARSET=latin1;

-- --------------------------------------------------------

--
-- Structure de la table `translation_manager_translationentry`
--

CREATE TABLE `translation_manager_translationentry` (
  `id` int(11) NOT NULL,
  `created` datetime(6) NOT NULL,
  `changed` datetime(6) NOT NULL,
  `language` varchar(7) NOT NULL,
  `original` longtext NOT NULL,
  `translation` longtext NOT NULL,
  `occurrences` longtext NOT NULL,
  `is_published` tinyint(1) NOT NULL,
  `locale_path` varchar(256) NOT NULL,
  `locale_parent_dir` varchar(256) NOT NULL,
  `domain` varchar(256) NOT NULL
) ENGINE=InnoDB DEFAULT CHARSET=latin1;

--
-- Déchargement des données de la table `translation_manager_translationentry`
--

INSERT INTO `translation_manager_translationentry` (`id`, `created`, `changed`, `language`, `original`, `translation`, `occurrences`, `is_published`, `locale_path`, `locale_parent_dir`, `domain`) VALUES
(1, '2021-07-15 10:51:11.957615', '2021-07-15 10:51:11.957689', 'fr', 'English', 'Anglais', 'online_test/settings.py:118', 1, 'online_test/locale', 'online_test', 'django'),
(2, '2021-07-15 10:51:11.961649', '2021-07-15 10:51:11.961708', 'fr', 'French', 'Français', 'online_test/settings.py:119', 1, 'online_test/locale', 'online_test', 'django'),
(3, '2021-07-15 10:51:11.968339', '2021-07-15 10:51:11.968392', 'fr', 'Add/Edit Grading', 'Ajouter/Modifier une notation', 'grades/templates/add_grades.html:6\ngrades/templates/add_grades.html:7', 1, 'grades/locale', 'grades', 'django'),
(4, '2021-07-15 10:51:11.971528', '2021-07-15 10:51:11.971576', 'fr', 'My Courses', 'Mes cours', 'grades/templates/add_grades.html:19\ngrades/templates/grading_systems.html:14', 1, 'grades/locale', 'grades', 'django'),
(5, '2021-07-15 10:51:11.974528', '2021-07-15 10:51:11.974574', 'fr', 'Add/Edit Course', 'Ajouter/Modifier un cours', 'grades/templates/add_grades.html:24\ngrades/templates/grading_systems.html:19', 1, 'grades/locale', 'grades', 'django'),
(6, '2021-07-15 10:51:11.977520', '2021-07-15 10:51:11.977566', 'fr', 'Add/View Grading Systems', 'Ajouter/afficher des systèmes de notation', 'grades/templates/add_grades.html:29\ngrades/templates/grading_systems.html:24', 1, 'grades/locale', 'grades', 'django'),
(7, '2021-07-15 10:51:11.980520', '2021-07-15 10:51:11.980565', 'fr', 'View Grading Systems', 'Voir les systèmes de notation', 'grades/templates/add_grades.html:38\ngrades/templates/grading_systems.html:4\ngrades/templates/grading_systems.html:5', 1, 'grades/locale', 'grades', 'django'),
(8, '2021-07-15 10:51:11.983480', '2021-07-15 10:51:11.983523', 'fr', 'Note: For grade range lower limit is inclusive and upper limit is exclusive', 'Remarque : Pour la plage de niveaux, la limite inférieure est inclusive et la limite supérieure est exclusive', 'grades/templates/add_grades.html:42', 1, 'grades/locale', 'grades', 'django'),
(9, '2021-07-15 10:51:11.986345', '2021-07-15 10:51:11.986388', 'fr', 'Note: This is a default grading system. You cannot change this.', 'Remarque : Il s\'agit d\'un système de notation par défaut. Vous ne pouvez pas changer cela.', 'grades/templates/add_grades.html:113', 1, 'grades/locale', 'grades', 'django'),
(10, '2021-07-15 10:51:11.989211', '2021-07-15 10:51:11.989255', 'fr', 'Add a Grading System', 'Ajouter un système de notation', 'grades/templates/grading_systems.html:33', 1, 'grades/locale', 'grades', 'django'),
(11, '2021-07-15 10:51:11.992102', '2021-07-15 10:51:11.992146', 'fr', 'Available Grading Systems:', 'Systèmes de classement disponibles :', 'grades/templates/grading_systems.html:36', 1, 'grades/locale', 'grades', 'django'),
(12, '2021-07-15 10:51:11.994917', '2021-07-15 10:51:11.994958', 'fr', 'Grading System', 'Système de notation', 'grades/templates/grading_systems.html:39', 1, 'grades/locale', 'grades', 'django'),
(13, '2021-07-15 10:51:11.997960', '2021-07-15 10:51:11.998002', 'fr', 'Grading Ranges', 'Échelles de notation', 'grades/templates/grading_systems.html:40', 1, 'grades/locale', 'grades', 'django'),
(14, '2021-07-15 10:51:12.000748', '2021-07-15 10:51:12.000789', 'fr', 'Lower Limit', 'Limite inférieure', 'grades/templates/grading_systems.html:50\ngrades/templates/grading_systems.html:79', 1, 'grades/locale', 'grades', 'django'),
(15, '2021-07-15 10:51:12.003520', '2021-07-15 10:51:12.003560', 'fr', 'Upper Limit', 'Limite supérieure', 'grades/templates/grading_systems.html:51\ngrades/templates/grading_systems.html:80', 1, 'grades/locale', 'grades', 'django'),
(16, '2021-07-15 10:51:12.006181', '2021-07-15 10:51:12.006221', 'fr', 'Grade', 'Noter', 'grades/templates/grading_systems.html:52\ngrades/templates/grading_systems.html:81', 1, 'grades/locale', 'grades', 'django'),
(17, '2021-07-15 10:51:12.008852', '2021-07-15 10:51:12.008896', 'fr', 'Description', 'La description', 'grades/templates/grading_systems.html:53\ngrades/templates/grading_systems.html:82', 1, 'grades/locale', 'grades', 'django'),
(18, '2021-07-15 10:51:12.039370', '2021-07-15 10:51:12.039417', 'fr', 'First Name', 'Prénom', 'yaksh/forms.py:90\nyaksh/forms.py:482\nyaksh/templates/yaksh/addteacher.html:42', 1, 'yaksh/locale', 'yaksh', 'django'),
(19, '2021-07-15 10:51:12.041928', '2021-07-15 10:51:12.041965', 'fr', 'Last Name', 'Nom de famille', 'yaksh/forms.py:93\nyaksh/forms.py:486\nyaksh/templates/yaksh/addteacher.html:43', 1, 'yaksh/locale', 'yaksh', 'django'),
(20, '2021-07-15 10:51:12.044454', '2021-07-15 10:51:12.044490', 'fr', 'Use a dummy if you don\'t have one.', 'Utilisez un faux si vous n\'en avez pas un', 'yaksh/forms.py:96', 1, 'yaksh/locale', 'yaksh', 'django'),
(21, '2021-07-15 10:51:12.046943', '2021-07-15 10:51:12.046981', 'fr', 'Roll Number', 'Numéro de rôle', 'yaksh/forms.py:98\nyaksh/forms.py:495\nyaksh/templates/yaksh/course_send_mail.html:37\nyaksh/templates/yaksh/course_students.html:74\nyaksh/templates/yaksh/course_students.html:151\nyaksh/templates/yaksh/course_students.html:222', 1, 'yaksh/locale', 'yaksh', 'django'),
(22, '2021-07-15 10:51:12.049463', '2021-07-15 10:51:12.049502', 'fr', 'Institute/Organization', 'Institution/Organisation', 'yaksh/forms.py:101', 1, 'yaksh/locale', 'yaksh', 'django'),
(23, '2021-07-15 10:51:12.051936', '2021-07-15 10:51:12.051980', 'fr', 'Institute', 'Institut', 'yaksh/forms.py:103\nyaksh/forms.py:489\nyaksh/templates/yaksh/addteacher.html:45\nyaksh/templates/yaksh/course_send_mail.html:38\nyaksh/templates/yaksh/course_students.html:75\nyaksh/templates/yaksh/course_students.html:152\nyaksh/templates/yaksh/course_students.html:223', 1, 'yaksh/locale', 'yaksh', 'django'),
(24, '2021-07-15 10:51:12.054418', '2021-07-15 10:51:12.054455', 'fr', 'Department you work/study at', 'Département dans lequel vous travaillez/étudiez', 'yaksh/forms.py:106', 1, 'yaksh/locale', 'yaksh', 'django'),
(25, '2021-07-15 10:51:12.056839', '2021-07-15 10:51:12.056875', 'fr', 'Department', 'Département', 'yaksh/forms.py:108\nyaksh/forms.py:492\nyaksh/templates/yaksh/addteacher.html:46\nyaksh/templates/yaksh/course_students.html:76\nyaksh/templates/yaksh/course_students.html:153\nyaksh/templates/yaksh/course_students.html:224', 1, 'yaksh/locale', 'yaksh', 'django'),
(26, '2021-07-15 10:51:12.059344', '2021-07-15 10:51:12.059381', 'fr', 'Student/Faculty/Researcher/Industry/Fellowship/etc.', 'Étudiant/Faculté/Chercheur/Industrie/Fellowship/etc.', 'yaksh/forms.py:112', 1, 'yaksh/locale', 'yaksh', 'django'),
(27, '2021-07-15 10:51:12.061815', '2021-07-15 10:51:12.061852', 'fr', 'Position', 'Position', 'yaksh/forms.py:114\nyaksh/forms.py:498\nyaksh/templates/yaksh/addteacher.html:47', 1, 'yaksh/locale', 'yaksh', 'django'),
(28, '2021-07-15 10:51:12.064323', '2021-07-15 10:51:12.064360', 'fr', 'All timings are shown based on the selected timezone', 'Tous les horaires sont affichés en fonction du fuseau horaire sélectionné', 'yaksh/forms.py:118\nyaksh/forms.py:502', 1, 'yaksh/locale', 'yaksh', 'django'),
(29, '2021-07-15 10:51:12.066771', '2021-07-15 10:51:12.066808', 'fr', 'Only letters, digits, period and underscore characters are allowed in username', 'Seuls les lettres, chiffres, points et caractères de soulignement sont autorisés dans le nom d\'utilisateur', 'yaksh/forms.py:125', 1, 'yaksh/locale', 'yaksh', 'django'),
(30, '2021-07-15 10:51:12.069300', '2021-07-15 10:51:12.069337', 'fr', 'Username already exists.', 'Ce nom d\'utilisateur existe déjà.', 'yaksh/forms.py:130', 1, 'yaksh/locale', 'yaksh', 'django'),
(31, '2021-07-15 10:51:12.071742', '2021-07-15 10:51:12.071778', 'fr', 'Only letters, digits and punctuation                                        are allowed in password', 'Seuls les lettres, les chiffres et la ponctuation sont autorisés dans le mot de passe', 'yaksh/forms.py:137', 1, 'yaksh/locale', 'yaksh', 'django'),
(32, '2021-07-15 10:51:12.074202', '2021-07-15 10:51:12.074239', 'fr', 'Passwords do not match', 'Les mots de passe ne correspondent pas', 'yaksh/forms.py:145', 1, 'yaksh/locale', 'yaksh', 'django'),
(33, '2021-07-15 10:51:12.076626', '2021-07-15 10:51:12.076662', 'fr', 'This email already exists', 'Ce courriel existe déjà', 'yaksh/forms.py:152', 1, 'yaksh/locale', 'yaksh', 'django'),
(34, '2021-07-15 10:51:12.079154', '2021-07-15 10:51:12.079191', 'fr', 'Username', 'Nom d\'utilisateur', 'yaksh/forms.py:190\nyaksh/templates/yaksh/addteacher.html:41', 1, 'yaksh/locale', 'yaksh', 'django'),
(35, '2021-07-15 10:51:12.081602', '2021-07-15 10:51:12.081638', 'fr', 'Password', 'Mot de passe', 'yaksh/forms.py:196', 1, 'yaksh/locale', 'yaksh', 'django'),
(36, '2021-07-15 10:51:12.084045', '2021-07-15 10:51:12.084081', 'fr', 'Username and/or Password is not entered', 'Le nom d\'utilisateur et/ou le mot de passe ne sont pas saisis- Si le nom d\'utilisateur et le mot de passe ne sont pas fournis, alors', 'yaksh/forms.py:208', 1, 'yaksh/locale', 'yaksh', 'django'),
(37, '2021-07-15 10:51:12.086461', '2021-07-15 10:51:12.086498', 'fr', 'Invalid username/password', 'Nom d\'utilisateur / mot de passe invalide', 'yaksh/forms.py:211', 1, 'yaksh/locale', 'yaksh', 'django'),
(38, '2021-07-15 10:51:12.088931', '2021-07-15 10:51:12.088968', 'fr', 'Exercise Description', 'Description de la leçon', 'yaksh/forms.py:220', 1, 'yaksh/locale', 'yaksh', 'django'),
(39, '2021-07-15 10:51:12.091581', '2021-07-15 10:51:12.091618', 'fr', '            <p>\n            This examination system has been developed with the intention of\n            making you learn programming and be assessed in an interactive and\n            fun manner.You will be presented with a series of programming\n            questions and problems that you will answer online and get\n            immediate feedback for.\n            </p><p>Here are some important instructions and rules that you\n            should understand carefully.</p>\n            <ul><li>For any programming questions, you can submit solutions as\n            many times as you want without a penalty. You may skip questions\n            and solve them later.</li><li> You <strong>may</strong>\n            use your computer\'s Python/IPython shell or an editor to solve the\n            problem and cut/paste the solution to the web interface.\n            </li><li> <strong>You are not allowed to use any internet resources\n            i.e. no google etc.</strong>\n            </li>\n            <li> Do not copy or share the questions or answers with anyone\n            until the exam is complete <strong>for everyone</strong>.\n            </li><li> <strong>All</strong> your attempts at the questions are\n            logged. Do not try to outsmart and break the testing system.\n            If you do, we know who you are and we will expel you from the\n            course. You have been warned.\n            </li></ul>\n            <p>We hope you enjoy taking this exam !!!</p>\n        ', '<p>Ce système d\'examen a été développé dans le but de vous faire apprendre la programmation et d\'être évalué de manière interactive et amusante. Une série de questions et de problèmes de programmation auxquels vous répondrez en ligne et pour lesquels vous obtiendrez des commentaires immédiats vous seront présentés. </p><p>Voici quelques instructions et règles importantes que vous devez comprendre attentivement.</p><ul><li>Pour toute question de programmation, vous pouvez soumettre des solutions autant de fois que vous le souhaitez sans pénalité. Vous pouvez ignorer les questions et les résoudre plus tard.</li><li> Vous <strong>pouvez</strong> utiliser le shell Python/IPython de votre ordinateur ou un éditeur pour résoudre le problème et copier/coller la solution dans l\'interface Web. </li><li> <strong>Vous n\'êtes pas autorisé à utiliser des ressources Internet, c\'est-à-dire pas de google, etc.</strong></li><li> Ne copiez ni ne partagez les questions ou les réponses avec qui que ce soit avant la fin de l\'examen. complétez <strong>pour tout le monde</strong>.</li><li> <strong>Tous</strong> vos tentatives pour les questions sont enregistrées. N\'essayez pas de déjouer et de casser le système de test. Si vous le faites, nous savons qui vous êtes et nous vous expulserons du cours. Vous êtes prévenu.</li></ul><p>Nous espérons que cet examen vous plaira !!!</p>', 'yaksh/forms.py:263', 1, 'yaksh/locale', 'yaksh', 'django'),
(40, '2021-07-15 10:51:12.094413', '2021-07-15 10:51:12.094480', 'fr', 'Summary', 'Résumé', 'yaksh/forms.py:302\nyaksh/forms.py:721\nyaksh/templates/yaksh/showquestions.html:163', 1, 'yaksh/locale', 'yaksh', 'django'),
(41, '2021-07-15 10:51:12.096903', '2021-07-15 10:51:12.096939', 'fr', 'Topic name', 'Nom du sujet', 'yaksh/forms.py:308', 1, 'yaksh/locale', 'yaksh', 'django'),
(42, '2021-07-15 10:51:12.099421', '2021-07-15 10:51:12.099458', 'fr', 'Description', 'Description', 'yaksh/forms.py:314\nyaksh/forms.py:687\nyaksh/forms.py:737', 1, 'yaksh/locale', 'yaksh', 'django'),
(43, '2021-07-15 10:51:12.101874', '2021-07-15 10:51:12.101912', 'fr', 'Tags', 'Mots clés', 'yaksh/forms.py:317', 1, 'yaksh/locale', 'yaksh', 'django'),
(44, '2021-07-15 10:51:12.104360', '2021-07-15 10:51:12.104396', 'fr', 'Solution', 'Solution', 'yaksh/forms.py:320', 1, 'yaksh/locale', 'yaksh', 'django'),
(45, '2021-07-15 10:51:12.106837', '2021-07-15 10:51:12.106874', 'fr', 'Snippet', 'Fragment', 'yaksh/forms.py:323', 1, 'yaksh/locale', 'yaksh', 'django'),
(46, '2021-07-15 10:51:12.109325', '2021-07-15 10:51:12.109361', 'fr', 'Select Marks', 'Sélectionner les marques', 'yaksh/forms.py:350\nyaksh/forms.py:376', 1, 'yaksh/locale', 'yaksh', 'django'),
(47, '2021-07-15 10:51:12.111762', '2021-07-15 10:51:12.111799', 'fr', 'Search by course name', 'Recherche par nom de cours', 'yaksh/forms.py:392', 1, 'yaksh/locale', 'yaksh', 'django'),
(48, '2021-07-15 10:51:12.114439', '2021-07-15 10:51:12.114476', 'fr', 'Select Video Option', 'Sélectionnez l\'option vidéo', 'yaksh/forms.py:521', 1, 'yaksh/locale', 'yaksh', 'django'),
(49, '2021-07-15 10:51:12.116905', '2021-07-15 10:51:12.116942', 'fr', 'Others', 'Autres', 'yaksh/forms.py:522', 1, 'yaksh/locale', 'yaksh', 'django'),
(50, '2021-07-15 10:51:12.119415', '2021-07-15 10:51:12.119451', 'fr', 'Add videos from youtube, vimeo or other', 'Ajouter des vidéos de youtube, vimeo ou autre', 'yaksh/forms.py:526', 1, 'yaksh/locale', 'yaksh', 'django'),
(51, '2021-07-15 10:51:12.122163', '2021-07-15 10:51:12.122200', 'fr', 'Video ID for Youtube, Vimeo and URL for others', 'ID vidéo pour Youtube, Vimeo et URL pour les autres', 'yaksh/forms.py:531', 1, 'yaksh/locale', 'yaksh', 'django'),
(52, '2021-07-15 10:51:12.125295', '2021-07-15 10:51:12.125331', 'fr', 'Enter Lesson Description as Markdown text', 'Entrez la description de la leçon en tant que texte Markdown', 'yaksh/forms.py:538', 1, 'yaksh/locale', 'yaksh', 'django'),
(53, '2021-07-15 10:51:12.128273', '2021-07-15 10:51:12.128310', 'fr', 'Lesson Name', 'Nom de la leçon', 'yaksh/forms.py:540', 1, 'yaksh/locale', 'yaksh', 'django'),
(54, '2021-07-15 10:51:12.131055', '2021-07-15 10:51:12.131091', 'fr', 'Value must be dictionary e.g {\'youtube\': \'video-id\'}', 'La valeur doit être un dictionnaire, par exemple {\'youtube\': \'video-id\'}', 'yaksh/forms.py:583\nyaksh/forms.py:592', 1, 'yaksh/locale', 'yaksh', 'django'),
(55, '2021-07-15 10:51:12.133800', '2021-07-15 10:51:12.133836', 'fr', 'Only one type of video path is allowed', 'Un seul type de chemin vidéo est autorisé', 'yaksh/forms.py:588', 1, 'yaksh/locale', 'yaksh', 'django'),
(56, '2021-07-15 10:51:12.136583', '2021-07-15 10:51:12.136620', 'fr', 'Module Name', 'Nom du module', 'yaksh/forms.py:609', 1, 'yaksh/locale', 'yaksh', 'django'),
(57, '2021-07-15 10:51:12.139338', '2021-07-15 10:51:12.139375', 'fr', 'Module Description', 'Description du module', 'yaksh/forms.py:612', 1, 'yaksh/locale', 'yaksh', 'django'),
(58, '2021-07-15 10:51:12.142100', '2021-07-15 10:51:12.142136', 'fr', 'Name', 'Nom', 'yaksh/forms.py:681\nyaksh/templates/yaksh/addteacher.html:87\nyaksh/templates/yaksh/course_progress.html:34\nyaksh/templates/yaksh/course_teachers.html:20\nyaksh/templates/yaksh/monitor.html:163', 1, 'yaksh/locale', 'yaksh', 'django'),
(59, '2021-07-15 10:51:12.144789', '2021-07-15 10:51:12.144826', 'fr', 'Time', 'Temps', 'yaksh/forms.py:684', 1, 'yaksh/locale', 'yaksh', 'django'),
(60, '2021-07-15 10:51:12.147807', '2021-07-15 10:51:12.147844', 'fr', 'Marker time should be in the format hh:mm:ss', 'L\'heure du marqueur doit être au format hh:mm:ss', 'yaksh/forms.py:702\nyaksh/forms.py:757', 1, 'yaksh/locale', 'yaksh', 'django'),
(61, '2021-07-15 10:51:12.150887', '2021-07-15 10:51:12.150925', 'fr', 'Question topic name', 'Nom du sujet de la question', 'yaksh/forms.py:727', 1, 'yaksh/locale', 'yaksh', 'django'),
(62, '2021-07-15 10:51:12.153940', '2021-07-15 10:51:12.153976', 'fr', 'Points', 'Points', 'yaksh/forms.py:730', 1, 'yaksh/locale', 'yaksh', 'django'),
(63, '2021-07-15 10:51:12.156932', '2021-07-15 10:51:12.156969', 'fr', 'Quiz Time', 'L\'heure du quiz', 'yaksh/forms.py:741', 1, 'yaksh/locale', 'yaksh', 'django'),
(64, '2021-07-15 10:51:12.159893', '2021-07-15 10:51:12.159929', 'fr', 'It seems that you have encountered an error', 'Il semble que vous ayez rencontré une erreur', 'yaksh/templates/404.html:16', 1, 'yaksh/locale', 'yaksh', 'django'),
(65, '2021-07-15 10:51:12.162905', '2021-07-15 10:51:12.162942', 'fr', 'Please contact your administrator', 'Veuillez contacter votre administrateur', 'yaksh/templates/404.html:18', 1, 'yaksh/locale', 'yaksh', 'django'),
(66, '2021-07-15 10:51:12.165989', '2021-07-15 10:51:12.166026', 'fr', 'Error Message:-', 'Message d\'erreur : -', 'yaksh/templates/404.html:20', 1, 'yaksh/locale', 'yaksh', 'django'),
(67, '2021-07-15 10:51:12.168963', '2021-07-15 10:51:12.169000', 'fr', 'Internal Server error.', 'Erreur de serveur interne.', 'yaksh/templates/500.html:16', 1, 'yaksh/locale', 'yaksh', 'django'),
(68, '2021-07-15 10:51:12.171943', '2021-07-15 10:51:12.171979', 'fr', 'This event will be reported.', 'Cet événement fera l\'objet d\'un rapport.', 'yaksh/templates/500.html:17', 1, 'yaksh/locale', 'yaksh', 'django'),
(69, '2021-07-15 10:51:12.174887', '2021-07-15 10:51:12.174924', 'fr', 'Sorry for the inconvenience.', 'Désolé pour le dérangement.', 'yaksh/templates/500.html:18', 1, 'yaksh/locale', 'yaksh', 'django'),
(70, '2021-07-15 10:51:12.177902', '2021-07-15 10:51:12.177944', 'fr', 'Checking...', 'Vérification...', 'yaksh/templates/base.html:90', 1, 'yaksh/locale', 'yaksh', 'django'),
(71, '2021-07-15 10:51:12.180964', '2021-07-15 10:51:12.181000', 'fr', 'Loading...', 'Chargement...', 'yaksh/templates/base.html:96\nyaksh/templates/base.html:99\nyaksh/templates/base.html:102\nyaksh/templates/base.html:105', 1, 'yaksh/locale', 'yaksh', 'django'),
(72, '2021-07-15 10:51:12.183921', '2021-07-15 10:51:12.183957', 'fr', 'Developed by FOSSEE group, IIT Bombay', 'Développé par le groupe FOSSEE, IIT Bombay', 'yaksh/templates/base.html:125\nyaksh/templates/yaksh/download_course_templates/index.html:69\nyaksh/templates/yaksh/download_course_templates/module.html:64\nyaksh/templates/yaksh/download_course_templates/quiz.html:98\nyaksh/templates/yaksh/download_course_templates/unit.html:129', 1, 'yaksh/locale', 'yaksh', 'django'),
(73, '2021-07-15 10:51:12.189704', '2021-07-15 10:51:12.189741', 'fr', 'Contact: pythonsupport@fossee.in', 'Contact : pythonsupport@fossee.in', 'yaksh/templates/base.html:128', 1, 'yaksh/locale', 'yaksh', 'django'),
(74, '2021-07-15 10:51:12.192364', '2021-07-15 10:51:12.192400', 'fr', 'Quit', 'Arrêtez', 'yaksh/templates/exam.html:27', 1, 'yaksh/locale', 'yaksh', 'django'),
(75, '2021-07-15 10:51:12.195014', '2021-07-15 10:51:12.195050', 'fr', 'Finish', 'Finition', 'yaksh/templates/exam.html:29\nyaksh/templates/yaksh/design_questionpaper.html:45', 1, 'yaksh/locale', 'yaksh', 'django'),
(76, '2021-07-15 10:51:12.197709', '2021-07-15 10:51:12.197746', 'fr', 'Question Navigator', 'Navigateur de questions', 'yaksh/templates/exam.html:50', 1, 'yaksh/locale', 'yaksh', 'django'),
(77, '2021-07-15 10:51:12.200416', '2021-07-15 10:51:12.200452', 'fr', 'Attempted question(s)', 'Question(s) tentée(s)', 'yaksh/templates/exam.html:84', 1, 'yaksh/locale', 'yaksh', 'django'),
(78, '2021-07-15 10:51:12.203145', '2021-07-15 10:51:12.203182', 'fr', 'Current question', 'Question actuelle', 'yaksh/templates/exam.html:85', 1, 'yaksh/locale', 'yaksh', 'django'),
(79, '2021-07-15 10:51:12.205823', '2021-07-15 10:51:12.205859', 'fr', 'Unattempted question(s)', 'Question(s) non tentée(s)', 'yaksh/templates/exam.html:86', 1, 'yaksh/locale', 'yaksh', 'django'),
(80, '2021-07-15 10:51:12.208586', '2021-07-15 10:51:12.208622', 'fr', 'Question(s) left:', 'Question(s) laissée(s) :', 'yaksh/templates/exam.html:89', 1, 'yaksh/locale', 'yaksh', 'django'),
(81, '2021-07-15 10:51:12.211282', '2021-07-15 10:51:12.211318', 'fr', 'Category', 'Catégorie', 'yaksh/templates/exam.html:96', 1, 'yaksh/locale', 'yaksh', 'django'),
(82, '2021-07-15 10:51:12.213959', '2021-07-15 10:51:12.213995', 'fr', 'Question No.', 'Question n°.', 'yaksh/templates/exam.html:97', 1, 'yaksh/locale', 'yaksh', 'django'),
(83, '2021-07-15 10:51:12.216598', '2021-07-15 10:51:12.216635', 'fr', 'Questions', 'Questions', 'yaksh/templates/manage.html:19\nyaksh/templates/yaksh/grade_user.html:159\nyaksh/templates/yaksh/grade_user.html:318\nyaksh/templates/yaksh/showquestions.html:6\nyaksh/templates/yaksh/showquestions.html:8\nyaksh/templates/yaksh/user_data.html:73\nyaksh/templates/yaksh/view_answerpaper.html:78', 1, 'yaksh/locale', 'yaksh', 'django'),
(84, '2021-07-15 10:51:12.219273', '2021-07-15 10:51:12.219311', 'fr', 'Courses', 'Cours', 'yaksh/templates/manage.html:24\nyaksh/templates/yaksh/courses.html:5\nyaksh/templates/yaksh/courses.html:6', 1, 'yaksh/locale', 'yaksh', 'django'),
(85, '2021-07-15 10:51:12.221883', '2021-07-15 10:51:12.221919', 'fr', 'Quizzes', 'Quizs', 'yaksh/templates/manage.html:29\nyaksh/templates/yaksh/grade_user.html:8\nyaksh/templates/yaksh/grade_user.html:10', 1, 'yaksh/locale', 'yaksh', 'django'),
(86, '2021-07-15 10:51:12.224548', '2021-07-15 10:51:12.224584', 'fr', 'Notifications', 'Notifications', 'yaksh/templates/manage.html:51\nyaksh/templates/user.html:37\nyaksh/templates/yaksh/view_notifications.html:4\nyaksh/templates/yaksh/view_notifications.html:5', 1, 'yaksh/locale', 'yaksh', 'django'),
(87, '2021-07-15 10:51:12.227221', '2021-07-15 10:51:12.227258', 'fr', 'My Profile', 'Mon profil', 'yaksh/templates/manage.html:64\nyaksh/templates/registration/password_change_form.html:25\nyaksh/templates/user.html:50\nyaksh/templates/yaksh/editprofile.html:5', 1, 'yaksh/locale', 'yaksh', 'django'),
(88, '2021-07-15 10:51:12.229846', '2021-07-15 10:51:12.229883', 'fr', 'Switch To Student', 'Passer à l\'étudiant', 'yaksh/templates/manage.html:69', 1, 'yaksh/locale', 'yaksh', 'django'),
(89, '2021-07-15 10:51:12.232495', '2021-07-15 10:51:12.232531', 'fr', 'Change Password', 'Changer le mot de passe', 'yaksh/templates/manage.html:74\nyaksh/templates/registration/password_change_form.html:29\nyaksh/templates/registration/password_change_form.html:43\nyaksh/templates/registration/password_change_form.html:45\nyaksh/templates/user.html:60', 1, 'yaksh/locale', 'yaksh', 'django'),
(90, '2021-07-15 10:51:12.235890', '2021-07-15 10:51:12.235927', 'fr', 'Logout', 'Déconnexion', 'yaksh/templates/manage.html:78\nyaksh/templates/registration/password_change_form.html:33\nyaksh/templates/user.html:64\nyaksh/templates/yaksh/activation_status.html:27', 1, 'yaksh/locale', 'yaksh', 'django'),
(91, '2021-07-15 10:51:12.238967', '2021-07-15 10:51:12.239004', 'fr', 'Your password has been changed successfully.', 'Votre mot de passe a été modifié avec succès.', 'yaksh/templates/registration/password_change_done.html:29', 1, 'yaksh/locale', 'yaksh', 'django'),
(92, '2021-07-15 10:51:12.242064', '2021-07-15 10:51:12.242100', 'fr', 'Redirecting ...', 'Rediriger ...', 'yaksh/templates/registration/password_change_done.html:30', 1, 'yaksh/locale', 'yaksh', 'django'),
(93, '2021-07-15 10:51:12.245077', '2021-07-15 10:51:12.245114', 'fr', 'Change', 'Changement', 'yaksh/templates/registration/password_change_form.html:95\nyaksh/templates/yaksh/design_course_session.html:88\nyaksh/templates/yaksh/design_course_session.html:90', 1, 'yaksh/locale', 'yaksh', 'django'),
(94, '2021-07-15 10:51:12.248322', '2021-07-15 10:51:12.248360', 'fr', 'Cancel', 'Annuler', 'yaksh/templates/registration/password_change_form.html:98\nyaksh/templates/registration/password_reset_form.html:36\nyaksh/templates/yaksh/add_course.html:60\nyaksh/templates/yaksh/editprofile.html:47\nyaksh/templates/yaksh/question.html:415\nyaksh/templates/yaksh/register.html:58', 1, 'yaksh/locale', 'yaksh', 'django'),
(95, '2021-07-15 10:51:12.251359', '2021-07-15 10:51:12.251395', 'fr', 'Your password has been reset.', 'Votre mot de passe a été réinitialisé.', 'yaksh/templates/registration/password_reset_complete.html:20', 1, 'yaksh/locale', 'yaksh', 'django'),
(96, '2021-07-15 10:51:12.254399', '2021-07-15 10:51:12.254435', 'fr', 'Log in', 'Connectez-vous', 'yaksh/templates/registration/password_reset_complete.html:21', 1, 'yaksh/locale', 'yaksh', 'django'),
(97, '2021-07-15 10:51:12.257360', '2021-07-15 10:51:12.257396', 'fr', 'Reset Password', 'Réinitialiser le mot de passe', 'yaksh/templates/registration/password_reset_confirm.html:29', 1, 'yaksh/locale', 'yaksh', 'django'),
(98, '2021-07-15 10:51:12.260392', '2021-07-15 10:51:12.260428', 'fr', 'Please enter your new password twice so we can verify you typed it in correctly', 'Veuillez saisir votre nouveau mot de passe deux fois afin que nous puissions vérifier que vous l\'avez correctement saisi', 'yaksh/templates/registration/password_reset_confirm.html:32', 1, 'yaksh/locale', 'yaksh', 'django'),
(99, '2021-07-15 10:51:12.263477', '2021-07-15 10:51:12.263514', 'fr', 'Submit', 'Soumettre', 'yaksh/templates/registration/password_reset_confirm.html:64\nyaksh/templates/yaksh/activation_status.html:87\nyaksh/templates/yaksh/show_lesson_quiz.html:131\nyaksh/templates/yaksh/show_lesson_quiz.html:133', 1, 'yaksh/locale', 'yaksh', 'django'),
(100, '2021-07-15 10:51:12.266459', '2021-07-15 10:51:12.266496', 'fr', 'This reset link is no longer valid!', 'Ce lien de réinitialisation n\'est plus valide !', 'yaksh/templates/registration/password_reset_confirm.html:67', 1, 'yaksh/locale', 'yaksh', 'django'),
(101, '2021-07-15 10:51:12.269517', '2021-07-15 10:51:12.269553', 'fr', 'Password reset successful', 'Réinitialisation du mot de passe réussie', 'yaksh/templates/registration/password_reset_done.html:18', 1, 'yaksh/locale', 'yaksh', 'django'),
(102, '2021-07-15 10:51:12.272476', '2021-07-15 10:51:12.272513', 'fr', 'Instruction for setting new password has been mailed to your registered email address', 'Les instructions pour la création d\'un nouveau mot de passe ont été envoyées à votre adresse électronique enregistrée', 'yaksh/templates/registration/password_reset_done.html:20', 1, 'yaksh/locale', 'yaksh', 'django'),
(103, '2021-07-15 10:51:12.275556', '2021-07-15 10:51:12.275593', 'fr', 'Go to Login', 'Aller à la connexion', 'yaksh/templates/registration/password_reset_done.html:23', 1, 'yaksh/locale', 'yaksh', 'django'),
(104, '2021-07-15 10:51:12.279055', '2021-07-15 10:51:12.279123', 'fr', 'Enter your registered email address to reset your password', 'Saisissez votre adresse électronique enregistrée pour réinitialiser votre mot de passe', 'yaksh/templates/registration/password_reset_form.html:19', 1, 'yaksh/locale', 'yaksh', 'django'),
(105, '2021-07-15 10:51:12.289093', '2021-07-15 10:51:12.289155', 'fr', 'Forgot Password?', 'Mot de passe oublié ?', 'yaksh/templates/registration/password_reset_form.html:24', 1, 'yaksh/locale', 'yaksh', 'django'),
(106, '2021-07-15 10:51:12.293559', '2021-07-15 10:51:12.293619', 'fr', 'Request', 'Demande', 'yaksh/templates/registration/password_reset_form.html:33', 1, 'yaksh/locale', 'yaksh', 'django'),
(107, '2021-07-15 10:51:12.297948', '2021-07-15 10:51:12.298009', 'fr', 'Home', 'Accueil', 'yaksh/templates/user.html:17\nyaksh/templates/yaksh/activation_status.html:43\nyaksh/templates/yaksh/activation_status.html:69\nyaksh/templates/yaksh/complete.html:75', 1, 'yaksh/locale', 'yaksh', 'django'),
(108, '2021-07-15 10:51:12.302347', '2021-07-15 10:51:12.302406', 'fr', 'Switch To Moderator', 'Passer au statut de modérateur', 'yaksh/templates/user.html:55', 1, 'yaksh/locale', 'yaksh', 'django'),
(109, '2021-07-15 10:51:12.306679', '2021-07-15 10:51:12.306742', 'fr', 'Account Activation', 'Activation du compte', 'yaksh/templates/yaksh/activation_status.html:5\nyaksh/templates/yaksh/activation_status.html:6', 1, 'yaksh/locale', 'yaksh', 'django'),
(110, '2021-07-15 10:51:12.311025', '2021-07-15 10:51:12.311084', 'fr', 'Send Email', 'Envoyer un courriel', 'yaksh/templates/yaksh/activation_status.html:57', 1, 'yaksh/locale', 'yaksh', 'django'),
(111, '2021-07-15 10:51:12.315327', '2021-07-15 10:51:12.315386', 'fr', 'Add Course', 'Ajouter un cours', 'yaksh/templates/yaksh/add_course.html:15\nyaksh/templates/yaksh/add_course.html:16\nyaksh/templates/yaksh/moderator_dashboard.html:19', 1, 'yaksh/locale', 'yaksh', 'django'),
(112, '2021-07-15 10:51:12.319611', '2021-07-15 10:51:12.319686', 'fr', 'My Courses', 'Mes cours', 'yaksh/templates/yaksh/add_course.html:24\nyaksh/templates/yaksh/courses.html:20\nyaksh/templates/yaksh/lessons.html:13\nyaksh/templates/yaksh/modules.html:14\nyaksh/templates/yaksh/quizzes.html:14', 1, 'yaksh/locale', 'yaksh', 'django'),
(113, '2021-07-15 10:51:12.323811', '2021-07-15 10:51:12.323867', 'fr', 'Add/Edit Course', 'Ajouter/Modifier un cours', 'yaksh/templates/yaksh/add_course.html:29\nyaksh/templates/yaksh/courses.html:25\nyaksh/templates/yaksh/lessons.html:18\nyaksh/templates/yaksh/modules.html:19\nyaksh/templates/yaksh/quizzes.html:19', 1, 'yaksh/locale', 'yaksh', 'django'),
(114, '2021-07-15 10:51:12.327972', '2021-07-15 10:51:12.328028', 'fr', 'Add/View Grading Systems', 'Systèmes de notation Add/View', 'yaksh/templates/yaksh/add_course.html:34\nyaksh/templates/yaksh/courses.html:30\nyaksh/templates/yaksh/lessons.html:34\nyaksh/templates/yaksh/modules.html:35\nyaksh/templates/yaksh/quizzes.html:35', 1, 'yaksh/locale', 'yaksh', 'django'),
(115, '2021-07-15 10:51:12.332161', '2021-07-15 10:51:12.332216', 'fr', 'Save', 'Sauvez', 'yaksh/templates/yaksh/add_course.html:57\nyaksh/templates/yaksh/add_exercise.html:41\nyaksh/templates/yaksh/add_lesson.html:144\nyaksh/templates/yaksh/add_module.html:90\nyaksh/templates/yaksh/add_question.html:170\nyaksh/templates/yaksh/add_topic.html:12\nyaksh/templates/yaksh/add_video_quiz.html:44\nyaksh/templates/yaksh/grade_user.html:591', 1, 'yaksh/locale', 'yaksh', 'django'),
(116, '2021-07-15 10:51:12.336441', '2021-07-15 10:51:12.336496', 'fr', 'Add Exercise', 'Ajouter un exercice', 'yaksh/templates/yaksh/add_exercise.html:5\nyaksh/templates/yaksh/add_exercise.html:6\nyaksh/templates/yaksh/course_added_modules.html:39', 1, 'yaksh/locale', 'yaksh', 'django'),
(117, '2021-07-15 10:51:12.340511', '2021-07-15 10:51:12.340564', 'fr', 'Edit Question Paper', 'Modifier le questionnaire', 'yaksh/templates/yaksh/add_exercise.html:50\nyaksh/templates/yaksh/add_quiz.html:61', 1, 'yaksh/locale', 'yaksh', 'django'),
(118, '2021-07-15 10:51:12.344454', '2021-07-15 10:51:12.344506', 'fr', 'Preview Question Paper', 'Aperçu du questionnaire', 'yaksh/templates/yaksh/add_exercise.html:53\nyaksh/templates/yaksh/add_quiz.html:64', 1, 'yaksh/locale', 'yaksh', 'django'),
(119, '2021-07-15 10:51:12.348406', '2021-07-15 10:51:12.348455', 'fr', 'You can check the quiz by attempting it in the following modes:', 'Vous pouvez vérifier le quiz en l\'essayant dans les modes suivants :', 'yaksh/templates/yaksh/add_exercise.html:57\nyaksh/templates/yaksh/add_quiz.html:68', 1, 'yaksh/locale', 'yaksh', 'django'),
(120, '2021-07-15 10:51:12.352220', '2021-07-15 10:51:12.352269', 'fr', 'User Mode', 'Mode utilisateur', 'yaksh/templates/yaksh/add_exercise.html:59', 1, 'yaksh/locale', 'yaksh', 'django'),
(121, '2021-07-15 10:51:12.355992', '2021-07-15 10:51:12.356042', 'fr', 'God Mode', 'Mode Dieu', 'yaksh/templates/yaksh/add_exercise.html:63', 1, 'yaksh/locale', 'yaksh', 'django'),
(122, '2021-07-15 10:51:12.359870', '2021-07-15 10:51:12.359917', 'fr', 'Help', 'Aide', 'yaksh/templates/yaksh/add_exercise.html:66\nyaksh/templates/yaksh/add_quiz.html:77', 1, 'yaksh/locale', 'yaksh', 'django'),
(123, '2021-07-15 10:51:12.363595', '2021-07-15 10:51:12.363649', 'fr', 'Quiz Test Modes', 'Modes de test Quiz', 'yaksh/templates/yaksh/add_exercise.html:75\nyaksh/templates/yaksh/add_quiz.html:86', 1, 'yaksh/locale', 'yaksh', 'django'),
(124, '2021-07-15 10:51:12.367312', '2021-07-15 10:51:12.367359', 'fr', 'Attempt quiz the way normal users will attempt i.e. -', 'Tentez le quiz de la manière dont les utilisateurs normaux le feront, c\'est-à-dire -', 'yaksh/templates/yaksh/add_exercise.html:82', 1, 'yaksh/locale', 'yaksh', 'django'),
(125, '2021-07-15 10:51:12.371214', '2021-07-15 10:51:12.371259', 'fr', 'Quiz will have the same duration as that of the original quiz.', 'Le quiz aura la même durée que le quiz original.', 'yaksh/templates/yaksh/add_exercise.html:84\nyaksh/templates/yaksh/add_quiz.html:94', 1, 'yaksh/locale', 'yaksh', 'django'),
(126, '2021-07-15 10:51:12.375241', '2021-07-15 10:51:12.375286', 'fr', 'Quiz won', 'Quiz gagné', 'yaksh/templates/yaksh/add_exercise.html:85', 1, 'yaksh/locale', 'yaksh', 'django'),
(127, '2021-07-15 10:51:12.378902', '2021-07-15 10:51:12.378946', 'fr', 'You will be notified about quiz prerequisites.(You can still attempt the quiz though)', 'Vous serez informé des conditions préalables au quiz (vous pouvez néanmoins tenter le quiz).', 'yaksh/templates/yaksh/add_exercise.html:86\nyaksh/templates/yaksh/add_quiz.html:96', 1, 'yaksh/locale', 'yaksh', 'django'),
(128, '2021-07-15 10:51:12.382246', '2021-07-15 10:51:12.382291', 'fr', 'God Mode:', 'Mode Dieu :', 'yaksh/templates/yaksh/add_exercise.html:88', 1, 'yaksh/locale', 'yaksh', 'django'),
(129, '2021-07-15 10:51:12.385394', '2021-07-15 10:51:12.385438', 'fr', 'Attempt quiz without any time or eligibilty constraints.', 'Répondez au questionnaire sans contrainte de temps ou d\'éligibilité.', 'yaksh/templates/yaksh/add_exercise.html:88\nyaksh/templates/yaksh/add_quiz.html:98', 1, 'yaksh/locale', 'yaksh', 'django'),
(130, '2021-07-15 10:51:12.388485', '2021-07-15 10:51:12.388529', 'fr', 'Create/Edit Lesson', 'Créer/modifier une leçon', 'yaksh/templates/yaksh/add_lesson.html:6', 1, 'yaksh/locale', 'yaksh', 'django'),
(131, '2021-07-15 10:51:12.391522', '2021-07-15 10:51:12.391564', 'fr', 'Back', 'Retour', 'yaksh/templates/yaksh/add_lesson.html:33\nyaksh/templates/yaksh/add_module.html:30\nyaksh/templates/yaksh/add_module.html:35\nyaksh/templates/yaksh/course_detail_options.html:9\nyaksh/templates/yaksh/course_forum.html:19\nyaksh/templates/yaksh/course_forum.html:23\nyaksh/templates/yaksh/design_questionpaper.html:23\nyaksh/templates/yaksh/lessons_forum.html:19\nyaksh/templates/yaksh/lessons_forum.html:23\nyaksh/templates/yaksh/show_lesson_statistics.html:37\nyaksh/templates/yaksh/view_answerpaper.html:19', 1, 'yaksh/locale', 'yaksh', 'django'),
(132, '2021-07-15 10:51:12.394719', '2021-07-15 10:51:12.394761', 'fr', 'Description Preview', 'Aperçu de la description', 'yaksh/templates/yaksh/add_lesson.html:76\nyaksh/templates/yaksh/add_module.html:102', 1, 'yaksh/locale', 'yaksh', 'django'),
(133, '2021-07-15 10:51:12.397900', '2021-07-15 10:51:12.397943', 'fr', 'Active', 'Actif', 'yaksh/templates/yaksh/add_lesson.html:87\nyaksh/templates/yaksh/add_module.html:82\nyaksh/templates/yaksh/courses.html:172\nyaksh/templates/yaksh/courses.html:258\nyaksh/templates/yaksh/lessons.html:99\nyaksh/templates/yaksh/moderator_dashboard.html:58\nyaksh/templates/yaksh/modules.html:101\nyaksh/templates/yaksh/quizzes.html:109', 1, 'yaksh/locale', 'yaksh', 'django'),
(134, '2021-07-15 10:51:12.401300', '2021-07-15 10:51:12.401341', 'fr', 'Video Path:', 'Chemin vidéo:', 'yaksh/templates/yaksh/add_lesson.html:89', 1, 'yaksh/locale', 'yaksh', 'django'),
(135, '2021-07-15 10:51:12.404360', '2021-07-15 10:51:12.404401', 'fr', 'Video File:', 'Fichier vidéo:', 'yaksh/templates/yaksh/add_lesson.html:98', 1, 'yaksh/locale', 'yaksh', 'django'),
(136, '2021-07-15 10:51:12.407364', '2021-07-15 10:51:12.407403', 'fr', 'Lesson Files:', 'Fichiers de leçons:', 'yaksh/templates/yaksh/add_lesson.html:108', 1, 'yaksh/locale', 'yaksh', 'django'),
(137, '2021-07-15 10:51:12.410505', '2021-07-15 10:51:12.410545', 'fr', 'Choose file', 'Choisir le fichier', 'yaksh/templates/yaksh/add_lesson.html:113\nyaksh/templates/yaksh/add_question.html:72\nyaksh/templates/yaksh/course_send_mail.html:17\nyaksh/templates/yaksh/course_students.html:18\nyaksh/templates/yaksh/showquestions.html:59', 1, 'yaksh/locale', 'yaksh', 'django'),
(138, '2021-07-15 10:51:12.413473', '2021-07-15 10:51:12.413512', 'fr', 'Files added to this lesson', 'Fichiers ajoutés à cette leçon', 'yaksh/templates/yaksh/add_lesson.html:121', 1, 'yaksh/locale', 'yaksh', 'django'),
(139, '2021-07-15 10:51:12.416614', '2021-07-15 10:51:12.416653', 'fr', 'No Files added to this lesson', 'Aucun fichier ajouté à cette leçon', 'yaksh/templates/yaksh/add_lesson.html:137', 1, 'yaksh/locale', 'yaksh', 'django'),
(140, '2021-07-15 10:51:12.419818', '2021-07-15 10:51:12.419857', 'fr', 'Delete Files', 'Supprimer les fichiers', 'yaksh/templates/yaksh/add_lesson.html:148', 1, 'yaksh/locale', 'yaksh', 'django'),
(141, '2021-07-15 10:51:12.422761', '2021-07-15 10:51:12.422802', 'fr', 'Table Of Contents', 'Table des matières', 'yaksh/templates/yaksh/add_lesson.html:161\nyaksh/templates/yaksh/show_video.html:162', 1, 'yaksh/locale', 'yaksh', 'django'),
(142, '2021-07-15 10:51:12.425905', '2021-07-15 10:51:12.425943', 'fr', 'Create lesson table of contents', 'Créer une table des matières de la leçon', 'yaksh/templates/yaksh/add_lesson.html:171', 1, 'yaksh/locale', 'yaksh', 'django'),
(143, '2021-07-15 10:51:12.428901', '2021-07-15 10:51:12.428938', 'fr', 'Select Marker', 'Sélectionner le marqueur', 'yaksh/templates/yaksh/add_lesson.html:192', 1, 'yaksh/locale', 'yaksh', 'django'),
(144, '2021-07-15 10:51:12.431940', '2021-07-15 10:51:12.431977', 'fr', 'Topic', 'Sujet', 'yaksh/templates/yaksh/add_lesson.html:193', 1, 'yaksh/locale', 'yaksh', 'django'),
(145, '2021-07-15 10:51:12.434933', '2021-07-15 10:51:12.434969', 'fr', 'Graded Quiz', 'Quiz noté', 'yaksh/templates/yaksh/add_lesson.html:194', 1, 'yaksh/locale', 'yaksh', 'django'),
(146, '2021-07-15 10:51:12.437864', '2021-07-15 10:51:12.437899', 'fr', 'Exercise', 'Exercice', 'yaksh/templates/yaksh/add_lesson.html:195\nyaksh/templates/yaksh/course_added_modules.html:97', 1, 'yaksh/locale', 'yaksh', 'django'),
(147, '2021-07-15 10:51:12.440847', '2021-07-15 10:51:12.440883', 'fr', 'Poll', 'Sondage', 'yaksh/templates/yaksh/add_lesson.html:196', 1, 'yaksh/locale', 'yaksh', 'django'),
(148, '2021-07-15 10:51:12.444111', '2021-07-15 10:51:12.444147', 'fr', 'Select question type', 'Sélectionnez le type de question', 'yaksh/templates/yaksh/add_lesson.html:201', 1, 'yaksh/locale', 'yaksh', 'django'),
(149, '2021-07-15 10:51:12.447118', '2021-07-15 10:51:12.447154', 'fr', 'Single Correct Choice', 'Choix unique correct', 'yaksh/templates/yaksh/add_lesson.html:203', 1, 'yaksh/locale', 'yaksh', 'django'),
(150, '2021-07-15 10:51:12.450122', '2021-07-15 10:51:12.450158', 'fr', 'Multiple Correct Choices', 'Plusieurs choix corrects', 'yaksh/templates/yaksh/add_lesson.html:205', 1, 'yaksh/locale', 'yaksh', 'django'),
(151, '2021-07-15 10:51:12.453334', '2021-07-15 10:51:12.453370', 'fr', 'Answer in Integer', 'Réponse en Integer', 'yaksh/templates/yaksh/add_lesson.html:207', 1, 'yaksh/locale', 'yaksh', 'django'),
(152, '2021-07-15 10:51:12.456285', '2021-07-15 10:51:12.456322', 'fr', 'Answer in String', 'Réponse en chaîne', 'yaksh/templates/yaksh/add_lesson.html:209', 1, 'yaksh/locale', 'yaksh', 'django'),
(153, '2021-07-15 10:51:12.459376', '2021-07-15 10:51:12.459414', 'fr', 'Answer in Float', 'Réponse en Float', 'yaksh/templates/yaksh/add_lesson.html:211', 1, 'yaksh/locale', 'yaksh', 'django'),
(154, '2021-07-15 10:51:12.462341', '2021-07-15 10:51:12.462377', 'fr', 'Add', 'Ajouter', 'yaksh/templates/yaksh/add_lesson.html:217\nyaksh/templates/yaksh/quizzes.html:139', 1, 'yaksh/locale', 'yaksh', 'django'),
(155, '2021-07-15 10:51:12.465411', '2021-07-15 10:51:12.465447', 'fr', 'Add a Video Path or Upload a video file to setup lesson contents', 'Ajoutez un chemin d\'accès vidéo ou téléchargez un fichier vidéo pour configurer le contenu de la leçon', 'yaksh/templates/yaksh/add_lesson.html:226', 1, 'yaksh/locale', 'yaksh', 'django'),
(156, '2021-07-15 10:51:12.468363', '2021-07-15 10:51:12.468398', 'fr', 'Add/Edit Content', 'Ajouter/modifier le contenu', 'yaksh/templates/yaksh/add_lesson.html:235', 1, 'yaksh/locale', 'yaksh', 'django'),
(157, '2021-07-15 10:51:12.471419', '2021-07-15 10:51:12.471455', 'fr', 'Create/Edit Learning Module', 'Créer/modifier un module d\'apprentissage', 'yaksh/templates/yaksh/add_module.html:6', 1, 'yaksh/locale', 'yaksh', 'django'),
(158, '2021-07-15 10:51:12.474365', '2021-07-15 10:51:12.474401', 'fr', 'Available Lessons and quizzes: (Add Lessons and Quizzes)', 'Leçons et quiz disponibles : (Ajouter des leçons et des quiz)', 'yaksh/templates/yaksh/add_module.html:126', 1, 'yaksh/locale', 'yaksh', 'django'),
(159, '2021-07-15 10:51:12.477311', '2021-07-15 10:51:12.477347', 'fr', 'Add to Module', 'Ajouter au module', 'yaksh/templates/yaksh/add_module.html:148', 1, 'yaksh/locale', 'yaksh', 'django'),
(160, '2021-07-15 10:51:12.480389', '2021-07-15 10:51:12.480425', 'fr', 'Chosen Lessons and quizzes:', 'Leçons choisies et quiz :', 'yaksh/templates/yaksh/add_module.html:155', 1, 'yaksh/locale', 'yaksh', 'django'),
(161, '2021-07-15 10:51:12.483362', '2021-07-15 10:51:12.483398', 'fr', 'Select', 'Sélectionnez', 'yaksh/templates/yaksh/add_module.html:160\nyaksh/templates/yaksh/course_teachers.html:19\nyaksh/templates/yaksh/design_course_session.html:25\nyaksh/templates/yaksh/design_course_session.html:67\nyaksh/templates/yaksh/monitor.html:143\nyaksh/templates/yaksh/showquestions.html:161', 1, 'yaksh/locale', 'yaksh', 'django'),
(162, '2021-07-15 10:51:12.486473', '2021-07-15 10:51:12.486509', 'fr', 'Order', 'Commandez', 'yaksh/templates/yaksh/add_module.html:162\nyaksh/templates/yaksh/design_course_session.html:69', 1, 'yaksh/locale', 'yaksh', 'django'),
(163, '2021-07-15 10:51:12.489439', '2021-07-15 10:51:12.489475', 'fr', 'Check Prerequisite', 'Vérifier les conditions préalables', 'yaksh/templates/yaksh/add_module.html:163', 1, 'yaksh/locale', 'yaksh', 'django'),
(164, '2021-07-15 10:51:12.492571', '2021-07-15 10:51:12.492608', 'fr', 'What\\', 'Quoi\\', 'yaksh/templates/yaksh/add_module.html:166\nyaksh/templates/yaksh/design_course_session.html:73\nyaksh/templates/yaksh/design_course_session.html:79', 1, 'yaksh/locale', 'yaksh', 'django'),
(165, '2021-07-15 10:51:12.495677', '2021-07-15 10:51:12.495714', 'fr', 'Currently', 'Actuellement', 'yaksh/templates/yaksh/add_module.html:174\nyaksh/templates/yaksh/design_course_session.html:87\nyaksh/templates/yaksh/design_course_session.html:89', 1, 'yaksh/locale', 'yaksh', 'django'),
(166, '2021-07-15 10:51:12.499081', '2021-07-15 10:51:12.499117', 'fr', 'Yes', 'Oui', 'yaksh/templates/yaksh/add_module.html:195\nyaksh/templates/yaksh/design_course_session.html:104\nyaksh/templates/yaksh/design_course_session.html:114', 1, 'yaksh/locale', 'yaksh', 'django'),
(167, '2021-07-15 10:51:12.502114', '2021-07-15 10:51:12.502150', 'fr', 'No', 'Non', 'yaksh/templates/yaksh/add_module.html:197\nyaksh/templates/yaksh/design_course_session.html:106\nyaksh/templates/yaksh/design_course_session.html:116\nyaksh/templates/yaksh/quit.html:56\nyaksh/templates/yaksh/quit.html:58', 1, 'yaksh/locale', 'yaksh', 'django'),
(168, '2021-07-15 10:51:12.505213', '2021-07-15 10:51:12.505248', 'fr', 'Remove from Module', 'Retirer du module', 'yaksh/templates/yaksh/add_module.html:211', 1, 'yaksh/locale', 'yaksh', 'django'),
(169, '2021-07-15 10:51:12.508210', '2021-07-15 10:51:12.508246', 'fr', 'Change Order', 'Ordre de modification', 'yaksh/templates/yaksh/add_module.html:212\nyaksh/templates/yaksh/design_course_session.html:131', 1, 'yaksh/locale', 'yaksh', 'django'),
(170, '2021-07-15 10:51:12.511188', '2021-07-15 10:51:12.511224', 'fr', 'Change Prerequisite', 'Modifier les conditions préalables', 'yaksh/templates/yaksh/add_module.html:213', 1, 'yaksh/locale', 'yaksh', 'django'),
(171, '2021-07-15 10:51:12.514241', '2021-07-15 10:51:12.514277', 'fr', 'Add Question', 'Ajouter une question', 'yaksh/templates/yaksh/add_question.html:6\nyaksh/templates/yaksh/add_question.html:7\nyaksh/templates/yaksh/showquestions.html:146', 1, 'yaksh/locale', 'yaksh', 'django'),
(172, '2021-07-15 10:51:12.517259', '2021-07-15 10:51:12.517295', 'fr', 'File:', 'Dossier :', 'yaksh/templates/yaksh/add_question.html:67', 1, 'yaksh/locale', 'yaksh', 'django'),
(173, '2021-07-15 10:51:12.520269', '2021-07-15 10:51:12.520305', 'fr', 'Uploaded files', 'Fichiers téléchargés', 'yaksh/templates/yaksh/add_question.html:81', 1, 'yaksh/locale', 'yaksh', 'django'),
(174, '2021-07-15 10:51:12.523284', '2021-07-15 10:51:12.523320', 'fr', 'Check on', 'Vérifier', 'yaksh/templates/yaksh/add_question.html:85', 1, 'yaksh/locale', 'yaksh', 'django'),
(175, '2021-07-15 10:51:12.526292', '2021-07-15 10:51:12.526328', 'fr', 'Delete', 'Supprimer', 'yaksh/templates/yaksh/add_question.html:85\nyaksh/templates/yaksh/add_question.html:97\nyaksh/templates/yaksh/showquestions.html:169', 1, 'yaksh/locale', 'yaksh', 'django'),
(176, '2021-07-15 10:51:12.529460', '2021-07-15 10:51:12.529496', 'fr', 'to delete files,', 'pour supprimer des fichiers,', 'yaksh/templates/yaksh/add_question.html:85', 1, 'yaksh/locale', 'yaksh', 'django'),
(177, '2021-07-15 10:51:12.532470', '2021-07-15 10:51:12.532506', 'fr', 'Extract', 'Extrait', 'yaksh/templates/yaksh/add_question.html:86\nyaksh/templates/yaksh/add_question.html:100', 1, 'yaksh/locale', 'yaksh', 'django'),
(178, '2021-07-15 10:51:12.535573', '2021-07-15 10:51:12.535608', 'fr', 'to extract files and', 'pour extraire des fichiers et', 'yaksh/templates/yaksh/add_question.html:86', 1, 'yaksh/locale', 'yaksh', 'django'),
(179, '2021-07-15 10:51:12.538621', '2021-07-15 10:51:12.538657', 'fr', 'Hide', 'Cacher', 'yaksh/templates/yaksh/add_question.html:86\nyaksh/templates/yaksh/add_question.html:103', 1, 'yaksh/locale', 'yaksh', 'django'),
(180, '2021-07-15 10:51:12.547253', '2021-07-15 10:51:12.547290', 'fr', 'to hide files', 'pour cacher des fichiers', 'yaksh/templates/yaksh/add_question.html:86', 1, 'yaksh/locale', 'yaksh', 'django'),
(181, '2021-07-15 10:51:12.550366', '2021-07-15 10:51:12.550402', 'fr', 'More info', 'Plus d\'informations', 'yaksh/templates/yaksh/add_question.html:89', 1, 'yaksh/locale', 'yaksh', 'django'),
(182, '2021-07-15 10:51:12.553587', '2021-07-15 10:51:12.553624', 'fr', 'Dont extract', 'Ne pas extraire', 'yaksh/templates/yaksh/add_question.html:100', 1, 'yaksh/locale', 'yaksh', 'django'),
(183, '2021-07-15 10:51:12.556825', '2021-07-15 10:51:12.556865', 'fr', 'Show', 'Afficher', 'yaksh/templates/yaksh/add_question.html:103', 1, 'yaksh/locale', 'yaksh', 'django'),
(184, '2021-07-15 10:51:12.560089', '2021-07-15 10:51:12.560125', 'fr', 'Test Cases', 'Cas de test', 'yaksh/templates/yaksh/add_question.html:115', 1, 'yaksh/locale', 'yaksh', 'django'),
(185, '2021-07-15 10:51:12.563275', '2021-07-15 10:51:12.563311', 'fr', 'Add Test Case:', 'Ajouter un cas de test :', 'yaksh/templates/yaksh/add_question.html:121', 1, 'yaksh/locale', 'yaksh', 'django'),
(186, '2021-07-15 10:51:12.566397', '2021-07-15 10:51:12.566433', 'fr', 'Select Testcase', 'Sélectionner le cas d\'essai', 'yaksh/templates/yaksh/add_question.html:124', 1, 'yaksh/locale', 'yaksh', 'django'),
(187, '2021-07-15 10:51:12.569487', '2021-07-15 10:51:12.569523', 'fr', 'Test case', 'Cas de test', 'yaksh/templates/yaksh/add_question.html:143', 1, 'yaksh/locale', 'yaksh', 'django'),
(188, '2021-07-15 10:51:12.572679', '2021-07-15 10:51:12.572717', 'fr', 'Details', 'Détails', 'yaksh/templates/yaksh/add_question.html:148\nyaksh/templates/yaksh/course_modules.html:76\nyaksh/templates/yaksh/grade_user.html:58\nyaksh/templates/yaksh/grade_user.html:460\nyaksh/templates/yaksh/grade_user.html:471\nyaksh/templates/yaksh/moderator_dashboard.html:74\nyaksh/templates/yaksh/quizzes_user.html:67\nyaksh/templates/yaksh/show_lesson_statistics.html:59\nyaksh/templates/yaksh/user_data.html:200\nyaksh/templates/yaksh/user_data.html:211\nyaksh/templates/yaksh/view_answerpaper.html:220', 1, 'yaksh/locale', 'yaksh', 'django'),
(189, '2021-07-15 10:51:12.576061', '2021-07-15 10:51:12.576098', 'fr', 'Add/Edit Quiz', 'Ajouter/Éditer un quiz', 'yaksh/templates/yaksh/add_quiz.html:5\nyaksh/templates/yaksh/add_quiz.html:7', 1, 'yaksh/locale', 'yaksh', 'django'),
(190, '2021-07-15 10:51:12.579314', '2021-07-15 10:51:12.579350', 'fr', 'Try as student', 'Essayez en tant qu\'étudiant', 'yaksh/templates/yaksh/add_quiz.html:70', 1, 'yaksh/locale', 'yaksh', 'django'),
(191, '2021-07-15 10:51:12.582460', '2021-07-15 10:51:12.582497', 'fr', 'Try as teacher', 'Essayez en tant que professeur', 'yaksh/templates/yaksh/add_quiz.html:74', 1, 'yaksh/locale', 'yaksh', 'django'),
(192, '2021-07-15 10:51:12.585456', '2021-07-15 10:51:12.585492', 'fr', 'Try as student:', 'Essayez en tant qu\'étudiant :', 'yaksh/templates/yaksh/add_quiz.html:92', 1, 'yaksh/locale', 'yaksh', 'django'),
(193, '2021-07-15 10:51:12.588433', '2021-07-15 10:51:12.588469', 'fr', 'Attempt quiz the way students will attempt i.e. -', 'Faites le test de la même manière que les étudiants le feront, c\'est-à-dire -', 'yaksh/templates/yaksh/add_quiz.html:92', 1, 'yaksh/locale', 'yaksh', 'django'),
(194, '2021-07-15 10:51:12.591511', '2021-07-15 10:51:12.591547', 'fr', 'Quiz won\\', 'Quiz gagné', 'yaksh/templates/yaksh/add_quiz.html:95', 1, 'yaksh/locale', 'yaksh', 'django');
INSERT INTO `translation_manager_translationentry` (`id`, `created`, `changed`, `language`, `original`, `translation`, `occurrences`, `is_published`, `locale_path`, `locale_parent_dir`, `domain`) VALUES
(195, '2021-07-15 10:51:12.594593', '2021-07-15 10:51:12.594629', 'fr', 'Try as teacher:', 'Essayez en tant que professeur :', 'yaksh/templates/yaksh/add_quiz.html:98', 1, 'yaksh/locale', 'yaksh', 'django'),
(196, '2021-07-15 10:51:12.597704', '2021-07-15 10:51:12.597741', 'fr', 'Add More', 'Ajouter plus', 'yaksh/templates/yaksh/add_video_quiz.html:24', 1, 'yaksh/locale', 'yaksh', 'django'),
(197, '2021-07-15 10:51:12.600759', '2021-07-15 10:51:12.600799', 'fr', 'Add Teachers/TAs', 'Ajouter des enseignants/AT', 'yaksh/templates/yaksh/addteacher.html:4\nyaksh/templates/yaksh/course_detail_options.html:83', 1, 'yaksh/locale', 'yaksh', 'django'),
(198, '2021-07-15 10:51:12.603887', '2021-07-15 10:51:12.603923', 'fr', 'Search', 'Recherche', 'yaksh/templates/yaksh/addteacher.html:11\nyaksh/templates/yaksh/course_forum.html:84\nyaksh/templates/yaksh/courses.html:59\nyaksh/templates/yaksh/design_questionpaper.html:92\nyaksh/templates/yaksh/lessons.html:70\nyaksh/templates/yaksh/modules.html:71\nyaksh/templates/yaksh/quizzes.html:74\nyaksh/templates/yaksh/quizzes_user.html:25', 1, 'yaksh/locale', 'yaksh', 'django'),
(199, '2021-07-15 10:51:12.607098', '2021-07-15 10:51:12.607140', 'fr', 'No results found', 'Aucun résultat trouvé', 'yaksh/templates/yaksh/addteacher.html:20', 1, 'yaksh/locale', 'yaksh', 'django'),
(200, '2021-07-15 10:51:12.610118', '2021-07-15 10:51:12.610154', 'fr', 'Search Results', 'Résultats de la recherche', 'yaksh/templates/yaksh/addteacher.html:22\nyaksh/views.py:191', 1, 'yaksh/locale', 'yaksh', 'django'),
(201, '2021-07-15 10:51:12.613077', '2021-07-15 10:51:12.613113', 'fr', 'Search results does not include teachers already added', 'Les résultats de la recherche ne comprennent pas les enseignants déjà ajoutés', 'yaksh/templates/yaksh/addteacher.html:25', 1, 'yaksh/locale', 'yaksh', 'django'),
(202, '2021-07-15 10:51:12.616043', '2021-07-15 10:51:12.616078', 'fr', 'Email', 'Courriel', 'yaksh/templates/yaksh/addteacher.html:44\nyaksh/templates/yaksh/course_send_mail.html:36\nyaksh/templates/yaksh/course_students.html:73\nyaksh/templates/yaksh/course_students.html:150\nyaksh/templates/yaksh/course_students.html:221\nyaksh/templates/yaksh/course_teachers.html:21\nyaksh/templates/yaksh/show_lesson_statistics.html:202', 1, 'yaksh/locale', 'yaksh', 'django'),
(203, '2021-07-15 10:51:12.618972', '2021-07-15 10:51:12.619016', 'fr', 'Add Selected', 'Ajouter une sélection', 'yaksh/templates/yaksh/addteacher.html:72', 1, 'yaksh/locale', 'yaksh', 'django'),
(204, '2021-07-15 10:51:12.621883', '2021-07-15 10:51:12.621919', 'fr', 'Teacher(s) added', 'Enseignant(s) ajouté(s)', 'yaksh/templates/yaksh/addteacher.html:81', 1, 'yaksh/locale', 'yaksh', 'django'),
(205, '2021-07-15 10:51:12.625130', '2021-07-15 10:51:12.625165', 'fr', 'Sr No.', 'Sr No.', 'yaksh/templates/yaksh/addteacher.html:86\nyaksh/templates/yaksh/monitor.html:162\nyaksh/templates/yaksh/show_lesson_statistics.html:199\nyaksh/templates/yaksh/showquestions.html:162', 1, 'yaksh/locale', 'yaksh', 'django'),
(206, '2021-07-15 10:51:12.628076', '2021-07-15 10:51:12.628112', 'fr', 'No Teacher(s)TA(s) Added', 'Aucun enseignant(s)TA(s) ajouté(s)', 'yaksh/templates/yaksh/addteacher.html:97', 1, 'yaksh/locale', 'yaksh', 'django'),
(207, '2021-07-15 10:51:12.631032', '2021-07-15 10:51:12.631069', 'fr', 'Complete', 'Compléter', 'yaksh/templates/yaksh/complete.html:6', 1, 'yaksh/locale', 'yaksh', 'django'),
(208, '2021-07-15 10:51:12.634000', '2021-07-15 10:51:12.634035', 'fr', 'Note:- Please Click on the Next button to submit the quiz. Please do not close the browser without clicking Next.', 'Note : - Veuillez cliquer sur le bouton Suivant pour soumettre le quiz. Ne fermez pas le navigateur sans cliquer sur Suivant.', 'yaksh/templates/yaksh/complete.html:21', 1, 'yaksh/locale', 'yaksh', 'django'),
(209, '2021-07-15 10:51:12.637001', '2021-07-15 10:51:12.637037', 'fr', 'Submission Status', 'Statut de la soumission', 'yaksh/templates/yaksh/complete.html:28\nyaksh/templates/yaksh/quit.html:19', 1, 'yaksh/locale', 'yaksh', 'django'),
(210, '2021-07-15 10:51:12.640073', '2021-07-15 10:51:12.640109', 'fr', 'Question', 'Question', 'yaksh/templates/yaksh/complete.html:32\nyaksh/templates/yaksh/quit.html:23\nyaksh/templates/yaksh/statistics_question.html:38', 1, 'yaksh/locale', 'yaksh', 'django'),
(211, '2021-07-15 10:51:12.643173', '2021-07-15 10:51:12.643209', 'fr', 'Status', 'Statut', 'yaksh/templates/yaksh/complete.html:33\nyaksh/templates/yaksh/error_template.html:73\nyaksh/templates/yaksh/grade_user.html:494\nyaksh/templates/yaksh/monitor.html:168\nyaksh/templates/yaksh/quit.html:24\nyaksh/templates/yaksh/user_data.html:234\nyaksh/templates/yaksh/view_answerpaper.html:255', 1, 'yaksh/locale', 'yaksh', 'django'),
(212, '2021-07-15 10:51:12.646342', '2021-07-15 10:51:12.646378', 'fr', 'Attempted', 'Tentative de', 'yaksh/templates/yaksh/complete.html:41\nyaksh/templates/yaksh/quit.html:32', 1, 'yaksh/locale', 'yaksh', 'django'),
(213, '2021-07-15 10:51:12.651355', '2021-07-15 10:51:12.651415', 'fr', 'Not Attempted', 'Pas de tentative', 'yaksh/templates/yaksh/complete.html:45\nyaksh/templates/yaksh/quit.html:35', 1, 'yaksh/locale', 'yaksh', 'django'),
(214, '2021-07-15 10:51:12.655535', '2021-07-15 10:51:12.655596', 'fr', 'Next', 'Suivant', 'yaksh/templates/yaksh/complete.html:64\nyaksh/templates/yaksh/complete.html:69\nyaksh/templates/yaksh/design_questionpaper.html:182\nyaksh/templates/yaksh/design_questionpaper.html:268\nyaksh/templates/yaksh/download_course_templates/quiz.html:84\nyaksh/templates/yaksh/download_course_templates/quiz.html:88\nyaksh/templates/yaksh/download_course_templates/unit.html:116\nyaksh/templates/yaksh/download_course_templates/unit.html:120\nyaksh/templates/yaksh/question.html:361\nyaksh/templates/yaksh/question.html:363\nyaksh/templates/yaksh/show_video.html:135\nyaksh/templates/yaksh/show_video.html:235', 1, 'yaksh/locale', 'yaksh', 'django'),
(215, '2021-07-15 10:51:12.660410', '2021-07-15 10:51:12.660469', 'fr', 'Course Modules', 'Modules de cours', 'yaksh/templates/yaksh/course_added_modules.html:5\nyaksh/templates/yaksh/course_detail_options.html:33\nyaksh/templates/yaksh/course_modules.html:5', 1, 'yaksh/locale', 'yaksh', 'django'),
(216, '2021-07-15 10:51:12.664482', '2021-07-15 10:51:12.664518', 'fr', 'Add Module', 'Ajouter un module', 'yaksh/templates/yaksh/course_added_modules.html:7', 1, 'yaksh/locale', 'yaksh', 'django'),
(217, '2021-07-15 10:51:12.670324', '2021-07-15 10:51:12.670360', 'fr', 'For additional module settings, Click on Design Module', 'Pour les paramètres supplémentaires du module, cliquez sur Design Module', 'yaksh/templates/yaksh/course_added_modules.html:14', 1, 'yaksh/locale', 'yaksh', 'django'),
(218, '2021-07-15 10:51:12.673877', '2021-07-15 10:51:12.673913', 'fr', 'Add Lesson', 'Ajouter une leçon', 'yaksh/templates/yaksh/course_added_modules.html:29', 1, 'yaksh/locale', 'yaksh', 'django'),
(219, '2021-07-15 10:51:12.677477', '2021-07-15 10:51:12.677513', 'fr', 'Add Quiz', 'Ajouter un quiz', 'yaksh/templates/yaksh/course_added_modules.html:34', 1, 'yaksh/locale', 'yaksh', 'django'),
(220, '2021-07-15 10:51:12.682505', '2021-07-15 10:51:12.682542', 'fr', 'Design Module', 'Module de conception', 'yaksh/templates/yaksh/course_added_modules.html:44\nyaksh/templates/yaksh/modules.html:85', 1, 'yaksh/locale', 'yaksh', 'django'),
(221, '2021-07-15 10:51:12.686101', '2021-07-15 10:51:12.686138', 'fr', 'Question Paper', 'Question Paper', 'yaksh/templates/yaksh/course_added_modules.html:81\nyaksh/templates/yaksh/course_added_modules.html:86\nyaksh/templates/yaksh/design_questionpaper.html:27', 1, 'yaksh/locale', 'yaksh', 'django'),
(222, '2021-07-15 10:51:12.689578', '2021-07-15 10:51:12.689615', 'fr', 'Quiz', 'Quiz', 'yaksh/templates/yaksh/course_added_modules.html:99\nyaksh/templates/yaksh/moderator_dashboard.html:87', 1, 'yaksh/locale', 'yaksh', 'django'),
(223, '2021-07-15 10:51:12.693007', '2021-07-15 10:51:12.693043', 'fr', 'Lesson', 'Leçon', 'yaksh/templates/yaksh/course_added_modules.html:102\nyaksh/templates/yaksh/lessons.html:83', 1, 'yaksh/locale', 'yaksh', 'django'),
(224, '2021-07-15 10:51:12.696421', '2021-07-15 10:51:12.696458', 'fr', 'completed out of', 'complété sur', 'yaksh/templates/yaksh/course_added_modules.html:110', 1, 'yaksh/locale', 'yaksh', 'django'),
(225, '2021-07-15 10:51:12.699895', '2021-07-15 10:51:12.699932', 'fr', 'Statistics', 'Statistiques', 'yaksh/templates/yaksh/course_added_modules.html:118\nyaksh/templates/yaksh/course_added_modules.html:127', 1, 'yaksh/locale', 'yaksh', 'django'),
(226, '2021-07-15 10:51:12.703271', '2021-07-15 10:51:12.703308', 'fr', 'Video Views', 'Vues vidéo', 'yaksh/templates/yaksh/course_added_modules.html:133', 1, 'yaksh/locale', 'yaksh', 'django'),
(227, '2021-07-15 10:51:12.706700', '2021-07-15 10:51:12.706738', 'fr', 'Quiz Submissions', 'Soumission de Quiz', 'yaksh/templates/yaksh/course_added_modules.html:136', 1, 'yaksh/locale', 'yaksh', 'django'),
(228, '2021-07-15 10:51:12.710166', '2021-07-15 10:51:12.710202', 'fr', 'No lesson/quiz added', 'Aucune leçon/quiz ajoutée', 'yaksh/templates/yaksh/course_added_modules.html:150', 1, 'yaksh/locale', 'yaksh', 'django'),
(229, '2021-07-15 10:51:12.713592', '2021-07-15 10:51:12.713628', 'fr', 'No learning modules', 'Pas de modules d\'apprentissage', 'yaksh/templates/yaksh/course_added_modules.html:161', 1, 'yaksh/locale', 'yaksh', 'django'),
(230, '2021-07-15 10:51:12.717050', '2021-07-15 10:51:12.717086', 'fr', 'Course Details', 'Détails du cours', 'yaksh/templates/yaksh/course_detail.html:6\nyaksh/templates/yaksh/grade_user.html:240\nyaksh/templates/yaksh/user_data.html:21\nyaksh/templates/yaksh/view_answerpaper.html:27', 1, 'yaksh/locale', 'yaksh', 'django'),
(231, '2021-07-15 10:51:12.720564', '2021-07-15 10:51:12.720600', 'fr', 'Enrollments', 'Inscriptions', 'yaksh/templates/yaksh/course_detail_options.html:23', 1, 'yaksh/locale', 'yaksh', 'django'),
(232, '2021-07-15 10:51:12.724029', '2021-07-15 10:51:12.724066', 'fr', 'Design Course', 'Cours de design', 'yaksh/templates/yaksh/course_detail_options.html:43', 1, 'yaksh/locale', 'yaksh', 'django'),
(233, '2021-07-15 10:51:12.727440', '2021-07-15 10:51:12.727476', 'fr', 'Course Progress', 'Progression du cours', 'yaksh/templates/yaksh/course_detail_options.html:53\nyaksh/templates/yaksh/course_progress.html:8', 1, 'yaksh/locale', 'yaksh', 'django'),
(234, '2021-07-15 10:51:12.730874', '2021-07-15 10:51:12.730910', 'fr', 'Send Mail', 'Envoyer un courrier', 'yaksh/templates/yaksh/course_detail_options.html:63\nyaksh/templates/yaksh/course_send_mail.html:60', 1, 'yaksh/locale', 'yaksh', 'django'),
(235, '2021-07-15 10:51:12.734504', '2021-07-15 10:51:12.734541', 'fr', 'Discussion Forum', 'Forum de discussion', 'yaksh/templates/yaksh/course_detail_options.html:73\nyaksh/templates/yaksh/course_forum.html:6\nyaksh/templates/yaksh/course_forum.html:13\nyaksh/templates/yaksh/course_modules.html:12\nyaksh/templates/yaksh/lessons_forum.html:13', 1, 'yaksh/locale', 'yaksh', 'django'),
(236, '2021-07-15 10:51:12.738121', '2021-07-15 10:51:12.738158', 'fr', 'Current Teachers/TAs', 'Enseignants/AT actuels', 'yaksh/templates/yaksh/course_detail_options.html:93', 1, 'yaksh/locale', 'yaksh', 'django'),
(237, '2021-07-15 10:51:12.741771', '2021-07-15 10:51:12.741807', 'fr', 'Upload / Download MD', 'Charger / Télécharger MD', 'yaksh/templates/yaksh/course_detail_options.html:103', 1, 'yaksh/locale', 'yaksh', 'django'),
(238, '2021-07-15 10:51:12.745434', '2021-07-15 10:51:12.745470', 'fr', 'New Post', 'Nouveau poste', 'yaksh/templates/yaksh/course_forum.html:29', 1, 'yaksh/locale', 'yaksh', 'django'),
(239, '2021-07-15 10:51:12.749327', '2021-07-15 10:51:12.749363', 'fr', 'Create a new Post', 'Créer un nouveau message', 'yaksh/templates/yaksh/course_forum.html:54', 1, 'yaksh/locale', 'yaksh', 'django'),
(240, '2021-07-15 10:51:12.752977', '2021-07-15 10:51:12.753013', 'fr', 'Close', 'Fermer', 'yaksh/templates/yaksh/course_forum.html:67\nyaksh/templates/yaksh/grade_user.html:635\nyaksh/templates/yaksh/monitor.html:248', 1, 'yaksh/locale', 'yaksh', 'django'),
(241, '2021-07-15 10:51:12.756556', '2021-07-15 10:51:12.756593', 'fr', 'Clear Search', 'Effacer la recherche', 'yaksh/templates/yaksh/course_forum.html:92\nyaksh/templates/yaksh/lessons.html:72\nyaksh/templates/yaksh/modules.html:73\nyaksh/templates/yaksh/quizzes.html:76', 1, 'yaksh/locale', 'yaksh', 'django'),
(242, '2021-07-15 10:51:12.760186', '2021-07-15 10:51:12.760222', 'fr', 'Posts', 'Postes', 'yaksh/templates/yaksh/course_forum.html:108\nyaksh/templates/yaksh/lessons_forum.html:55', 1, 'yaksh/locale', 'yaksh', 'django'),
(243, '2021-07-15 10:51:12.763841', '2021-07-15 10:51:12.763878', 'fr', 'Created by', 'Créé par', 'yaksh/templates/yaksh/course_forum.html:109\nyaksh/templates/yaksh/lessons_forum.html:56', 1, 'yaksh/locale', 'yaksh', 'django'),
(244, '2021-07-15 10:51:12.767542', '2021-07-15 10:51:12.767580', 'fr', 'Replies', 'Réponses', 'yaksh/templates/yaksh/course_forum.html:110\nyaksh/templates/yaksh/lessons_forum.html:57', 1, 'yaksh/locale', 'yaksh', 'django'),
(245, '2021-07-15 10:51:12.771305', '2021-07-15 10:51:12.771343', 'fr', 'Last reply', 'Dernière réponse', 'yaksh/templates/yaksh/course_forum.html:111\nyaksh/templates/yaksh/lessons_forum.html:58', 1, 'yaksh/locale', 'yaksh', 'django'),
(246, '2021-07-15 10:51:12.774812', '2021-07-15 10:51:12.774850', 'fr', 'Last updated:', 'Dernière mise à jour :', 'yaksh/templates/yaksh/course_forum.html:121\nyaksh/templates/yaksh/lessons_forum.html:68', 1, 'yaksh/locale', 'yaksh', 'django'),
(247, '2021-07-15 10:51:12.778522', '2021-07-15 10:51:12.778560', 'fr', 'Anonymous', 'Anonyme', 'yaksh/templates/yaksh/course_forum.html:125\nyaksh/templates/yaksh/lessons_forum.html:72\nyaksh/templates/yaksh/post_comments.html:37\nyaksh/templates/yaksh/post_comments.html:75\nyaksh/templates/yaksh/show_video.html:260', 1, 'yaksh/locale', 'yaksh', 'django'),
(248, '2021-07-15 10:51:12.782972', '2021-07-15 10:51:12.783010', 'fr', 'None', 'Aucun', 'yaksh/templates/yaksh/course_forum.html:136\nyaksh/templates/yaksh/lessons_forum.html:83', 1, 'yaksh/locale', 'yaksh', 'django'),
(249, '2021-07-15 10:51:12.786563', '2021-07-15 10:51:12.786601', 'fr', 'No discussion posts are there yet. Create one to start discussing.', 'Il n\'y a pas encore de postes de discussion. Créez-en un pour commencer à discuter.', 'yaksh/templates/yaksh/course_forum.html:154', 1, 'yaksh/locale', 'yaksh', 'django'),
(250, '2021-07-15 10:51:12.790087', '2021-07-15 10:51:12.790125', 'fr', 'Grade:', 'Grade :', 'yaksh/templates/yaksh/course_modules.html:17', 1, 'yaksh/locale', 'yaksh', 'django'),
(251, '2021-07-15 10:51:12.793602', '2021-07-15 10:51:12.793640', 'fr', 'Will be available once the course is complete', 'Sera disponible une fois le cours terminé', 'yaksh/templates/yaksh/course_modules.html:17', 1, 'yaksh/locale', 'yaksh', 'django'),
(252, '2021-07-15 10:51:12.797144', '2021-07-15 10:51:12.797182', 'fr', 'Course completed', 'Cours terminé', 'yaksh/templates/yaksh/course_modules.html:32\nyaksh/templates/yaksh/quizzes_user.html:143\nyaksh/templates/yaksh/user_status.html:9', 1, 'yaksh/locale', 'yaksh', 'django'),
(253, '2021-07-15 10:51:12.800629', '2021-07-15 10:51:12.800666', 'fr', 'No lectures found', 'Aucune conférence trouvée', 'yaksh/templates/yaksh/course_modules.html:60', 1, 'yaksh/locale', 'yaksh', 'django'),
(254, '2021-07-15 10:51:12.806558', '2021-07-15 10:51:12.806595', 'fr', 'View', 'Voir', 'yaksh/templates/yaksh/course_modules.html:84\nyaksh/templates/yaksh/course_modules.html:151\nyaksh/templates/yaksh/course_modules.html:156', 1, 'yaksh/locale', 'yaksh', 'django'),
(255, '2021-07-15 10:51:12.812906', '2021-07-15 10:51:12.812942', 'fr', 'Continue', 'Continuer', 'yaksh/templates/yaksh/course_modules.html:88\nyaksh/templates/yaksh/quizzes_user.html:82', 1, 'yaksh/locale', 'yaksh', 'django'),
(256, '2021-07-15 10:51:12.816342', '2021-07-15 10:51:12.816379', 'fr', 'Start', 'Démarrer', 'yaksh/templates/yaksh/course_modules.html:92\nyaksh/templates/yaksh/intro.html:47\nyaksh/templates/yaksh/quizzes_user.html:86\nyaksh/templates/yaksh/show_video.html:130', 1, 'yaksh/locale', 'yaksh', 'django'),
(257, '2021-07-15 10:51:12.820014', '2021-07-15 10:51:12.820050', 'fr', 'Answer paper', 'Document de réponse', 'yaksh/templates/yaksh/course_modules.html:178\nyaksh/templates/yaksh/course_modules.html:182', 1, 'yaksh/locale', 'yaksh', 'django'),
(258, '2021-07-15 10:51:12.823509', '2021-07-15 10:51:12.823545', 'fr', 'Number Of Students:', 'Nombre d\'étudiants :', 'yaksh/templates/yaksh/course_progress.html:12', 1, 'yaksh/locale', 'yaksh', 'django'),
(259, '2021-07-15 10:51:12.827002', '2021-07-15 10:51:12.827039', 'fr', 'Download Data', 'Télécharger les données', 'yaksh/templates/yaksh/course_progress.html:16', 1, 'yaksh/locale', 'yaksh', 'django'),
(260, '2021-07-15 10:51:12.832246', '2021-07-15 10:51:12.832312', 'fr', 'Sr. No', 'N° Sr', 'yaksh/templates/yaksh/course_progress.html:32', 1, 'yaksh/locale', 'yaksh', 'django'),
(261, '2021-07-15 10:51:12.837551', '2021-07-15 10:51:12.837621', 'fr', 'Roll No.', 'Rouleau n°.', 'yaksh/templates/yaksh/course_progress.html:33', 1, 'yaksh/locale', 'yaksh', 'django'),
(262, '2021-07-15 10:51:12.842768', '2021-07-15 10:51:12.842834', 'fr', 'Current Unit', 'Unité actuelle', 'yaksh/templates/yaksh/course_progress.html:35', 1, 'yaksh/locale', 'yaksh', 'django'),
(263, '2021-07-15 10:51:12.848046', '2021-07-15 10:51:12.848107', 'fr', 'Completion Percentage', 'Pourcentage d\'achèvement', 'yaksh/templates/yaksh/course_progress.html:36', 1, 'yaksh/locale', 'yaksh', 'django'),
(264, '2021-07-15 10:51:12.853516', '2021-07-15 10:51:12.853587', 'fr', 'Grade', 'Grade', 'yaksh/templates/yaksh/course_progress.html:37\nyaksh/templates/yaksh/grade_user.html:82', 1, 'yaksh/locale', 'yaksh', 'django'),
(265, '2021-07-15 10:51:12.858597', '2021-07-15 10:51:12.858658', 'fr', 'No course data found', 'Aucune donnée de cours trouvée', 'yaksh/templates/yaksh/course_progress.html:83', 1, 'yaksh/locale', 'yaksh', 'django'),
(266, '2021-07-15 10:51:12.863980', '2021-07-15 10:51:12.864043', 'fr', 'Attachments:', 'Pièces jointes :', 'yaksh/templates/yaksh/course_send_mail.html:14', 1, 'yaksh/locale', 'yaksh', 'django'),
(267, '2021-07-15 10:51:12.868921', '2021-07-15 10:51:12.868981', 'fr', 'Select all', 'Sélectionner tout', 'yaksh/templates/yaksh/course_send_mail.html:24\nyaksh/templates/yaksh/course_students.html:59\nyaksh/templates/yaksh/course_students.html:136\nyaksh/templates/yaksh/course_students.html:207', 1, 'yaksh/locale', 'yaksh', 'django'),
(268, '2021-07-15 10:51:12.873613', '2021-07-15 10:51:12.873692', 'fr', 'Full Name', 'Nom complet', 'yaksh/templates/yaksh/course_send_mail.html:35\nyaksh/templates/yaksh/course_students.html:72\nyaksh/templates/yaksh/course_students.html:149\nyaksh/templates/yaksh/course_students.html:220', 1, 'yaksh/locale', 'yaksh', 'django'),
(269, '2021-07-15 10:51:12.877924', '2021-07-15 10:51:12.877985', 'fr', 'No enrolled students yet', 'Aucun étudiant inscrit pour le moment', 'yaksh/templates/yaksh/course_send_mail.html:66\nyaksh/templates/yaksh/course_students.html:189', 1, 'yaksh/locale', 'yaksh', 'django'),
(270, '2021-07-15 10:51:12.882877', '2021-07-15 10:51:12.882942', 'fr', 'Upload Users', 'Télécharger les utilisateurs', 'yaksh/templates/yaksh/course_students.html:8', 1, 'yaksh/locale', 'yaksh', 'django'),
(271, '2021-07-15 10:51:12.888797', '2021-07-15 10:51:12.888862', 'fr', 'Upload', 'Télécharger', 'yaksh/templates/yaksh/course_students.html:24\nyaksh/templates/yaksh/monitor.html:131\nyaksh/templates/yaksh/question.html:349\nyaksh/templates/yaksh/upload_download_course_md.html:13\nyaksh/templates/yaksh/upload_file.html:32', 1, 'yaksh/locale', 'yaksh', 'django'),
(272, '2021-07-15 10:51:12.894702', '2021-07-15 10:51:12.894761', 'fr', '- The uploaded csv should have headers exactly same as mentioned below:', '- Le csv téléchargé doit avoir les mêmes en-têtes que ceux mentionnés ci-dessous :', 'yaksh/templates/yaksh/course_students.html:30', 1, 'yaksh/locale', 'yaksh', 'django'),
(273, '2021-07-15 10:51:12.900309', '2021-07-15 10:51:12.900366', 'fr', 'firstname, lastname, email, username, password, institute, roll_no, department,', 'prénom, nom, email, nom d\'utilisateur, mot de passe, institut, roll_no, département,', 'yaksh/templates/yaksh/course_students.html:31', 1, 'yaksh/locale', 'yaksh', 'django'),
(274, '2021-07-15 10:51:12.906200', '2021-07-15 10:51:12.906254', 'fr', 'remove', 'supprimer', 'yaksh/templates/yaksh/course_students.html:32', 1, 'yaksh/locale', 'yaksh', 'django'),
(275, '2021-07-15 10:51:12.911397', '2021-07-15 10:51:12.911450', 'fr', '- Mandatory fields are', '- Les champs obligatoires sont', 'yaksh/templates/yaksh/course_students.html:33', 1, 'yaksh/locale', 'yaksh', 'django'),
(276, '2021-07-15 10:51:12.916531', '2021-07-15 10:51:12.916582', 'fr', 'firstname, lastname and email.', 'le prénom, le nom et l\'adresse électronique.', 'yaksh/templates/yaksh/course_students.html:33', 1, 'yaksh/locale', 'yaksh', 'django'),
(277, '2021-07-15 10:51:12.921553', '2021-07-15 10:51:12.921603', 'fr', '- Other fields are optional.', '- Les autres champs sont facultatifs.', 'yaksh/templates/yaksh/course_students.html:34', 1, 'yaksh/locale', 'yaksh', 'django'),
(278, '2021-07-15 10:51:12.926462', '2021-07-15 10:51:12.926516', 'fr', '- If username and password are not provided then', '- Si le nom d\'utilisateur et le mot de passe ne sont pas fournis, alors', 'yaksh/templates/yaksh/course_students.html:35', 1, 'yaksh/locale', 'yaksh', 'django'),
(279, '2021-07-15 10:51:12.931204', '2021-07-15 10:51:12.931253', 'fr', 'Users created will have username and password same as their email', 'Les utilisateurs créés auront un nom d\'utilisateur et un mot de passe identiques à leur adresse électronique', 'yaksh/templates/yaksh/course_students.html:36', 1, 'yaksh/locale', 'yaksh', 'django'),
(280, '2021-07-15 10:51:12.935860', '2021-07-15 10:51:12.935908', 'fr', 'Click', 'Cliquez', 'yaksh/templates/yaksh/course_students.html:39', 1, 'yaksh/locale', 'yaksh', 'django'),
(281, '2021-07-15 10:51:12.940582', '2021-07-15 10:51:12.940628', 'fr', 'here', 'ici', 'yaksh/templates/yaksh/course_students.html:41', 1, 'yaksh/locale', 'yaksh', 'django'),
(282, '2021-07-15 10:51:12.945091', '2021-07-15 10:51:12.945137', 'fr', 'to download a sample CSV, edit and upload it', 'pour télécharger un exemple de CSV, le modifier et le charger', 'yaksh/templates/yaksh/course_students.html:42', 1, 'yaksh/locale', 'yaksh', 'django'),
(283, '2021-07-15 10:51:12.949506', '2021-07-15 10:51:12.949549', 'fr', 'Requested Students', 'Étudiants ayant demandé', 'yaksh/templates/yaksh/course_students.html:52', 1, 'yaksh/locale', 'yaksh', 'django'),
(284, '2021-07-15 10:51:12.953387', '2021-07-15 10:51:12.953447', 'fr', 'Enroll/Reject', 'Inscription/Rejet', 'yaksh/templates/yaksh/course_students.html:77', 1, 'yaksh/locale', 'yaksh', 'django'),
(285, '2021-07-15 10:51:12.957346', '2021-07-23 12:58:51.275650', 'fr', 'Enroll ', 'S\'inscrire', 'yaksh/templates/yaksh/course_students.html:96', 1, 'yaksh/locale', 'yaksh', 'django'),
(286, '2021-07-15 10:51:12.963614', '2021-07-15 10:51:12.963655', 'fr', 'Reject ', 'Rejeter ', 'yaksh/templates/yaksh/course_students.html:100', 1, 'yaksh/locale', 'yaksh', 'django'),
(287, '2021-07-15 10:51:12.967638', '2021-07-15 10:51:12.967694', 'fr', 'Reject selected', 'Rejeter la sélection', 'yaksh/templates/yaksh/course_students.html:110\nyaksh/templates/yaksh/course_students.html:183', 1, 'yaksh/locale', 'yaksh', 'django'),
(288, '2021-07-15 10:51:12.971796', '2021-07-15 10:51:12.971851', 'fr', 'Enroll selected', 'Inscription sélectionnée', 'yaksh/templates/yaksh/course_students.html:113\nyaksh/templates/yaksh/course_students.html:255', 1, 'yaksh/locale', 'yaksh', 'django'),
(289, '2021-07-15 10:51:12.975736', '2021-07-15 10:51:12.975777', 'fr', 'No requests yet', 'Aucune demande pour le moment', 'yaksh/templates/yaksh/course_students.html:119', 1, 'yaksh/locale', 'yaksh', 'django'),
(290, '2021-07-15 10:51:12.979603', '2021-07-15 10:51:12.979641', 'fr', 'Enrolled Students', 'Étudiants inscrits', 'yaksh/templates/yaksh/course_students.html:129', 1, 'yaksh/locale', 'yaksh', 'django'),
(291, '2021-07-15 10:51:12.985371', '2021-07-15 10:51:12.985409', 'fr', 'Rejected Students', 'Étudiants rejetés', 'yaksh/templates/yaksh/course_students.html:200', 1, 'yaksh/locale', 'yaksh', 'django'),
(292, '2021-07-15 10:51:12.990794', '2021-07-15 10:51:12.990831', 'fr', 'No rejected students yet', 'Pas encore d\'étudiants rejetés', 'yaksh/templates/yaksh/course_students.html:262', 1, 'yaksh/locale', 'yaksh', 'django'),
(293, '2021-07-15 10:51:12.993903', '2021-07-15 10:51:12.993940', 'fr', 'Teacher(s)/TA(s)', 'Enseignant(s)/Assistant(s) technique(s)', 'yaksh/templates/yaksh/course_teachers.html:3', 1, 'yaksh/locale', 'yaksh', 'django'),
(294, '2021-07-15 10:51:12.997493', '2021-07-15 10:51:12.997790', 'fr', 'Remove Teachers', 'Supprimer les enseignants', 'yaksh/templates/yaksh/course_teachers.html:40', 1, 'yaksh/locale', 'yaksh', 'django'),
(295, '2021-07-15 10:51:13.001427', '2021-07-15 10:51:13.001464', 'fr', 'No Teacher(s) added', 'Pas d\'enseignant(s) ajouté(s)', 'yaksh/templates/yaksh/course_teachers.html:44', 1, 'yaksh/locale', 'yaksh', 'django'),
(296, '2021-07-15 10:51:13.004979', '2021-07-15 10:51:13.005015', 'fr', 'No Courses Found', 'Aucun cours trouvé', 'yaksh/templates/yaksh/courses.html:41', 1, 'yaksh/locale', 'yaksh', 'django'),
(297, '2021-07-15 10:51:13.008634', '2021-07-15 10:51:13.008689', 'fr', 'Search/Filter Courses', 'Rechercher/Filtrer les cours', 'yaksh/templates/yaksh/courses.html:49', 1, 'yaksh/locale', 'yaksh', 'django'),
(298, '2021-07-15 10:51:13.012366', '2021-07-15 10:51:13.012403', 'fr', 'Clear', 'Effacer', 'yaksh/templates/yaksh/courses.html:62\nyaksh/templates/yaksh/showquestions.html:127', 1, 'yaksh/locale', 'yaksh', 'django'),
(299, '2021-07-15 10:51:13.016082', '2021-07-15 10:51:13.016122', 'fr', 'Course(s) Available', 'Cours disponible(s)', 'yaksh/templates/yaksh/courses.html:69', 1, 'yaksh/locale', 'yaksh', 'django'),
(300, '2021-07-15 10:51:13.019330', '2021-07-15 10:51:13.019366', 'fr', 'Allotted Course', 'Cours alloué', 'yaksh/templates/yaksh/courses.html:116\nyaksh/templates/yaksh/courses.html:215', 1, 'yaksh/locale', 'yaksh', 'django'),
(301, '2021-07-15 10:51:13.023016', '2021-07-15 10:51:13.023053', 'fr', 'Created Course', 'Cours créé', 'yaksh/templates/yaksh/courses.html:120\nyaksh/templates/yaksh/courses.html:219', 1, 'yaksh/locale', 'yaksh', 'django'),
(302, '2021-07-15 10:51:13.026743', '2021-07-15 10:51:13.026780', 'fr', 'More', 'Plus de', 'yaksh/templates/yaksh/courses.html:132\nyaksh/templates/yaksh/lessons.html:22\nyaksh/templates/yaksh/modules.html:23\nyaksh/templates/yaksh/quizzes.html:23', 1, 'yaksh/locale', 'yaksh', 'django'),
(303, '2021-07-15 10:51:13.030246', '2021-07-15 10:51:13.030297', 'fr', 'Edit Course', 'Modifier le cours', 'yaksh/templates/yaksh/courses.html:139\nyaksh/templates/yaksh/courses.html:230', 1, 'yaksh/locale', 'yaksh', 'django'),
(304, '2021-07-15 10:51:13.033988', '2021-07-15 10:51:13.034025', 'fr', 'Clone Course', 'Cours de clonage', 'yaksh/templates/yaksh/courses.html:146\nyaksh/templates/yaksh/courses.html:235', 1, 'yaksh/locale', 'yaksh', 'django'),
(305, '2021-07-15 10:51:13.037703', '2021-07-15 10:51:13.037741', 'fr', 'Download CSV', 'Télécharger CSV', 'yaksh/templates/yaksh/courses.html:153\nyaksh/templates/yaksh/courses.html:240\nyaksh/templates/yaksh/monitor.html:98', 1, 'yaksh/locale', 'yaksh', 'django'),
(306, '2021-07-15 10:51:13.041370', '2021-07-15 10:51:13.041407', 'fr', 'Download Course', 'Cours de téléchargement', 'yaksh/templates/yaksh/courses.html:160\nyaksh/templates/yaksh/courses.html:245', 1, 'yaksh/locale', 'yaksh', 'django'),
(307, '2021-07-15 10:51:13.045094', '2021-07-15 10:51:13.045131', 'fr', 'Inactive', 'Inactif', 'yaksh/templates/yaksh/courses.html:176\nyaksh/templates/yaksh/courses.html:262\nyaksh/templates/yaksh/moderator_dashboard.html:62', 1, 'yaksh/locale', 'yaksh', 'django'),
(308, '2021-07-15 10:51:13.048806', '2021-07-15 10:51:13.048843', 'fr', 'Creator:', 'Créateur :', 'yaksh/templates/yaksh/courses.html:180\nyaksh/templates/yaksh/courses.html:266', 1, 'yaksh/locale', 'yaksh', 'django'),
(309, '2021-07-15 10:51:13.052514', '2021-07-15 10:51:13.052551', 'fr', 'Starts On:', 'Commence le :', 'yaksh/templates/yaksh/courses.html:183\nyaksh/templates/yaksh/courses.html:269\nyaksh/templates/yaksh/quizzes_user.html:137', 1, 'yaksh/locale', 'yaksh', 'django'),
(310, '2021-07-15 10:51:13.056223', '2021-07-15 10:51:13.056263', 'fr', 'Ends On:', 'Se termine le :', 'yaksh/templates/yaksh/courses.html:186\nyaksh/templates/yaksh/courses.html:272\nyaksh/templates/yaksh/quizzes_user.html:138', 1, 'yaksh/locale', 'yaksh', 'django'),
(311, '2021-07-15 10:51:13.059775', '2021-07-15 10:51:13.059813', 'fr', 'Design Course Session', 'Session de cours de design', 'yaksh/templates/yaksh/design_course_session.html:5', 1, 'yaksh/locale', 'yaksh', 'django'),
(312, '2021-07-15 10:51:13.063338', '2021-07-15 10:51:13.063375', 'fr', 'Available Modules:', 'Modules disponibles :', 'yaksh/templates/yaksh/design_course_session.html:21', 1, 'yaksh/locale', 'yaksh', 'django'),
(313, '2021-07-15 10:51:13.066946', '2021-07-15 10:51:13.066983', 'fr', 'Modules', 'Modules', 'yaksh/templates/yaksh/design_course_session.html:26', 1, 'yaksh/locale', 'yaksh', 'django'),
(314, '2021-07-15 10:51:13.070604', '2021-07-15 10:51:13.070642', 'fr', 'Lessons/Quizzes', 'Leçons/Quiz', 'yaksh/templates/yaksh/design_course_session.html:27\nyaksh/templates/yaksh/modules.html:86', 1, 'yaksh/locale', 'yaksh', 'django'),
(315, '2021-07-15 10:51:13.074317', '2021-07-15 10:51:13.074355', 'fr', 'Add to course', 'Ajouter au cours', 'yaksh/templates/yaksh/design_course_session.html:57', 1, 'yaksh/locale', 'yaksh', 'django'),
(316, '2021-07-15 10:51:13.077902', '2021-07-15 10:51:13.077939', 'fr', 'Chosen Modules:', 'Modules choisis :', 'yaksh/templates/yaksh/design_course_session.html:63', 1, 'yaksh/locale', 'yaksh', 'django'),
(317, '2021-07-15 10:51:13.081675', '2021-07-15 10:51:13.081715', 'fr', 'Check Prerequisite Completion', 'Vérifier l\'achèvement des conditions préalables', 'yaksh/templates/yaksh/design_course_session.html:70', 1, 'yaksh/locale', 'yaksh', 'django'),
(318, '2021-07-15 10:51:13.085119', '2021-07-15 10:51:13.085155', 'fr', 'Check Prerequisite Passing', 'Vérifier la réussite des conditions préalables', 'yaksh/templates/yaksh/design_course_session.html:76', 1, 'yaksh/locale', 'yaksh', 'django'),
(319, '2021-07-15 10:51:13.088386', '2021-07-15 10:51:13.088423', 'fr', 'Remove from course', 'Retirer du cours', 'yaksh/templates/yaksh/design_course_session.html:130', 1, 'yaksh/locale', 'yaksh', 'django'),
(320, '2021-07-15 10:51:13.092178', '2021-07-15 10:51:13.092216', 'fr', 'Change Prerequisite Completion', 'Modification de l\'achèvement des conditions préalables', 'yaksh/templates/yaksh/design_course_session.html:132', 1, 'yaksh/locale', 'yaksh', 'django'),
(321, '2021-07-15 10:51:13.095699', '2021-07-15 10:51:13.095747', 'fr', 'Change Prerequisite Passing', 'Modification de la réussite des conditions préalables', 'yaksh/templates/yaksh/design_course_session.html:133', 1, 'yaksh/locale', 'yaksh', 'django'),
(322, '2021-07-15 10:51:13.099115', '2021-07-15 10:51:13.099166', 'fr', 'Design Question Paper', 'Modifier le questionnaire', 'yaksh/templates/yaksh/design_questionpaper.html:7', 1, 'yaksh/locale', 'yaksh', 'django'),
(323, '2021-07-15 10:51:13.102438', '2021-07-15 10:51:13.102474', 'fr', 'Manual mode to design the', 'Mode manuel pour concevoir le', 'yaksh/templates/yaksh/design_questionpaper.html:27', 1, 'yaksh/locale', 'yaksh', 'django'),
(324, '2021-07-15 10:51:13.105509', '2021-07-15 10:51:13.105546', 'fr', 'STEP 1', 'ÉTAPE 1', 'yaksh/templates/yaksh/design_questionpaper.html:32', 1, 'yaksh/locale', 'yaksh', 'django'),
(325, '2021-07-15 10:51:13.108587', '2021-07-15 10:51:13.108624', 'fr', 'Add Fixed Questions', 'Ajouter des questions fixes', 'yaksh/templates/yaksh/design_questionpaper.html:33', 1, 'yaksh/locale', 'yaksh', 'django'),
(326, '2021-07-15 10:51:13.111652', '2021-07-15 10:51:13.111712', 'fr', 'STEP 2', 'ÉTAPE 2', 'yaksh/templates/yaksh/design_questionpaper.html:38', 1, 'yaksh/locale', 'yaksh', 'django'),
(327, '2021-07-15 10:51:13.114740', '2021-07-15 10:51:13.114777', 'fr', 'Add Random Questions', 'Ajouter des questions aléatoires', 'yaksh/templates/yaksh/design_questionpaper.html:39', 1, 'yaksh/locale', 'yaksh', 'django'),
(328, '2021-07-15 10:51:13.117865', '2021-07-15 10:51:13.117901', 'fr', 'STEP 3', 'ÉTAPE 3', 'yaksh/templates/yaksh/design_questionpaper.html:44', 1, 'yaksh/locale', 'yaksh', 'django'),
(329, '2021-07-15 10:51:13.120943', '2021-07-15 10:51:13.120980', 'fr', 'Total Marks:', 'Total des points :', 'yaksh/templates/yaksh/design_questionpaper.html:51\nyaksh/templates/yaksh/grade_user.html:272\nyaksh/templates/yaksh/user_data.html:55\nyaksh/templates/yaksh/view_answerpaper.html:60', 1, 'yaksh/locale', 'yaksh', 'django'),
(330, '2021-07-15 10:51:13.124283', '2021-07-15 10:51:13.124320', 'fr', 'Please select Question type and Marks', 'Veuillez sélectionner le type de question et les marques', 'yaksh/templates/yaksh/design_questionpaper.html:70', 1, 'yaksh/locale', 'yaksh', 'django'),
(331, '2021-07-15 10:51:13.127326', '2021-07-15 10:51:13.127373', 'fr', 'Or', 'Ou', 'yaksh/templates/yaksh/design_questionpaper.html:82\nyaksh/templates/yaksh/showquestions.html:54', 1, 'yaksh/locale', 'yaksh', 'django'),
(332, '2021-07-15 10:51:13.130496', '2021-07-15 10:51:13.130534', 'fr', 'Search using Tags:', 'Cherchez en utilisant les mots clés :', 'yaksh/templates/yaksh/design_questionpaper.html:84\nyaksh/templates/yaksh/showquestions.html:100', 1, 'yaksh/locale', 'yaksh', 'django'),
(333, '2021-07-15 10:51:13.133684', '2021-07-15 10:51:13.133723', 'fr', 'Search Questions:', 'Questions de recherche :', 'yaksh/templates/yaksh/design_questionpaper.html:85', 1, 'yaksh/locale', 'yaksh', 'django'),
(334, '2021-07-15 10:51:13.136832', '2021-07-15 10:51:13.136868', 'fr', 'Available Tags', 'Étiquettes disponibles', 'yaksh/templates/yaksh/design_questionpaper.html:98\nyaksh/templates/yaksh/showquestions.html:103', 1, 'yaksh/locale', 'yaksh', 'django'),
(335, '2021-07-15 10:51:13.140028', '2021-07-15 10:51:13.140071', 'fr', 'No Available Tags', 'Aucune étiquette disponible', 'yaksh/templates/yaksh/design_questionpaper.html:105\nyaksh/templates/yaksh/showquestions.html:110', 1, 'yaksh/locale', 'yaksh', 'django'),
(336, '2021-07-15 10:51:13.143171', '2021-07-15 10:51:13.143214', 'fr', 'Select questions to add:', 'Sélectionnez les questions à ajouter :', 'yaksh/templates/yaksh/design_questionpaper.html:116', 1, 'yaksh/locale', 'yaksh', 'django'),
(337, '2021-07-15 10:51:13.148638', '2021-07-15 10:51:13.148685', 'fr', 'Add to paper', 'Ajouter au papier', 'yaksh/templates/yaksh/design_questionpaper.html:144\nyaksh/templates/yaksh/design_questionpaper.html:225', 1, 'yaksh/locale', 'yaksh', 'django'),
(338, '2021-07-15 10:51:13.157067', '2021-07-15 10:51:13.157115', 'fr', 'Fixed questions currently in paper:', 'Correction des questions actuellement dans le papier :', 'yaksh/templates/yaksh/design_questionpaper.html:149', 1, 'yaksh/locale', 'yaksh', 'django'),
(339, '2021-07-15 10:51:13.160282', '2021-07-15 10:51:13.160319', 'fr', 'Remove from paper', 'Retirer du papier', 'yaksh/templates/yaksh/design_questionpaper.html:176\nyaksh/templates/yaksh/design_questionpaper.html:259', 1, 'yaksh/locale', 'yaksh', 'django'),
(340, '2021-07-15 10:51:13.163420', '2021-07-15 10:51:13.163459', 'fr', 'Select questions to add to the pool:', 'Sélectionnez les questions à ajouter à la réserve :', 'yaksh/templates/yaksh/design_questionpaper.html:190', 1, 'yaksh/locale', 'yaksh', 'django'),
(341, '2021-07-15 10:51:13.166712', '2021-07-15 10:51:13.166749', 'fr', 'Number of questions to be picked from the pool', 'Nombre de questions à choisir dans le pool', 'yaksh/templates/yaksh/design_questionpaper.html:194', 1, 'yaksh/locale', 'yaksh', 'django'),
(342, '2021-07-15 10:51:13.170017', '2021-07-15 10:51:13.170054', 'fr', 'Pool of  questions currently in paper:', 'Pool de questions actuellement en cours de rédaction :', 'yaksh/templates/yaksh/design_questionpaper.html:230', 1, 'yaksh/locale', 'yaksh', 'django'),
(343, '2021-07-15 10:51:13.173205', '2021-07-15 10:51:13.173241', 'fr', 'Random Set', 'Ensemble aléatoire', 'yaksh/templates/yaksh/design_questionpaper.html:237', 1, 'yaksh/locale', 'yaksh', 'django'),
(344, '2021-07-15 10:51:13.176426', '2021-07-15 10:51:13.176462', 'fr', '(will take', '(prendra', 'yaksh/templates/yaksh/design_questionpaper.html:237', 1, 'yaksh/locale', 'yaksh', 'django'),
(345, '2021-07-15 10:51:13.179565', '2021-07-15 10:51:13.179601', 'fr', 'randomly out of', 'au hasard parmi les', 'yaksh/templates/yaksh/design_questionpaper.html:237', 1, 'yaksh/locale', 'yaksh', 'django'),
(346, '2021-07-15 10:51:13.183054', '2021-07-15 10:51:13.183091', 'fr', 'Previous', 'Précédent', 'yaksh/templates/yaksh/design_questionpaper.html:265\nyaksh/templates/yaksh/design_questionpaper.html:286', 1, 'yaksh/locale', 'yaksh', 'django'),
(347, '2021-07-15 10:51:13.186256', '2021-07-15 10:51:13.186299', 'fr', 'Almost finished creating your question paper', 'Vous avez presque fini de créer votre questionnaire', 'yaksh/templates/yaksh/design_questionpaper.html:274', 1, 'yaksh/locale', 'yaksh', 'django'),
(348, '2021-07-15 10:51:13.189436', '2021-07-15 10:51:13.189474', 'fr', 'Shuffle questions\\', 'Questions sur le shuffle', 'yaksh/templates/yaksh/design_questionpaper.html:277', 1, 'yaksh/locale', 'yaksh', 'django'),
(349, '2021-07-15 10:51:13.192505', '2021-07-15 10:51:13.192554', 'fr', 'Shuffle MCQ/MCC options for each student', 'Mélanger les options de QCM/MCC pour chaque étudiant', 'yaksh/templates/yaksh/design_questionpaper.html:281', 1, 'yaksh/locale', 'yaksh', 'django'),
(350, '2021-07-15 10:51:13.195612', '2021-07-15 10:51:13.195649', 'fr', 'Go to Module', 'Aller au module', 'yaksh/templates/yaksh/download_course_templates/index.html:49', 1, 'yaksh/locale', 'yaksh', 'django'),
(351, '2021-07-15 10:51:13.198731', '2021-07-15 10:51:13.198768', 'fr', 'Lessons (Click on lesson name to open lesson)', 'Leçons (Cliquez sur le nom de la leçon pour l\'ouvrir)', 'yaksh/templates/yaksh/download_course_templates/module.html:39', 1, 'yaksh/locale', 'yaksh', 'django'),
(352, '2021-07-15 10:51:13.201832', '2021-07-15 10:51:13.201869', 'fr', 'Lesson Files (Click on lesson file to download)', 'Fichiers de leçons (Cliquez sur le fichier de leçon pour le télécharger)', 'yaksh/templates/yaksh/download_course_templates/unit.html:93', 1, 'yaksh/locale', 'yaksh', 'django'),
(353, '2021-07-15 10:51:13.204991', '2021-07-15 10:51:13.205036', 'fr', 'No files for', 'Aucun dossier pour', 'yaksh/templates/yaksh/download_course_templates/unit.html:105', 1, 'yaksh/locale', 'yaksh', 'django'),
(354, '2021-07-15 10:51:13.208100', '2021-07-15 10:51:13.208138', 'fr', 'Edit Profile', 'Modifier le profil', 'yaksh/templates/yaksh/editprofile.html:4\nyaksh/templates/yaksh/view_profile.html:43', 1, 'yaksh/locale', 'yaksh', 'django'),
(355, '2021-07-15 10:51:13.211268', '2021-07-15 10:51:13.211305', 'fr', 'Update', 'Mise à jour', 'yaksh/templates/yaksh/editprofile.html:46', 1, 'yaksh/locale', 'yaksh', 'django'),
(356, '2021-07-15 10:51:13.214402', '2021-07-15 10:51:13.214439', 'fr', 'Questions in', 'Questions en', 'yaksh/templates/yaksh/editquestionpaper.html:6', 1, 'yaksh/locale', 'yaksh', 'django'),
(357, '2021-07-15 10:51:13.217550', '2021-07-15 10:51:13.217587', 'fr', 'Fixed Questions', 'Questions fixes', 'yaksh/templates/yaksh/editquestionpaper.html:16', 1, 'yaksh/locale', 'yaksh', 'django'),
(358, '2021-07-15 10:51:13.220770', '2021-07-15 10:51:13.220807', 'fr', 'Random Questions', 'Questions aléatoires', 'yaksh/templates/yaksh/editquestionpaper.html:20', 1, 'yaksh/locale', 'yaksh', 'django'),
(359, '2021-07-15 10:51:13.224033', '2021-07-15 10:51:13.224071', 'fr', 'question(s) from', 'question(s) de', 'yaksh/templates/yaksh/editquestionpaper.html:22', 1, 'yaksh/locale', 'yaksh', 'django'),
(360, '2021-07-15 10:51:13.227591', '2021-07-15 10:51:13.227656', 'fr', 'question(s)', 'question(s)', 'yaksh/templates/yaksh/editquestionpaper.html:22', 1, 'yaksh/locale', 'yaksh', 'django'),
(361, '2021-07-15 10:51:13.233106', '2021-07-15 10:51:13.233169', 'fr', 'Error No.', 'N° d\'erreur.', 'yaksh/templates/yaksh/error_template.html:15', 1, 'yaksh/locale', 'yaksh', 'django'),
(362, '2021-07-15 10:51:13.238556', '2021-07-15 10:51:13.238612', 'fr', 'Hidden test case failed', 'Le cas de test caché a échoué', 'yaksh/templates/yaksh/error_template.html:19', 1, 'yaksh/locale', 'yaksh', 'django'),
(363, '2021-07-15 10:51:13.243664', '2021-07-15 10:51:13.243736', 'fr', 'We tried your code with the following test case:', 'Nous avons essayé votre code avec le cas de test suivant :', 'yaksh/templates/yaksh/error_template.html:27', 1, 'yaksh/locale', 'yaksh', 'django'),
(364, '2021-07-15 10:51:13.248954', '2021-07-15 10:51:13.249008', 'fr', 'The following error took place:', 'L\'erreur suivante s\'est produite :', 'yaksh/templates/yaksh/error_template.html:33\nyaksh/templates/yaksh/grade_user.html:524\nyaksh/templates/yaksh/user_data.html:264', 1, 'yaksh/locale', 'yaksh', 'django'),
(365, '2021-07-15 10:51:13.253981', '2021-07-15 10:51:13.254034', 'fr', 'Exception Name:', 'Nom d\'exception :', 'yaksh/templates/yaksh/error_template.html:37\nyaksh/templates/yaksh/grade_user.html:527\nyaksh/templates/yaksh/user_data.html:267\nyaksh/templates/yaksh/view_answerpaper.html:288', 1, 'yaksh/locale', 'yaksh', 'django'),
(366, '2021-07-15 10:51:13.258945', '2021-07-15 10:51:13.258998', 'fr', 'Exception Message:', 'Message d\'exception :', 'yaksh/templates/yaksh/error_template.html:41\nyaksh/templates/yaksh/grade_user.html:531\nyaksh/templates/yaksh/user_data.html:271\nyaksh/templates/yaksh/view_answerpaper.html:292', 1, 'yaksh/locale', 'yaksh', 'django'),
(367, '2021-07-15 10:51:13.263876', '2021-07-15 10:51:13.263929', 'fr', 'Full Traceback:', 'Full Traceback :', 'yaksh/templates/yaksh/error_template.html:46\nyaksh/templates/yaksh/grade_user.html:535\nyaksh/templates/yaksh/user_data.html:275\nyaksh/templates/yaksh/view_answerpaper.html:296', 1, 'yaksh/locale', 'yaksh', 'django'),
(368, '2021-07-15 10:51:13.268843', '2021-07-15 10:51:13.268897', 'fr', 'For given Input value(s):', 'Pour une ou plusieurs valeurs d\'entrée données :', 'yaksh/templates/yaksh/error_template.html:58\nyaksh/templates/yaksh/grade_user.html:484\nyaksh/templates/yaksh/user_data.html:224\nyaksh/templates/yaksh/view_answerpaper.html:245', 1, 'yaksh/locale', 'yaksh', 'django'),
(369, '2021-07-15 10:51:13.273794', '2021-07-15 10:51:13.273847', 'fr', 'Line No.', 'Ligne n°.', 'yaksh/templates/yaksh/error_template.html:70\nyaksh/templates/yaksh/grade_user.html:491\nyaksh/templates/yaksh/user_data.html:231\nyaksh/templates/yaksh/view_answerpaper.html:252', 1, 'yaksh/locale', 'yaksh', 'django'),
(370, '2021-07-15 10:51:13.278679', '2021-07-15 10:51:13.278743', 'fr', 'Expected Output', 'Résultats attendus', 'yaksh/templates/yaksh/error_template.html:71\nyaksh/templates/yaksh/grade_user.html:492\nyaksh/templates/yaksh/user_data.html:232\nyaksh/templates/yaksh/view_answerpaper.html:253', 1, 'yaksh/locale', 'yaksh', 'django'),
(371, '2021-07-15 10:51:13.283761', '2021-07-15 10:51:13.283823', 'fr', 'User output', 'Sortie utilisateur', 'yaksh/templates/yaksh/error_template.html:72\nyaksh/templates/yaksh/grade_user.html:493\nyaksh/templates/yaksh/user_data.html:233\nyaksh/templates/yaksh/view_answerpaper.html:254', 1, 'yaksh/locale', 'yaksh', 'django'),
(372, '2021-07-15 10:51:13.288764', '2021-07-15 10:51:13.288817', 'fr', 'Error:', 'Erreur :', 'yaksh/templates/yaksh/error_template.html:90\nyaksh/templates/yaksh/grade_user.html:467\nyaksh/templates/yaksh/grade_user.html:511\nyaksh/templates/yaksh/user_data.html:207\nyaksh/templates/yaksh/view_answerpaper.html:227\nyaksh/templates/yaksh/view_answerpaper.html:272', 1, 'yaksh/locale', 'yaksh', 'django'),
(373, '2021-07-15 10:51:13.293482', '2021-07-15 10:51:13.293534', 'fr', 'Monitor', 'Moniteur', 'yaksh/templates/yaksh/grade_user.html:77\nyaksh/templates/yaksh/monitor.html:6\nyaksh/templates/yaksh/monitor.html:7', 1, 'yaksh/locale', 'yaksh', 'django'),
(374, '2021-07-15 10:51:13.298082', '2021-07-15 10:51:13.298134', 'fr', 'No Quizzes', 'Pas de quiz', 'yaksh/templates/yaksh/grade_user.html:92\nyaksh/templates/yaksh/moderator_dashboard.html:108', 1, 'yaksh/locale', 'yaksh', 'django'),
(375, '2021-07-15 10:51:13.302885', '2021-07-15 10:51:13.302937', 'fr', 'No courses found to grade', 'Aucun cours trouvé à noter', 'yaksh/templates/yaksh/grade_user.html:107', 1, 'yaksh/locale', 'yaksh', 'django'),
(376, '2021-07-15 10:51:13.307638', '2021-07-15 10:51:13.307705', 'fr', 'Select student', 'Sélectionnez l\'étudiant', 'yaksh/templates/yaksh/grade_user.html:118', 1, 'yaksh/locale', 'yaksh', 'django'),
(377, '2021-07-15 10:51:13.312448', '2021-07-15 10:51:13.312502', 'fr', 'No Users Found for', 'Aucun utilisateur trouvé pour', 'yaksh/templates/yaksh/grade_user.html:132\nyaksh/templates/yaksh/monitor.html:259', 1, 'yaksh/locale', 'yaksh', 'django'),
(378, '2021-07-15 10:51:13.317188', '2021-07-15 10:51:13.317241', 'fr', 'Download All Assignments', 'Télécharger tous les devoirs', 'yaksh/templates/yaksh/grade_user.html:142', 1, 'yaksh/locale', 'yaksh', 'django'),
(379, '2021-07-15 10:51:13.322014', '2021-07-15 10:51:13.322067', 'fr', 'Regrade papers by questions', 'Classer les papiers par questions', 'yaksh/templates/yaksh/grade_user.html:150', 1, 'yaksh/locale', 'yaksh', 'django'),
(380, '2021-07-15 10:51:13.326788', '2021-07-15 10:51:13.326842', 'fr', 'Type', 'Type', 'yaksh/templates/yaksh/grade_user.html:160\nyaksh/templates/yaksh/grade_user.html:319\nyaksh/templates/yaksh/show_lesson_statistics.html:72\nyaksh/templates/yaksh/showquestions.html:165\nyaksh/templates/yaksh/statistics_question.html:39\nyaksh/templates/yaksh/user_data.html:74\nyaksh/templates/yaksh/view_answerpaper.html:79', 1, 'yaksh/locale', 'yaksh', 'django'),
(381, '2021-07-15 10:51:13.331834', '2021-07-15 10:51:13.331886', 'fr', 'Marks', 'Marks', 'yaksh/templates/yaksh/grade_user.html:161\nyaksh/templates/yaksh/monitor.html:165\nyaksh/templates/yaksh/showquestions.html:166', 1, 'yaksh/locale', 'yaksh', 'django'),
(382, '2021-07-15 10:51:13.336906', '2021-07-15 10:51:13.336966', 'fr', 'Regrade', 'Regrade', 'yaksh/templates/yaksh/grade_user.html:162\nyaksh/templates/yaksh/grade_user.html:173\nyaksh/templates/yaksh/grade_user.html:321\nyaksh/templates/yaksh/grade_user.html:336\nyaksh/templates/yaksh/grade_user.html:611', 1, 'yaksh/locale', 'yaksh', 'django'),
(383, '2021-07-15 10:51:13.341846', '2021-07-15 10:51:13.341899', 'fr', 'Student Details', 'Détails sur les étudiants', 'yaksh/templates/yaksh/grade_user.html:215', 1, 'yaksh/locale', 'yaksh', 'django'),
(384, '2021-07-15 10:51:13.346776', '2021-07-15 10:51:13.346829', 'fr', 'Name:', 'Nom :', 'yaksh/templates/yaksh/grade_user.html:218', 1, 'yaksh/locale', 'yaksh', 'django'),
(385, '2021-07-15 10:51:13.351785', '2021-07-15 10:51:13.351838', 'fr', 'Roll number:', 'Numéro de rouleau :', 'yaksh/templates/yaksh/grade_user.html:223\nyaksh/templates/yaksh/view_profile.html:31', 1, 'yaksh/locale', 'yaksh', 'django'),
(386, '2021-07-15 10:51:13.356695', '2021-07-15 10:51:13.356750', 'fr', 'Position:', 'Poste :', 'yaksh/templates/yaksh/grade_user.html:224\nyaksh/templates/yaksh/view_profile.html:35', 1, 'yaksh/locale', 'yaksh', 'django'),
(387, '2021-07-15 10:51:13.361691', '2021-07-15 10:51:13.361745', 'fr', 'Department:', 'Département :', 'yaksh/templates/yaksh/grade_user.html:227\nyaksh/templates/yaksh/view_profile.html:27', 1, 'yaksh/locale', 'yaksh', 'django'),
(388, '2021-07-15 10:51:13.366638', '2021-07-15 10:51:13.366705', 'fr', 'Institute:', 'Institut :', 'yaksh/templates/yaksh/grade_user.html:228\nyaksh/templates/yaksh/view_profile.html:23', 1, 'yaksh/locale', 'yaksh', 'django'),
(389, '2021-07-15 10:51:13.371507', '2021-07-15 10:51:13.371560', 'fr', 'Course:', 'Cours :', 'yaksh/templates/yaksh/grade_user.html:245\nyaksh/templates/yaksh/user_data.html:26\nyaksh/templates/yaksh/view_answerpaper.html:32', 1, 'yaksh/locale', 'yaksh', 'django'),
(390, '2021-07-15 10:51:13.376613', '2021-07-15 10:51:13.376665', 'fr', 'Quiz:', 'Quiz :', 'yaksh/templates/yaksh/grade_user.html:246\nyaksh/templates/yaksh/preview_questionpaper.html:6\nyaksh/templates/yaksh/user_data.html:27\nyaksh/templates/yaksh/view_answerpaper.html:33', 1, 'yaksh/locale', 'yaksh', 'django'),
(391, '2021-07-15 10:51:13.381345', '2021-07-15 10:51:13.381386', 'fr', 'Start time:', 'Heure de début :', 'yaksh/templates/yaksh/grade_user.html:249\nyaksh/templates/yaksh/user_data.html:30\nyaksh/templates/yaksh/view_answerpaper.html:36', 1, 'yaksh/locale', 'yaksh', 'django'),
(392, '2021-07-15 10:51:13.385363', '2021-07-15 10:51:13.385401', 'fr', 'End time:', 'Heure de fin :', 'yaksh/templates/yaksh/grade_user.html:250\nyaksh/templates/yaksh/user_data.html:31\nyaksh/templates/yaksh/view_answerpaper.html:37', 1, 'yaksh/locale', 'yaksh', 'django'),
(393, '2021-07-15 10:51:13.389336', '2021-07-15 10:51:13.389374', 'fr', 'Scorecard', 'Tableau de bord', 'yaksh/templates/yaksh/grade_user.html:260\nyaksh/templates/yaksh/user_data.html:45\nyaksh/templates/yaksh/view_answerpaper.html:50', 1, 'yaksh/locale', 'yaksh', 'django'),
(394, '2021-07-15 10:51:13.393231', '2021-07-15 10:51:13.393268', 'fr', 'Status:', 'Statut :', 'yaksh/templates/yaksh/grade_user.html:265\nyaksh/templates/yaksh/user_data.html:48', 1, 'yaksh/locale', 'yaksh', 'django'),
(395, '2021-07-15 10:51:13.397229', '2021-07-15 10:51:13.397266', 'fr', 'Passed', 'Adopté', 'yaksh/templates/yaksh/grade_user.html:267\nyaksh/templates/yaksh/user_data.html:50\nyaksh/templates/yaksh/view_answerpaper.html:55', 1, 'yaksh/locale', 'yaksh', 'django');
INSERT INTO `translation_manager_translationentry` (`id`, `created`, `changed`, `language`, `original`, `translation`, `occurrences`, `is_published`, `locale_path`, `locale_parent_dir`, `domain`) VALUES
(396, '2021-07-15 10:51:13.401099', '2021-07-15 10:51:13.401136', 'fr', 'Failed', 'Échoué', 'yaksh/templates/yaksh/grade_user.html:269\nyaksh/templates/yaksh/user_data.html:52\nyaksh/templates/yaksh/view_answerpaper.html:57', 1, 'yaksh/locale', 'yaksh', 'django'),
(397, '2021-07-15 10:51:13.405069', '2021-07-15 10:51:13.405106', 'fr', 'Marks obtained:', 'Notes obtenues :', 'yaksh/templates/yaksh/grade_user.html:273\nyaksh/templates/yaksh/user_data.html:56\nyaksh/templates/yaksh/view_answerpaper.html:61', 1, 'yaksh/locale', 'yaksh', 'django'),
(398, '2021-07-15 10:51:13.409051', '2021-07-15 10:51:13.409088', 'fr', 'Percentage obtained:', 'Pourcentage obtenu :', 'yaksh/templates/yaksh/grade_user.html:277\nyaksh/templates/yaksh/user_data.html:58\nyaksh/templates/yaksh/view_answerpaper.html:63', 1, 'yaksh/locale', 'yaksh', 'django'),
(399, '2021-07-15 10:51:13.413017', '2021-07-15 10:51:13.413053', 'fr', 'Total attempts at questions:', 'Nombre total de tentatives de réponses aux questions :', 'yaksh/templates/yaksh/grade_user.html:279\nyaksh/templates/yaksh/user_data.html:60\nyaksh/templates/yaksh/view_answerpaper.html:65', 1, 'yaksh/locale', 'yaksh', 'django'),
(400, '2021-07-15 10:51:13.417016', '2021-07-15 10:51:13.417052', 'fr', 'Attempt Number:', 'Numéro de tentative :', 'yaksh/templates/yaksh/grade_user.html:281\nyaksh/templates/yaksh/grade_user.html:449\nyaksh/templates/yaksh/user_data.html:40\nyaksh/templates/yaksh/user_data.html:189\nyaksh/templates/yaksh/view_answerpaper.html:45\nyaksh/templates/yaksh/view_answerpaper.html:209', 1, 'yaksh/locale', 'yaksh', 'django'),
(401, '2021-07-15 10:51:13.420998', '2021-07-15 10:51:13.421034', 'fr', 'Select attempt number', 'Sélectionnez le numéro de la tentative', 'yaksh/templates/yaksh/grade_user.html:286', 1, 'yaksh/locale', 'yaksh', 'django'),
(402, '2021-07-15 10:51:13.424904', '2021-07-15 10:51:13.424941', 'fr', 'Submission Details', 'Détails de la soumission', 'yaksh/templates/yaksh/grade_user.html:304\nyaksh/templates/yaksh/user_data.html:67\nyaksh/templates/yaksh/view_answerpaper.html:72', 1, 'yaksh/locale', 'yaksh', 'django'),
(403, '2021-07-15 10:51:13.428809', '2021-07-15 10:51:13.428846', 'fr', 'Regrade Whole Paper', 'Regradez le papier entier', 'yaksh/templates/yaksh/grade_user.html:308', 1, 'yaksh/locale', 'yaksh', 'django'),
(404, '2021-07-15 10:51:13.432664', '2021-07-15 10:51:13.432711', 'fr', 'Marks Obtained', 'Notes obtenues', 'yaksh/templates/yaksh/grade_user.html:320\nyaksh/templates/yaksh/user_data.html:75\nyaksh/templates/yaksh/view_answerpaper.html:80', 1, 'yaksh/locale', 'yaksh', 'django'),
(405, '2021-07-15 10:51:13.436652', '2021-07-15 10:51:13.436705', 'fr', 'Details:', 'Détails :', 'yaksh/templates/yaksh/grade_user.html:353\nyaksh/templates/yaksh/user_data.html:93\nyaksh/templates/yaksh/view_answerpaper.html:102', 1, 'yaksh/locale', 'yaksh', 'django'),
(406, '2021-07-15 10:51:13.440619', '2021-07-15 10:51:13.440657', 'fr', 'Mark(s):', 'Marque(s) :', 'yaksh/templates/yaksh/grade_user.html:354\nyaksh/templates/yaksh/preview_questionpaper.html:34\nyaksh/templates/yaksh/view_answerpaper.html:103', 1, 'yaksh/locale', 'yaksh', 'django'),
(407, '2021-07-15 10:51:13.444806', '2021-07-15 10:51:13.444843', 'fr', 'Question:', 'Question :', 'yaksh/templates/yaksh/grade_user.html:360\nyaksh/templates/yaksh/preview_questionpaper.html:38\nyaksh/templates/yaksh/view_answerpaper.html:108', 1, 'yaksh/locale', 'yaksh', 'django'),
(408, '2021-07-15 10:51:13.448885', '2021-07-15 10:51:13.448922', 'fr', 'Choices:', 'Des choix :', 'yaksh/templates/yaksh/grade_user.html:366\nyaksh/templates/yaksh/preview_questionpaper.html:44', 1, 'yaksh/locale', 'yaksh', 'django'),
(409, '2021-07-15 10:51:13.452864', '2021-07-15 10:51:13.452901', 'fr', 'Correct Answer:', 'Bonne réponse :', 'yaksh/templates/yaksh/grade_user.html:389\nyaksh/templates/yaksh/user_data.html:128\nyaksh/templates/yaksh/view_answerpaper.html:137', 1, 'yaksh/locale', 'yaksh', 'django'),
(410, '2021-07-15 10:51:13.462324', '2021-07-15 10:51:13.462362', 'fr', 'Correct Order:', 'Ordre correct :', 'yaksh/templates/yaksh/grade_user.html:401\nyaksh/templates/yaksh/user_data.html:140\nyaksh/templates/yaksh/view_answerpaper.html:149', 1, 'yaksh/locale', 'yaksh', 'django'),
(411, '2021-07-15 10:51:13.466350', '2021-07-15 10:51:13.466387', 'fr', 'Test cases:', 'Cas de test :', 'yaksh/templates/yaksh/grade_user.html:412\nyaksh/templates/yaksh/user_data.html:151\nyaksh/templates/yaksh/view_answerpaper.html:160', 1, 'yaksh/locale', 'yaksh', 'django'),
(412, '2021-07-15 10:51:13.470416', '2021-07-15 10:51:13.470452', 'fr', 'Student answer(s):', 'Réponse(s) de l\'élève :', 'yaksh/templates/yaksh/grade_user.html:424\nyaksh/templates/yaksh/user_data.html:163\nyaksh/templates/yaksh/view_answerpaper.html:184', 1, 'yaksh/locale', 'yaksh', 'django'),
(413, '2021-07-15 10:51:13.474479', '2021-07-15 10:51:13.474515', 'fr', 'Assignment File for', 'Dossier d\'affectation pour', 'yaksh/templates/yaksh/grade_user.html:431\nyaksh/templates/yaksh/user_data.html:170\nyaksh/templates/yaksh/view_answerpaper.html:191', 1, 'yaksh/locale', 'yaksh', 'django'),
(414, '2021-07-15 10:51:13.478461', '2021-07-15 10:51:13.478498', 'fr', 'Assignment not submitted by', 'Travail non soumis par', 'yaksh/templates/yaksh/grade_user.html:438\nyaksh/templates/yaksh/user_data.html:177\nyaksh/templates/yaksh/view_answerpaper.html:198', 1, 'yaksh/locale', 'yaksh', 'django'),
(415, '2021-07-15 10:51:13.482478', '2021-07-15 10:51:13.482516', 'fr', 'Did not attempt', 'N\'a pas essayé', 'yaksh/templates/yaksh/grade_user.html:445\nyaksh/templates/yaksh/user_data.html:185\nyaksh/templates/yaksh/view_answerpaper.html:205', 1, 'yaksh/locale', 'yaksh', 'django'),
(416, '2021-07-15 10:51:13.489602', '2021-07-15 10:51:13.489646', 'fr', 'We tried you code with the following test case:', 'Nous avons essayé votre code avec le cas de test suivant :', 'yaksh/templates/yaksh/grade_user.html:518\nyaksh/templates/yaksh/user_data.html:258\nyaksh/templates/yaksh/view_answerpaper.html:279', 1, 'yaksh/locale', 'yaksh', 'django'),
(417, '2021-07-15 10:51:13.493532', '2021-07-15 10:51:13.493568', 'fr', 'Comment:', 'Commentaire :', 'yaksh/templates/yaksh/grade_user.html:566', 1, 'yaksh/locale', 'yaksh', 'django'),
(418, '2021-07-15 10:51:13.497384', '2021-07-15 10:51:13.497421', 'fr', 'Marks:', 'Marques :', 'yaksh/templates/yaksh/grade_user.html:579\nyaksh/templates/yaksh/question.html:179\nyaksh/templates/yaksh/show_lesson_statistics.html:116\nyaksh/templates/yaksh/user_data.html:316', 1, 'yaksh/locale', 'yaksh', 'django'),
(419, '2021-07-15 10:51:13.501580', '2021-07-15 10:51:13.501617', 'fr', 'Teacher comments:', 'Commentaires de l\'enseignant :', 'yaksh/templates/yaksh/grade_user.html:586\nyaksh/templates/yaksh/user_data.html:323\nyaksh/templates/yaksh/view_answerpaper.html:345', 1, 'yaksh/locale', 'yaksh', 'django'),
(420, '2021-07-15 10:51:13.505504', '2021-07-15 10:51:13.505540', 'fr', 'Graded Successfully', 'Noté avec succès', 'yaksh/templates/yaksh/grade_user.html:622', 1, 'yaksh/locale', 'yaksh', 'django'),
(421, '2021-07-15 10:51:13.509397', '2021-07-15 10:51:13.509434', 'fr', 'Did not Grade', 'N\'a pas noté', 'yaksh/templates/yaksh/grade_user.html:625', 1, 'yaksh/locale', 'yaksh', 'django'),
(422, '2021-07-15 10:51:13.513299', '2021-07-15 10:51:13.513335', 'fr', 'This Quiz has expired. You can no longer attempt this Quiz.', 'Ce quiz a expiré. Vous ne pouvez plus tenter ce quiz.', 'yaksh/templates/yaksh/intro.html:17', 1, 'yaksh/locale', 'yaksh', 'django'),
(423, '2021-07-15 10:51:13.517161', '2021-07-15 10:51:13.517198', 'fr', 'You can attempt this Quiz at any time between', 'Vous pouvez tenter ce Quiz à tout moment entre', 'yaksh/templates/yaksh/intro.html:21', 1, 'yaksh/locale', 'yaksh', 'django'),
(424, '2021-07-15 10:51:13.521042', '2021-07-15 10:51:13.521079', 'fr', 'and', 'et', 'yaksh/templates/yaksh/intro.html:21', 1, 'yaksh/locale', 'yaksh', 'django'),
(425, '2021-07-15 10:51:13.524865', '2021-07-15 10:51:13.524902', 'fr', 'Welcome', 'Bienvenue sur', 'yaksh/templates/yaksh/intro.html:24', 1, 'yaksh/locale', 'yaksh', 'django'),
(426, '2021-07-15 10:51:13.528683', '2021-07-15 10:51:13.528722', 'fr', 'to the programming quiz!', 'au quiz de programmation !', 'yaksh/templates/yaksh/intro.html:24', 1, 'yaksh/locale', 'yaksh', 'django'),
(427, '2021-07-15 10:51:13.532448', '2021-07-15 10:51:13.532485', 'fr', 'Go Back', 'Retourner', 'yaksh/templates/yaksh/intro.html:32\nyaksh/templates/yaksh/intro.html:37', 1, 'yaksh/locale', 'yaksh', 'django'),
(428, '2021-07-15 10:51:13.536153', '2021-07-15 10:51:13.536189', 'fr', 'My Lessons', 'Mes leçons', 'yaksh/templates/yaksh/lessons.html:5', 1, 'yaksh/locale', 'yaksh', 'django'),
(429, '2021-07-15 10:51:13.540006', '2021-07-15 10:51:13.540044', 'fr', 'Add/View Quizzes', 'Ajouter/Afficher des quiz', 'yaksh/templates/yaksh/lessons.html:25\nyaksh/templates/yaksh/modules.html:26\nyaksh/templates/yaksh/quizzes.html:26', 1, 'yaksh/locale', 'yaksh', 'django'),
(430, '2021-07-15 10:51:13.543744', '2021-07-15 10:51:13.543780', 'fr', 'Add/View Lessons', 'Ajouter/Afficher des leçons', 'yaksh/templates/yaksh/lessons.html:28\nyaksh/templates/yaksh/modules.html:29\nyaksh/templates/yaksh/quizzes.html:29', 1, 'yaksh/locale', 'yaksh', 'django'),
(431, '2021-07-15 10:51:13.547482', '2021-07-15 10:51:13.547519', 'fr', 'Add/View Modules', 'Ajouter/Voir des modules', 'yaksh/templates/yaksh/lessons.html:31\nyaksh/templates/yaksh/modules.html:32\nyaksh/templates/yaksh/quizzes.html:32', 1, 'yaksh/locale', 'yaksh', 'django'),
(432, '2021-07-15 10:51:13.551202', '2021-07-15 10:51:13.551239', 'fr', 'Add new Lesson', 'Ajouter une nouvelle leçon', 'yaksh/templates/yaksh/lessons.html:45', 1, 'yaksh/locale', 'yaksh', 'django'),
(433, '2021-07-15 10:51:13.554904', '2021-07-15 10:51:13.554941', 'fr', 'No lessons found', 'Aucune leçon trouvée', 'yaksh/templates/yaksh/lessons.html:50', 1, 'yaksh/locale', 'yaksh', 'django'),
(434, '2021-07-15 10:51:13.558523', '2021-07-15 10:51:13.558559', 'fr', 'Search/Filter Lessons', 'Leçons de recherche/filtrage', 'yaksh/templates/yaksh/lessons.html:58', 1, 'yaksh/locale', 'yaksh', 'django'),
(435, '2021-07-15 10:51:13.562152', '2021-07-15 10:51:13.562189', 'fr', 'Lesson(s) Available', 'Leçon(s) disponible(s)', 'yaksh/templates/yaksh/lessons.html:78', 1, 'yaksh/locale', 'yaksh', 'django'),
(436, '2021-07-15 10:51:13.565943', '2021-07-15 10:51:13.565980', 'fr', 'Sr.No', 'Sr.No', 'yaksh/templates/yaksh/lessons.html:82\nyaksh/templates/yaksh/modules.html:83\nyaksh/templates/yaksh/quizzes.html:86', 1, 'yaksh/locale', 'yaksh', 'django'),
(437, '2021-07-15 10:51:13.569598', '2021-07-15 10:51:13.569634', 'fr', 'Closed', 'Fermé', 'yaksh/templates/yaksh/lessons.html:103\nyaksh/templates/yaksh/modules.html:105\nyaksh/templates/yaksh/quizzes.html:113', 1, 'yaksh/locale', 'yaksh', 'django'),
(438, '2021-07-15 10:51:13.573380', '2021-07-15 10:51:13.573417', 'fr', 'Lessons Forum', 'Forum des leçons', 'yaksh/templates/yaksh/lessons_forum.html:6\nyaksh/templates/yaksh/sidebar.html:13', 1, 'yaksh/locale', 'yaksh', 'django'),
(439, '2021-07-15 10:51:13.577148', '2021-07-15 10:51:13.577185', 'fr', 'No Lesson posts here. They will appear when someone comments on video lessons.', 'Aucun message de leçon ici. Ils apparaîtront lorsque quelqu\'un commentera les vidéos des leçons.', 'yaksh/templates/yaksh/lessons_forum.html:100', 1, 'yaksh/locale', 'yaksh', 'django'),
(440, '2021-07-15 10:51:13.580898', '2021-07-15 10:51:13.580935', 'fr', 'Login', 'Connexion', 'yaksh/templates/yaksh/login.html:6', 1, 'yaksh/locale', 'yaksh', 'django'),
(441, '2021-07-15 10:51:13.584675', '2021-07-15 10:51:13.584719', 'fr', 'Sign in with', 'Connectez-vous avec', 'yaksh/templates/yaksh/login.html:23', 1, 'yaksh/locale', 'yaksh', 'django'),
(442, '2021-07-15 10:51:13.588473', '2021-07-15 10:51:13.588510', 'fr', 'Or Sign in with credentials', 'Ou connectez-vous avec vos identifiants', 'yaksh/templates/yaksh/login.html:41', 1, 'yaksh/locale', 'yaksh', 'django'),
(443, '2021-07-15 10:51:13.592262', '2021-07-15 10:51:13.592299', 'fr', 'Sign in', 'Se connecter', 'yaksh/templates/yaksh/login.html:82', 1, 'yaksh/locale', 'yaksh', 'django'),
(444, '2021-07-15 10:51:13.598877', '2021-07-15 10:51:13.598914', 'fr', 'Create new account', 'Créer un nouveau compte', 'yaksh/templates/yaksh/login.html:92', 1, 'yaksh/locale', 'yaksh', 'django'),
(445, '2021-07-15 10:51:13.602556', '2021-07-15 10:51:13.602593', 'fr', 'You have been given a special attempt to the', 'On vous a donné une tentative spéciale pour le', 'yaksh/templates/yaksh/micromanaged.html:9', 1, 'yaksh/locale', 'yaksh', 'django'),
(446, '2021-07-15 10:51:13.606353', '2021-07-15 10:51:13.606390', 'fr', 'by the course creator', 'par le créateur du cours', 'yaksh/templates/yaksh/micromanaged.html:9', 1, 'yaksh/locale', 'yaksh', 'django'),
(447, '2021-07-15 10:51:13.610203', '2021-07-15 10:51:13.610241', 'fr', 'Start Special Attempt', 'Début de la tentative spéciale', 'yaksh/templates/yaksh/micromanaged.html:14', 1, 'yaksh/locale', 'yaksh', 'django'),
(448, '2021-07-15 10:51:13.613893', '2021-07-15 10:51:13.613930', 'fr', 'Exhausted', 'Épuisé', 'yaksh/templates/yaksh/micromanaged.html:17', 1, 'yaksh/locale', 'yaksh', 'django'),
(449, '2021-07-15 10:51:13.617549', '2021-07-15 10:51:13.617586', 'fr', 'Revoke', 'Révoquer', 'yaksh/templates/yaksh/micromonitor.html:5', 1, 'yaksh/locale', 'yaksh', 'django'),
(450, '2021-07-15 10:51:13.621186', '2021-07-15 10:51:13.621222', 'fr', 'Allow', 'Autoriser', 'yaksh/templates/yaksh/micromonitor.html:7\nyaksh/templates/yaksh/micromonitor.html:10', 1, 'yaksh/locale', 'yaksh', 'django'),
(451, '2021-07-15 10:51:13.625036', '2021-07-15 10:51:13.625072', 'fr', 'My Dashboard', 'Mon tableau de bord', 'yaksh/templates/yaksh/moderator_dashboard.html:6\nyaksh/templates/yaksh/moderator_dashboard.html:7', 1, 'yaksh/locale', 'yaksh', 'django'),
(452, '2021-07-15 10:51:13.628618', '2021-07-15 10:51:13.628655', 'fr', 'List of quizzes! Click on the given links to have a look at answer papers for a quiz', 'Liste de quiz ! Cliquez sur les liens donnés pour consulter les corrigés d\'un quiz', 'yaksh/templates/yaksh/moderator_dashboard.html:13', 1, 'yaksh/locale', 'yaksh', 'django'),
(453, '2021-07-15 10:51:13.632254', '2021-07-15 10:51:13.632291', 'fr', 'Create Demo Course', 'Créer un cours de démonstration', 'yaksh/templates/yaksh/moderator_dashboard.html:22', 1, 'yaksh/locale', 'yaksh', 'django'),
(454, '2021-07-15 10:51:13.635870', '2021-07-15 10:51:13.635907', 'fr', 'No Courses found. Add a new course or Create demo course', 'Aucun cours trouvé. Ajouter un nouveau cours ou Créer un cours de démonstration', 'yaksh/templates/yaksh/moderator_dashboard.html:40', 1, 'yaksh/locale', 'yaksh', 'django'),
(455, '2021-07-15 10:51:13.639443', '2021-07-15 10:51:13.639480', 'fr', 'Manage Course', 'Gérer le cours', 'yaksh/templates/yaksh/moderator_dashboard.html:69', 1, 'yaksh/locale', 'yaksh', 'django'),
(456, '2021-07-15 10:51:13.643263', '2021-07-15 10:51:13.643299', 'fr', 'Taken By', 'Pris par', 'yaksh/templates/yaksh/moderator_dashboard.html:88', 1, 'yaksh/locale', 'yaksh', 'django'),
(457, '2021-07-15 10:51:13.646913', '2021-07-15 10:51:13.646950', 'fr', 'No. of users Passed', 'Nombre d\'utilisateurs Passé', 'yaksh/templates/yaksh/moderator_dashboard.html:89', 1, 'yaksh/locale', 'yaksh', 'django'),
(458, '2021-07-15 10:51:13.650540', '2021-07-15 10:51:13.650576', 'fr', 'No. of users Failed', 'Nombre d\'utilisateurs Échec', 'yaksh/templates/yaksh/moderator_dashboard.html:90', 1, 'yaksh/locale', 'yaksh', 'django'),
(459, '2021-07-15 10:51:13.654129', '2021-07-15 10:51:13.654166', 'fr', 'user(s)', 'utilisateur(s)', 'yaksh/templates/yaksh/moderator_dashboard.html:99', 1, 'yaksh/locale', 'yaksh', 'django'),
(460, '2021-07-15 10:51:13.657828', '2021-07-15 10:51:13.657865', 'fr', 'Add new Module', 'Ajouter un nouveau module', 'yaksh/templates/yaksh/modules.html:46', 1, 'yaksh/locale', 'yaksh', 'django'),
(461, '2021-07-15 10:51:13.661436', '2021-07-15 10:51:13.661473', 'fr', 'No learning modules found', 'Aucun module d\'apprentissage trouvé', 'yaksh/templates/yaksh/modules.html:51', 1, 'yaksh/locale', 'yaksh', 'django'),
(462, '2021-07-15 10:51:13.665192', '2021-07-15 10:51:13.665229', 'fr', 'Search/Filter Learning Modules', 'Rechercher/filtrer les modules d\'apprentissage', 'yaksh/templates/yaksh/modules.html:59', 1, 'yaksh/locale', 'yaksh', 'django'),
(463, '2021-07-15 10:51:13.668806', '2021-07-15 10:51:13.668843', 'fr', 'Learning Module(s) Available', 'Module(s) d\'apprentissage disponible(s)', 'yaksh/templates/yaksh/modules.html:79', 1, 'yaksh/locale', 'yaksh', 'django'),
(464, '2021-07-15 10:51:13.672576', '2021-07-15 10:51:13.672613', 'fr', 'Learning Modules', 'Modules d\'apprentissage', 'yaksh/templates/yaksh/modules.html:84', 1, 'yaksh/locale', 'yaksh', 'django'),
(465, '2021-07-15 10:51:13.676311', '2021-07-15 10:51:13.676348', 'fr', 'Add Quizzes/Lessons for', 'Ajouter des quiz/leçons pour', 'yaksh/templates/yaksh/modules.html:113', 1, 'yaksh/locale', 'yaksh', 'django'),
(466, '2021-07-15 10:51:13.679740', '2021-07-15 10:51:13.679777', 'fr', 'No Learning units', 'Non Unités d\'apprentissage', 'yaksh/templates/yaksh/modules.html:132', 1, 'yaksh/locale', 'yaksh', 'django'),
(467, '2021-07-15 10:51:13.683114', '2021-07-15 10:51:13.683151', 'fr', 'Course Name:', 'Nom du cours :', 'yaksh/templates/yaksh/monitor.html:63', 1, 'yaksh/locale', 'yaksh', 'django'),
(468, '2021-07-15 10:51:13.686537', '2021-07-15 10:51:13.686574', 'fr', 'Quiz Name:', 'Nom du quiz :', 'yaksh/templates/yaksh/monitor.html:67', 1, 'yaksh/locale', 'yaksh', 'django'),
(469, '2021-07-15 10:51:13.689981', '2021-07-15 10:51:13.690019', 'fr', 'Number of papers:', 'Nombre d\'articles :', 'yaksh/templates/yaksh/monitor.html:71', 1, 'yaksh/locale', 'yaksh', 'django'),
(470, '2021-07-15 10:51:13.695154', '2021-07-15 10:51:13.695221', 'fr', 'Papers Completed:', 'Articles terminés :', 'yaksh/templates/yaksh/monitor.html:75', 1, 'yaksh/locale', 'yaksh', 'django'),
(471, '2021-07-15 10:51:13.700964', '2021-07-15 10:51:13.701029', 'fr', 'Papers in progress:', 'Articles en cours de rédaction :', 'yaksh/templates/yaksh/monitor.html:81', 1, 'yaksh/locale', 'yaksh', 'django'),
(472, '2021-07-15 10:51:13.706103', '2021-07-15 10:51:13.706165', 'fr', 'Auto-Refreshes every 5 minutes', 'Remise à zéro automatique toutes les 5 minutes', 'yaksh/templates/yaksh/monitor.html:92', 1, 'yaksh/locale', 'yaksh', 'django'),
(473, '2021-07-15 10:51:13.711507', '2021-07-15 10:51:13.711568', 'fr', 'Question Statistics', 'Statistiques des questions', 'yaksh/templates/yaksh/monitor.html:104\nyaksh/templates/yaksh/statistics_question.html:7', 1, 'yaksh/locale', 'yaksh', 'django'),
(474, '2021-07-15 10:51:13.716087', '2021-07-15 10:51:13.716143', 'fr', 'Download the CSV file from the button', 'Téléchargez le fichier CSV à partir du bouton', 'yaksh/templates/yaksh/monitor.html:115', 1, 'yaksh/locale', 'yaksh', 'django'),
(475, '2021-07-15 10:51:13.720525', '2021-07-15 10:51:13.720581', 'fr', 'Edit and upload the same', 'Modifiez et téléchargez le même', 'yaksh/templates/yaksh/monitor.html:118', 1, 'yaksh/locale', 'yaksh', 'django'),
(476, '2021-07-15 10:51:13.724926', '2021-07-15 10:51:13.724983', 'fr', 'Note: Do not change the CSV Headers', 'Note : Ne pas modifier les en-têtes CSV', 'yaksh/templates/yaksh/monitor.html:121', 1, 'yaksh/locale', 'yaksh', 'django'),
(477, '2021-07-15 10:51:13.729522', '2021-07-15 10:51:13.729578', 'fr', 'Select Attempt number:', 'Sélectionnez le numéro de la tentative :', 'yaksh/templates/yaksh/monitor.html:139', 1, 'yaksh/locale', 'yaksh', 'django'),
(478, '2021-07-15 10:51:13.733962', '2021-07-15 10:51:13.734018', 'fr', 'Roll No', 'Numéro de rouleau', 'yaksh/templates/yaksh/monitor.html:164\nyaksh/templates/yaksh/show_lesson_statistics.html:201', 1, 'yaksh/locale', 'yaksh', 'django'),
(479, '2021-07-15 10:51:13.738373', '2021-07-15 10:51:13.738428', 'fr', 'Questions Attempted', 'Questions tentées', 'yaksh/templates/yaksh/monitor.html:166', 1, 'yaksh/locale', 'yaksh', 'django'),
(480, '2021-07-15 10:51:13.742812', '2021-07-15 10:51:13.742869', 'fr', 'Time Left', 'Temps restant', 'yaksh/templates/yaksh/monitor.html:167', 1, 'yaksh/locale', 'yaksh', 'django'),
(481, '2021-07-15 10:51:13.747244', '2021-07-15 10:51:13.747299', 'fr', 'Time Extension', 'Prolongation du délai', 'yaksh/templates/yaksh/monitor.html:169', 1, 'yaksh/locale', 'yaksh', 'django'),
(482, '2021-07-15 10:51:13.751886', '2021-07-15 10:51:13.751942', 'fr', 'Special Attempt', 'Tentative spéciale', 'yaksh/templates/yaksh/monitor.html:170', 1, 'yaksh/locale', 'yaksh', 'django'),
(483, '2021-07-15 10:51:13.756198', '2021-07-15 10:51:13.756244', 'fr', 'out of', 'de', 'yaksh/templates/yaksh/monitor.html:189', 1, 'yaksh/locale', 'yaksh', 'django'),
(484, '2021-07-15 10:51:13.760157', '2021-07-15 10:51:13.760208', 'fr', 'Inprogress', 'Inprogress', 'yaksh/templates/yaksh/monitor.html:193', 1, 'yaksh/locale', 'yaksh', 'django'),
(485, '2021-07-15 10:51:13.765405', '2021-07-15 10:51:13.765477', 'fr', 'Completed', 'Complété', 'yaksh/templates/yaksh/monitor.html:195', 1, 'yaksh/locale', 'yaksh', 'django'),
(486, '2021-07-15 10:51:13.770511', '2021-07-15 10:51:13.770575', 'fr', 'Download CSV for', 'Télécharger le CSV pour', 'yaksh/templates/yaksh/monitor.html:224', 1, 'yaksh/locale', 'yaksh', 'django'),
(487, '2021-07-15 10:51:13.775484', '2021-07-15 10:51:13.775550', 'fr', 'Select Attempt Number: Default latest attempt', 'Sélectionnez le numéro de tentative : Par défaut, dernière tentative', 'yaksh/templates/yaksh/monitor.html:232', 1, 'yaksh/locale', 'yaksh', 'django'),
(488, '2021-07-15 10:51:13.780324', '2021-07-15 10:51:13.780384', 'fr', '(Latest)', '(Dernières nouvelles)', 'yaksh/templates/yaksh/monitor.html:236', 1, 'yaksh/locale', 'yaksh', 'django'),
(489, '2021-07-15 10:51:13.785685', '2021-07-15 10:51:13.785752', 'fr', 'Download', 'Télécharger', 'yaksh/templates/yaksh/monitor.html:245\nyaksh/templates/yaksh/showquestions.html:168\nyaksh/templates/yaksh/upload_download_course_md.html:6', 1, 'yaksh/locale', 'yaksh', 'django'),
(490, '2021-07-15 10:51:13.791106', '2021-07-15 10:51:13.791163', 'fr', 'No Quiz Found', 'Aucun quiz trouvé', 'yaksh/templates/yaksh/monitor.html:265', 1, 'yaksh/locale', 'yaksh', 'django'),
(491, '2021-07-15 10:51:13.795607', '2021-07-15 10:51:13.795663', 'fr', 'begin', 'commencer', 'yaksh/templates/yaksh/paginator.html:11', 1, 'yaksh/locale', 'yaksh', 'django'),
(492, '2021-07-15 10:51:13.800052', '2021-07-15 10:51:13.800106', 'fr', '(current)', '(actuel)', 'yaksh/templates/yaksh/paginator.html:19', 1, 'yaksh/locale', 'yaksh', 'django'),
(493, '2021-07-15 10:51:13.804378', '2021-07-15 10:51:13.804431', 'fr', 'end', 'fin', 'yaksh/templates/yaksh/paginator.html:32', 1, 'yaksh/locale', 'yaksh', 'django'),
(494, '2021-07-15 10:51:13.808603', '2021-07-15 10:51:13.808657', 'fr', 'Back to Posts', 'Retour aux articles', 'yaksh/templates/yaksh/post_comments.html:12', 1, 'yaksh/locale', 'yaksh', 'django'),
(495, '2021-07-15 10:51:13.813235', '2021-07-15 10:51:13.813289', 'fr', 'Add comment:', 'Ajouter un commentaire :', 'yaksh/templates/yaksh/post_comments.html:57', 1, 'yaksh/locale', 'yaksh', 'django'),
(496, '2021-07-15 10:51:13.824857', '2021-07-15 10:51:13.824911', 'fr', 'Maximum Mark(s):', 'Note(s) maximale(s) :', 'yaksh/templates/yaksh/preview_questionpaper.html:13', 1, 'yaksh/locale', 'yaksh', 'django'),
(497, '2021-07-15 10:51:13.837927', '2021-07-15 10:51:13.837983', 'fr', 'Total Time:', 'Temps total :', 'yaksh/templates/yaksh/preview_questionpaper.html:16', 1, 'yaksh/locale', 'yaksh', 'django'),
(498, '2021-07-15 10:51:13.843868', '2021-07-15 10:51:13.843922', 'fr', 'minutes', 'minutes', 'yaksh/templates/yaksh/preview_questionpaper.html:16', 1, 'yaksh/locale', 'yaksh', 'django'),
(499, '2021-07-15 10:51:13.848209', '2021-07-15 10:51:13.848263', 'fr', 'Instructions', 'Instructions', 'yaksh/templates/yaksh/preview_questionpaper.html:24\nyaksh/templates/yaksh/quizzes_user.html:131', 1, 'yaksh/locale', 'yaksh', 'django'),
(500, '2021-07-15 10:51:13.852584', '2021-07-15 10:51:13.852639', 'fr', 'Answer:', 'Réponse :', 'yaksh/templates/yaksh/preview_questionpaper.html:39\nyaksh/templates/yaksh/show_lesson_statistics.html:155\nyaksh/templates/yaksh/show_lesson_statistics.html:158', 1, 'yaksh/locale', 'yaksh', 'django'),
(501, '2021-07-15 10:51:13.856987', '2021-07-15 10:51:13.857041', 'fr', 'Profile', 'Profil', 'yaksh/templates/yaksh/profile_updated.html:5\nyaksh/templates/yaksh/view_profile.html:5', 1, 'yaksh/locale', 'yaksh', 'django'),
(502, '2021-07-15 10:51:13.861399', '2021-07-15 10:51:13.861452', 'fr', 'Your Profile is changed', 'Votre profil est modifié', 'yaksh/templates/yaksh/profile_updated.html:26', 1, 'yaksh/locale', 'yaksh', 'django'),
(503, '2021-07-15 10:51:13.865722', '2021-07-15 10:51:13.865776', 'fr', 'Redirecting...', 'Rediriger...', 'yaksh/templates/yaksh/profile_updated.html:27', 1, 'yaksh/locale', 'yaksh', 'django'),
(504, '2021-07-15 10:51:13.869991', '2021-07-15 10:51:13.870045', 'fr', 'Topic:', 'Sujet :', 'yaksh/templates/yaksh/question.html:162\nyaksh/templates/yaksh/show_lesson_quiz.html:36\nyaksh/templates/yaksh/show_lesson_statistics.html:89', 1, 'yaksh/locale', 'yaksh', 'django'),
(505, '2021-07-15 10:51:13.874982', '2021-07-15 10:51:13.875057', 'fr', 'Language:', 'Langue :', 'yaksh/templates/yaksh/question.html:164\nyaksh/templates/yaksh/show_lesson_quiz.html:38\nyaksh/templates/yaksh/show_lesson_statistics.html:91', 1, 'yaksh/locale', 'yaksh', 'django'),
(506, '2021-07-15 10:51:13.880445', '2021-07-15 10:51:13.880510', 'fr', 'Type:', 'Type :', 'yaksh/templates/yaksh/question.html:166\nyaksh/templates/yaksh/show_lesson_quiz.html:40\nyaksh/templates/yaksh/show_lesson_statistics.html:94\nyaksh/templates/yaksh/show_lesson_statistics.html:96\nyaksh/templates/yaksh/show_lesson_statistics.html:98\nyaksh/templates/yaksh/show_lesson_statistics.html:100\nyaksh/templates/yaksh/show_lesson_statistics.html:102\nyaksh/templates/yaksh/show_lesson_statistics.html:104\nyaksh/templates/yaksh/show_lesson_statistics.html:111\nyaksh/templates/yaksh/show_lesson_statistics.html:113\nyaksh/templates/yaksh/statistics_question.html:71', 1, 'yaksh/locale', 'yaksh', 'django'),
(507, '2021-07-15 10:51:13.885473', '2021-07-15 10:51:13.885515', 'fr', 'Last submitted answer is considered for evaluation', 'La dernière réponse soumise est prise en compte pour l\'évaluation', 'yaksh/templates/yaksh/question.html:183', 1, 'yaksh/locale', 'yaksh', 'django'),
(508, '2021-07-15 10:51:13.888988', '2021-07-15 10:51:13.889026', 'fr', 'Files to download for this question', 'Fichiers à télécharger pour cette question', 'yaksh/templates/yaksh/question.html:195', 1, 'yaksh/locale', 'yaksh', 'django'),
(509, '2021-07-15 10:51:13.892423', '2021-07-15 10:51:13.892461', 'fr', 'Solution by teacher', 'Solution par l\'enseignant', 'yaksh/templates/yaksh/question.html:216', 1, 'yaksh/locale', 'yaksh', 'django'),
(510, '2021-07-15 10:51:13.895823', '2021-07-15 10:51:13.895861', 'fr', 'Enter Integer:', 'Entrez un nombre entier :', 'yaksh/templates/yaksh/question.html:239\nyaksh/templates/yaksh/show_lesson_quiz.html:78', 1, 'yaksh/locale', 'yaksh', 'django'),
(511, '2021-07-15 10:51:13.899578', '2021-07-15 10:51:13.899640', 'fr', 'Enter Text:', 'Entrez le texte :', 'yaksh/templates/yaksh/question.html:246\nyaksh/templates/yaksh/show_lesson_quiz.html:85', 1, 'yaksh/locale', 'yaksh', 'django'),
(512, '2021-07-15 10:51:13.904343', '2021-07-15 10:51:13.904405', 'fr', 'Enter Decimal Value :', 'Entrer la valeur décimale :', 'yaksh/templates/yaksh/question.html:253\nyaksh/templates/yaksh/show_lesson_quiz.html:92', 1, 'yaksh/locale', 'yaksh', 'django'),
(513, '2021-07-15 10:51:13.909143', '2021-07-15 10:51:13.909203', 'fr', 'You can upload using the file browser here or via the QR code.', 'Vous pouvez télécharger en utilisant le navigateur de fichiers ici ou via le code QR.', 'yaksh/templates/yaksh/question.html:292', 1, 'yaksh/locale', 'yaksh', 'django'),
(514, '2021-07-15 10:51:13.913972', '2021-07-15 10:51:13.914033', 'fr', 'Generate QR Code', 'Générer un code QR', 'yaksh/templates/yaksh/question.html:302', 1, 'yaksh/locale', 'yaksh', 'django'),
(515, '2021-07-15 10:51:13.918640', '2021-07-15 10:51:13.918709', 'fr', 'Write your program below:', 'Écrivez votre programme ci-dessous :', 'yaksh/templates/yaksh/question.html:331', 1, 'yaksh/locale', 'yaksh', 'django'),
(516, '2021-07-15 10:51:13.923386', '2021-07-15 10:51:13.923445', 'fr', 'Undo Changes', 'Annuler les modifications', 'yaksh/templates/yaksh/question.html:334', 1, 'yaksh/locale', 'yaksh', 'django'),
(517, '2021-07-15 10:51:13.928153', '2021-07-15 10:51:13.928212', 'fr', 'Submit Answer', 'Soumettre une réponse', 'yaksh/templates/yaksh/question.html:347\nyaksh/templates/yaksh/question.html:351', 1, 'yaksh/locale', 'yaksh', 'django'),
(518, '2021-07-15 10:51:13.932894', '2021-07-15 10:51:13.932954', 'fr', 'Check Answer', 'Vérifier la réponse', 'yaksh/templates/yaksh/question.html:355', 1, 'yaksh/locale', 'yaksh', 'django'),
(519, '2021-07-15 10:51:13.937708', '2021-07-15 10:51:13.937768', 'fr', 'Attempt Later', 'Tentative ultérieure', 'yaksh/templates/yaksh/question.html:371', 1, 'yaksh/locale', 'yaksh', 'django'),
(520, '2021-07-15 10:51:13.942482', '2021-07-15 10:51:13.942541', 'fr', 'File not selected', 'Fichier non sélectionné', 'yaksh/templates/yaksh/question.html:391', 1, 'yaksh/locale', 'yaksh', 'django'),
(521, '2021-07-15 10:51:13.947248', '2021-07-15 10:51:13.947306', 'fr', 'Kindly attach a file and then click upload.', 'Veuillez joindre un fichier et cliquer sur \"Télécharger\".', 'yaksh/templates/yaksh/question.html:394', 1, 'yaksh/locale', 'yaksh', 'django'),
(522, '2021-07-15 10:51:13.953395', '2021-07-15 10:51:13.953456', 'fr', 'OK', 'OK', 'yaksh/templates/yaksh/question.html:397\nyaksh/templates/yaksh/question.html:414', 1, 'yaksh/locale', 'yaksh', 'django'),
(523, '2021-07-15 10:51:13.961639', '2021-07-15 10:51:13.961714', 'fr', 'Are you Sure?', 'Vous êtes sûr ?', 'yaksh/templates/yaksh/question.html:408', 1, 'yaksh/locale', 'yaksh', 'django'),
(524, '2021-07-15 10:51:13.967514', '2021-07-15 10:51:13.967574', 'fr', 'Your code will be reset.', 'Votre code sera réinitialisé.', 'yaksh/templates/yaksh/question.html:411', 1, 'yaksh/locale', 'yaksh', 'django'),
(525, '2021-07-15 10:51:13.972430', '2021-07-15 10:51:13.972489', 'fr', 'Are you sure you wish to quit the Exercise?', 'Êtes-vous sûr de vouloir quitter l\'exercice ?', 'yaksh/templates/yaksh/quit.html:45', 1, 'yaksh/locale', 'yaksh', 'django'),
(526, '2021-07-15 10:51:13.977274', '2021-07-15 10:51:13.977334', 'fr', 'Your current answers are saved.', 'Vos réponses actuelles sont sauvegardées.', 'yaksh/templates/yaksh/quit.html:47', 1, 'yaksh/locale', 'yaksh', 'django'),
(527, '2021-07-15 10:51:13.982035', '2021-07-15 10:51:13.982090', 'fr', 'Are you sure you wish to quit the exam?', 'Êtes-vous sûr de vouloir quitter l\'examen ?', 'yaksh/templates/yaksh/quit.html:48', 1, 'yaksh/locale', 'yaksh', 'django'),
(528, '2021-07-15 10:51:13.986257', '2021-07-15 10:51:13.986294', 'fr', 'Be sure, as you won\\', 'Soyez sûr, comme vous avez gagné', 'yaksh/templates/yaksh/quit.html:49', 1, 'yaksh/locale', 'yaksh', 'django'),
(529, '2021-07-15 10:51:13.990360', '2021-07-15 10:51:13.990412', 'fr', 'My Quizzes', 'Mes Quiz', 'yaksh/templates/yaksh/quizzes.html:6', 1, 'yaksh/locale', 'yaksh', 'django'),
(530, '2021-07-15 10:51:13.995082', '2021-07-15 10:51:13.995142', 'fr', 'Add New Quiz', 'Ajouter un nouveau quiz', 'yaksh/templates/yaksh/quizzes.html:46', 1, 'yaksh/locale', 'yaksh', 'django'),
(531, '2021-07-15 10:51:13.999865', '2021-07-15 10:51:13.999920', 'fr', 'Add New Exercise', 'Ajouter un nouvel exercice', 'yaksh/templates/yaksh/quizzes.html:49', 1, 'yaksh/locale', 'yaksh', 'django'),
(532, '2021-07-15 10:51:14.005020', '2021-07-15 10:51:14.005078', 'fr', 'No quizzes found', 'Aucun quiz trouvé', 'yaksh/templates/yaksh/quizzes.html:54', 1, 'yaksh/locale', 'yaksh', 'django'),
(533, '2021-07-15 10:51:14.009766', '2021-07-15 10:51:14.009823', 'fr', 'Search/Filter Quizzes', 'Rechercher/filtrer les quiz', 'yaksh/templates/yaksh/quizzes.html:62', 1, 'yaksh/locale', 'yaksh', 'django'),
(534, '2021-07-15 10:51:14.014611', '2021-07-15 10:51:14.014680', 'fr', 'Quiz(zes) Available', 'Quiz(zes) disponibles', 'yaksh/templates/yaksh/quizzes.html:82', 1, 'yaksh/locale', 'yaksh', 'django'),
(535, '2021-07-15 10:51:14.019264', '2021-07-15 10:51:14.019319', 'fr', 'Quiz/Exercise', 'Quiz/Exercice', 'yaksh/templates/yaksh/quizzes.html:87', 1, 'yaksh/locale', 'yaksh', 'django'),
(536, '2021-07-15 10:51:14.024033', '2021-07-15 10:51:14.024086', 'fr', 'QuestionPaper', 'QuestionPaper', 'yaksh/templates/yaksh/quizzes.html:88', 1, 'yaksh/locale', 'yaksh', 'django'),
(537, '2021-07-15 10:51:14.028804', '2021-07-15 10:51:14.028857', 'fr', 'Question Paper for', 'Questionnaire pour', 'yaksh/templates/yaksh/quizzes.html:124', 1, 'yaksh/locale', 'yaksh', 'django'),
(538, '2021-07-15 10:51:14.033487', '2021-07-15 10:51:14.033540', 'fr', 'Preview', 'Prévisualisation', 'yaksh/templates/yaksh/quizzes.html:128', 1, 'yaksh/locale', 'yaksh', 'django'),
(539, '2021-07-15 10:51:14.038156', '2021-07-15 10:51:14.038207', 'fr', 'No Question Paper', 'Pas de questionnaire', 'yaksh/templates/yaksh/quizzes.html:135', 1, 'yaksh/locale', 'yaksh', 'django'),
(540, '2021-07-15 10:51:14.042784', '2021-07-15 10:51:14.042835', 'fr', 'Student Dashboard', 'Tableau de bord des étudiants', 'yaksh/templates/yaksh/quizzes_user.html:5', 1, 'yaksh/locale', 'yaksh', 'django'),
(541, '2021-07-15 10:51:14.047590', '2021-07-23 12:23:11.958789', 'fr', 'Enter course code to search', 'Entrez le code du cours à rechercher', 'yaksh/templates/yaksh/quizzes_user.html:23', 1, 'yaksh/locale', 'yaksh', 'django'),
(542, '2021-07-15 10:51:14.055430', '2021-07-15 10:51:14.055475', 'fr', 'No Courses to display', 'Aucun cours à afficher', 'yaksh/templates/yaksh/quizzes_user.html:54', 1, 'yaksh/locale', 'yaksh', 'django'),
(543, '2021-07-15 10:51:14.059707', '2021-07-15 10:51:14.059755', 'fr', 'Request Pending', 'Demande en cours', 'yaksh/templates/yaksh/quizzes_user.html:73', 1, 'yaksh/locale', 'yaksh', 'django'),
(544, '2021-07-15 10:51:14.063810', '2021-07-15 10:51:14.063856', 'fr', 'Request Rejected', 'Demande rejetée', 'yaksh/templates/yaksh/quizzes_user.html:77', 1, 'yaksh/locale', 'yaksh', 'django'),
(545, '2021-07-15 10:51:14.068261', '2021-07-15 10:51:14.068321', 'fr', 'No Enrollments allowed', 'Aucune inscription autorisée', 'yaksh/templates/yaksh/quizzes_user.html:99', 1, 'yaksh/locale', 'yaksh', 'django'),
(546, '2021-07-15 10:51:14.073183', '2021-07-15 10:51:14.073241', 'fr', 'Inactive Course', 'Cours inactif', 'yaksh/templates/yaksh/quizzes_user.html:104', 1, 'yaksh/locale', 'yaksh', 'django'),
(547, '2021-07-15 10:51:14.078128', '2021-07-15 10:51:14.078188', 'fr', 'Instructor:', 'Instructions', 'yaksh/templates/yaksh/quizzes_user.html:116', 1, 'yaksh/locale', 'yaksh', 'django'),
(548, '2021-07-15 10:51:14.083238', '2021-07-15 10:51:14.083295', 'fr', 'Course Content', 'Contenu du cours', 'yaksh/templates/yaksh/quizzes_user.html:120', 1, 'yaksh/locale', 'yaksh', 'django'),
(549, '2021-07-15 10:51:14.088205', '2021-07-15 10:51:14.088264', 'fr', 'Register', 'Registre', 'yaksh/templates/yaksh/register.html:6\nyaksh/templates/yaksh/register.html:55', 1, 'yaksh/locale', 'yaksh', 'django'),
(550, '2021-07-15 10:51:14.093420', '2021-07-15 10:51:14.093479', 'fr', 'Registration', 'Inscription', 'yaksh/templates/yaksh/register.html:7', 1, 'yaksh/locale', 'yaksh', 'django'),
(551, '2021-07-15 10:51:14.098367', '2021-07-15 10:51:14.098424', 'fr', 'Please fill in the following details:', 'Veuillez remplir les informations suivantes :', 'yaksh/templates/yaksh/register.html:24', 1, 'yaksh/locale', 'yaksh', 'django'),
(552, '2021-07-15 10:51:14.103547', '2021-07-15 10:51:14.103606', 'fr', 'Results', 'Résultats', 'yaksh/templates/yaksh/results_user.html:5', 1, 'yaksh/locale', 'yaksh', 'django'),
(553, '2021-07-15 10:51:14.108728', '2021-07-15 10:51:14.108790', 'fr', 'Quiz Description', 'Description du quiz', 'yaksh/templates/yaksh/results_user.html:11', 1, 'yaksh/locale', 'yaksh', 'django'),
(554, '2021-07-15 10:51:14.113914', '2021-07-15 10:51:14.113980', 'fr', 'Obtained Marks', 'Notes obtenues', 'yaksh/templates/yaksh/results_user.html:12', 1, 'yaksh/locale', 'yaksh', 'django'),
(555, '2021-07-15 10:51:14.119145', '2021-07-15 10:51:14.119201', 'fr', 'Maximum Marks', 'Notes maximales', 'yaksh/templates/yaksh/results_user.html:13', 1, 'yaksh/locale', 'yaksh', 'django'),
(556, '2021-07-15 10:51:14.124835', '2021-07-15 10:51:14.124895', 'fr', 'Percentage', 'Pourcentage', 'yaksh/templates/yaksh/results_user.html:14', 1, 'yaksh/locale', 'yaksh', 'django'),
(557, '2021-07-15 10:51:14.130049', '2021-07-15 10:51:14.130108', 'fr', 'Points:', 'Points :', 'yaksh/templates/yaksh/show_lesson_quiz.html:53\nyaksh/templates/yaksh/statistics_question.html:65', 1, 'yaksh/locale', 'yaksh', 'django'),
(558, '2021-07-15 10:51:14.135525', '2021-07-15 10:51:14.135585', 'fr', 'Lesson Quiz Stats', 'Stats du quiz de la leçon', 'yaksh/templates/yaksh/show_lesson_statistics.html:6', 1, 'yaksh/locale', 'yaksh', 'django'),
(559, '2021-07-15 10:51:14.140923', '2021-07-15 10:51:14.140983', 'fr', 'Statistics for', 'Statistiques pour', 'yaksh/templates/yaksh/show_lesson_statistics.html:7\nyaksh/templates/yaksh/statistics_question.html:8', 1, 'yaksh/locale', 'yaksh', 'django'),
(560, '2021-07-15 10:51:14.146281', '2021-07-15 10:51:14.146339', 'fr', 'TOC', 'TOC', 'yaksh/templates/yaksh/show_lesson_statistics.html:71', 1, 'yaksh/locale', 'yaksh', 'django'),
(561, '2021-07-15 10:51:14.151588', '2021-07-15 10:51:14.151646', 'fr', 'Submissions', 'Soumissions', 'yaksh/templates/yaksh/show_lesson_statistics.html:73', 1, 'yaksh/locale', 'yaksh', 'django'),
(562, '2021-07-15 10:51:14.161753', '2021-07-15 10:51:14.161790', 'fr', 'PROGRAMMING', 'PROGRAMMATION', 'yaksh/templates/yaksh/show_lesson_statistics.html:98', 1, 'yaksh/locale', 'yaksh', 'django'),
(563, '2021-07-15 10:51:14.165859', '2021-07-15 10:51:14.165896', 'fr', 'ASSIGNMENT UPLOAD', 'TÉLÉCHARGEMENT DES DEVOIRS', 'yaksh/templates/yaksh/show_lesson_statistics.html:100', 1, 'yaksh/locale', 'yaksh', 'django'),
(564, '2021-07-15 10:51:14.169731', '2021-07-15 10:51:14.169767', 'fr', 'FILL IN THE BLANKS WITH INTEGER ANSWER', 'REMPLISSEZ LES BLANCS AVEC LA RÉPONSE ENTIÈRE', 'yaksh/templates/yaksh/show_lesson_statistics.html:102', 1, 'yaksh/locale', 'yaksh', 'django'),
(565, '2021-07-15 10:51:14.173711', '2021-07-15 10:51:14.173749', 'fr', 'FILL IN THE BLANKS WITH STRING ANSWER', 'REMPLIR LES ESPACES VIDES AVEC LA RÉPONSE DE LA CHAÎNE', 'yaksh/templates/yaksh/show_lesson_statistics.html:104', 1, 'yaksh/locale', 'yaksh', 'django'),
(566, '2021-07-15 10:51:14.177827', '2021-07-15 10:51:14.177872', 'fr', 'FILL IN THE BLANKS WITH FLOAT ANSWER', 'REMPLIR LES BLANCS AVEC UNE RÉPONSE FLOTTANTE', 'yaksh/templates/yaksh/show_lesson_statistics.html:111', 1, 'yaksh/locale', 'yaksh', 'django'),
(567, '2021-07-15 10:51:14.182777', '2021-07-15 10:51:14.182837', 'fr', 'ARRANGE THE OPTIONS IN CORRECT ORDER', 'CLASSER LES OPTIONS DANS L\'ORDRE CORRECT', 'yaksh/templates/yaksh/show_lesson_statistics.html:113', 1, 'yaksh/locale', 'yaksh', 'django'),
(568, '2021-07-15 10:51:14.188074', '2021-07-15 10:51:14.188127', 'fr', 'with Error Margin', 'avec marge d\'erreur', 'yaksh/templates/yaksh/show_lesson_statistics.html:161', 1, 'yaksh/locale', 'yaksh', 'django'),
(569, '2021-07-15 10:51:14.192051', '2021-07-15 10:51:14.192088', 'fr', 'Total Submissions:', 'Total des soumissions :', 'yaksh/templates/yaksh/show_lesson_statistics.html:168', 1, 'yaksh/locale', 'yaksh', 'django'),
(570, '2021-07-15 10:51:14.195935', '2021-07-15 10:51:14.195972', 'fr', 'Student Name', 'Nom de l\'élève', 'yaksh/templates/yaksh/show_lesson_statistics.html:200', 1, 'yaksh/locale', 'yaksh', 'django'),
(571, '2021-07-15 10:51:14.199764', '2021-07-15 10:51:14.199801', 'fr', 'Latest Submission', 'Dernière soumission', 'yaksh/templates/yaksh/show_lesson_statistics.html:203', 1, 'yaksh/locale', 'yaksh', 'django'),
(572, '2021-07-15 10:51:14.203516', '2021-07-15 10:51:14.203553', 'fr', 'No lesson quizzes found', 'Aucun quiz de leçon trouvé', 'yaksh/templates/yaksh/show_lesson_statistics.html:227', 1, 'yaksh/locale', 'yaksh', 'django'),
(573, '2021-07-15 10:51:14.207337', '2021-07-15 10:51:14.207375', 'fr', 'Download Sample', 'Télécharger l\'échantillon', 'yaksh/templates/yaksh/show_toc.html:9', 1, 'yaksh/locale', 'yaksh', 'django'),
(574, '2021-07-15 10:51:14.211136', '2021-07-15 10:51:14.211173', 'fr', 'Upload TOC', 'Télécharger le TOC', 'yaksh/templates/yaksh/show_toc.html:16', 1, 'yaksh/locale', 'yaksh', 'django'),
(575, '2021-07-15 10:51:14.217828', '2021-07-15 10:51:14.217864', 'fr', 'No Table of contents added', 'Pas de table des matières ajoutée', 'yaksh/templates/yaksh/show_toc.html:58\nyaksh/templates/yaksh/show_video.html:188', 1, 'yaksh/locale', 'yaksh', 'django'),
(576, '2021-07-15 10:51:14.221522', '2021-07-15 10:51:14.221559', 'fr', 'No Module information', 'Non Informations sur le module', 'yaksh/templates/yaksh/show_video.html:126', 1, 'yaksh/locale', 'yaksh', 'django'),
(577, '2021-07-15 10:51:14.225265', '2021-07-15 10:51:14.225301', 'fr', 'Lesson Description', 'Description de la leçon', 'yaksh/templates/yaksh/show_video.html:205', 1, 'yaksh/locale', 'yaksh', 'django'),
(578, '2021-07-15 10:51:14.229108', '2021-07-15 10:51:14.229145', 'fr', 'Files for this lesson', 'Fichiers pour cette leçon', 'yaksh/templates/yaksh/show_video.html:216', 1, 'yaksh/locale', 'yaksh', 'django'),
(579, '2021-07-15 10:51:14.232874', '2021-07-15 10:51:14.232910', 'fr', 'Comments:', 'Commentaires :', 'yaksh/templates/yaksh/show_video.html:241', 1, 'yaksh/locale', 'yaksh', 'django'),
(580, '2021-07-15 10:51:14.236442', '2021-07-15 10:51:14.236478', 'fr', 'List of Question Papers', 'Liste des questionnaires', 'yaksh/templates/yaksh/showquestionpapers.html:6', 1, 'yaksh/locale', 'yaksh', 'django'),
(581, '2021-07-15 10:51:14.240269', '2021-07-15 10:51:14.240306', 'fr', 'No Question Papers available', 'Aucun questionnaire disponible', 'yaksh/templates/yaksh/showquestionpapers.html:24', 1, 'yaksh/locale', 'yaksh', 'django'),
(582, '2021-07-15 10:51:14.244145', '2021-07-15 10:51:14.244182', 'fr', 'All Questions', 'Toutes les questions', 'yaksh/templates/yaksh/showquestions.html:18', 1, 'yaksh/locale', 'yaksh', 'django'),
(583, '2021-07-15 10:51:14.248156', '2021-07-15 10:51:14.248199', 'fr', 'Upload Questions', 'Questions sur le téléchargement', 'yaksh/templates/yaksh/showquestions.html:19', 1, 'yaksh/locale', 'yaksh', 'django'),
(584, '2021-07-15 10:51:14.252047', '2021-07-15 10:51:14.252084', 'fr', 'You can upload question files the following ways -', 'Vous pouvez télécharger des fichiers de questions de la manière suivante -', 'yaksh/templates/yaksh/showquestions.html:26', 1, 'yaksh/locale', 'yaksh', 'django'),
(585, '2021-07-15 10:51:14.255912', '2021-07-15 10:51:14.255959', 'fr', 'One can also upload zip with the following zip structure -', 'Vous pouvez télécharger des fichiers de questions de la manière suivante -', 'yaksh/templates/yaksh/showquestions.html:34', 1, 'yaksh/locale', 'yaksh', 'django'),
(586, '2021-07-15 10:51:14.264977', '2021-07-15 10:51:14.265021', 'fr', 'Files required by questions', 'Fichiers requis par les questions', 'yaksh/templates/yaksh/showquestions.html:40\nyaksh/templates/yaksh/showquestions.html:42', 1, 'yaksh/locale', 'yaksh', 'django'),
(587, '2021-07-15 10:51:14.268825', '2021-07-15 10:51:14.268864', 'fr', 'Download Template', 'Télécharger le modèle', 'yaksh/templates/yaksh/showquestions.html:52', 1, 'yaksh/locale', 'yaksh', 'django'),
(588, '2021-07-15 10:51:14.272398', '2021-07-15 10:51:14.272435', 'fr', 'Upload File', 'Télécharger le fichier', 'yaksh/templates/yaksh/showquestions.html:64\nyaksh/templates/yaksh/upload_file.html:6', 1, 'yaksh/locale', 'yaksh', 'django'),
(589, '2021-07-15 10:51:14.276262', '2021-07-15 10:51:14.276299', 'fr', 'Filters Questions:', 'Questions sur les filtres :', 'yaksh/templates/yaksh/showquestions.html:88', 1, 'yaksh/locale', 'yaksh', 'django'),
(590, '2021-07-15 10:51:14.279888', '2021-07-15 10:51:14.279925', 'fr', 'Filter', 'Filtre', 'yaksh/templates/yaksh/showquestions.html:93', 1, 'yaksh/locale', 'yaksh', 'django'),
(591, '2021-07-15 10:51:14.286351', '2021-07-15 10:51:14.286387', 'fr', 'Language', 'Langue', 'yaksh/templates/yaksh/showquestions.html:164', 1, 'yaksh/locale', 'yaksh', 'django'),
(592, '2021-07-15 10:51:14.290098', '2021-07-15 10:51:14.290136', 'fr', 'Test', 'Test', 'yaksh/templates/yaksh/showquestions.html:167\nyaksh/templates/yaksh/showquestions.html:191', 1, 'yaksh/locale', 'yaksh', 'django'),
(593, '2021-07-15 10:51:14.293965', '2021-07-15 10:51:14.294010', 'fr', 'No Questions found', 'Aucune question trouvée', 'yaksh/templates/yaksh/showquestions.html:208', 1, 'yaksh/locale', 'yaksh', 'django'),
(594, '2021-07-15 10:51:14.297790', '2021-07-15 10:51:14.297828', 'fr', 'Download Selected', 'Télécharger la sélection', 'yaksh/templates/yaksh/showquestions.html:215', 1, 'yaksh/locale', 'yaksh', 'django'),
(595, '2021-07-15 10:51:14.301455', '2021-07-15 10:51:14.301493', 'fr', 'Test Selected', 'Test sélectionné', 'yaksh/templates/yaksh/showquestions.html:216', 1, 'yaksh/locale', 'yaksh', 'django'),
(596, '2021-07-15 10:51:14.305143', '2021-07-15 10:51:14.305190', 'fr', 'Delete Selected', 'Supprimer la sélection', 'yaksh/templates/yaksh/showquestions.html:218', 1, 'yaksh/locale', 'yaksh', 'django'),
(597, '2021-07-15 10:51:14.309008', '2021-07-15 10:51:14.309046', 'fr', 'Course Forum', 'Forum du cours', 'yaksh/templates/yaksh/sidebar.html:8', 1, 'yaksh/locale', 'yaksh', 'django'),
(598, '2021-07-15 10:51:14.313156', '2021-07-15 10:51:14.313206', 'fr', 'Total number of participants:', 'Nombre total de participants :', 'yaksh/templates/yaksh/statistics_question.html:35', 1, 'yaksh/locale', 'yaksh', 'django'),
(599, '2021-07-15 10:51:14.316920', '2021-07-15 10:51:14.316960', 'fr', 'Total attempts', 'Total des tentatives', 'yaksh/templates/yaksh/statistics_question.html:40', 1, 'yaksh/locale', 'yaksh', 'django'),
(600, '2021-07-15 10:51:14.320602', '2021-07-15 10:51:14.320641', 'fr', 'Answered Correctly', 'Réponse correcte', 'yaksh/templates/yaksh/statistics_question.html:41', 1, 'yaksh/locale', 'yaksh', 'django'),
(601, '2021-07-15 10:51:14.324268', '2021-07-15 10:51:14.324306', 'fr', 'Summary:', 'Résumé :', 'yaksh/templates/yaksh/statistics_question.html:53', 1, 'yaksh/locale', 'yaksh', 'django'),
(602, '2021-07-15 10:51:14.328181', '2021-07-15 10:51:14.328219', 'fr', 'Description:', 'Description :', 'yaksh/templates/yaksh/statistics_question.html:59\nyaksh/templates/yaksh/view_notifications.html:47', 1, 'yaksh/locale', 'yaksh', 'django'),
(603, '2021-07-15 10:51:14.331980', '2021-07-15 10:51:14.332018', 'fr', 'Upload assignment file for', 'Télécharger le fichier d\'affectation pour', 'yaksh/templates/yaksh/upload_file.html:23', 1, 'yaksh/locale', 'yaksh', 'django'),
(604, '2021-07-15 10:51:14.335638', '2021-07-15 10:51:14.335692', 'fr', 'Drop files here or click to upload.', 'Déposez vos fichiers ici ou cliquez pour les télécharger.', 'yaksh/templates/yaksh/upload_file.html:27', 1, 'yaksh/locale', 'yaksh', 'django'),
(605, '2021-07-15 10:51:14.339695', '2021-07-15 10:51:14.339733', 'fr', 'User Data', 'Données de l\'utilisateur', 'yaksh/templates/yaksh/user_data.html:6', 1, 'yaksh/locale', 'yaksh', 'django'),
(606, '2021-07-15 10:51:14.343779', '2021-07-15 10:51:14.343816', 'fr', 'Data for user', 'Données pour l\'utilisateur', 'yaksh/templates/yaksh/user_data.html:7', 1, 'yaksh/locale', 'yaksh', 'django'),
(607, '2021-07-15 10:51:14.347663', '2021-07-15 10:51:14.347717', 'fr', 'User IP:', 'IP de l\'utilisateur :', 'yaksh/templates/yaksh/user_data.html:32', 1, 'yaksh/locale', 'yaksh', 'django'),
(608, '2021-07-15 10:51:14.351487', '2021-07-15 10:51:14.351524', 'fr', 'No submissions found', 'Aucune soumission trouvée', 'yaksh/templates/yaksh/user_data.html:331\nyaksh/templates/yaksh/view_answerpaper.html:353', 1, 'yaksh/locale', 'yaksh', 'django'),
(609, '2021-07-15 10:51:14.355386', '2021-07-15 10:51:14.355423', 'fr', 'You have not attempted the Exercise', 'Vous n\'avez pas tenté l\'exercice', 'yaksh/templates/yaksh/user_data.html:341\nyaksh/templates/yaksh/view_answerpaper.html:363', 1, 'yaksh/locale', 'yaksh', 'django'),
(610, '2021-07-15 10:51:14.359128', '2021-07-15 10:51:14.359165', 'fr', 'You have not attempted the quiz', 'Vous n\'avez pas tenté le quiz', 'yaksh/templates/yaksh/user_data.html:343\nyaksh/templates/yaksh/view_answerpaper.html:365', 1, 'yaksh/locale', 'yaksh', 'django'),
(611, '2021-07-15 10:51:14.362793', '2021-07-15 10:51:14.362830', 'fr', 'Student Name:', 'Nom de l\'étudiant :', 'yaksh/templates/yaksh/user_status.html:4', 1, 'yaksh/locale', 'yaksh', 'django'),
(612, '2021-07-15 10:51:14.366803', '2021-07-15 10:51:14.366839', 'fr', 'Per Module Progress:', 'Progression par module :', 'yaksh/templates/yaksh/user_status.html:29', 1, 'yaksh/locale', 'yaksh', 'django'),
(613, '2021-07-15 10:51:14.370798', '2021-07-15 10:51:14.370835', 'fr', 'View Answer paper', 'Voir le document de réponse', 'yaksh/templates/yaksh/view_answerpaper.html:7', 1, 'yaksh/locale', 'yaksh', 'django'),
(614, '2021-07-15 10:51:14.375086', '2021-07-15 10:51:14.375123', 'fr', 'Answer Paper  for', 'Document de réponse pour', 'yaksh/templates/yaksh/view_answerpaper.html:8', 1, 'yaksh/locale', 'yaksh', 'django'),
(615, '2021-07-15 10:51:14.379033', '2021-07-15 10:51:14.379069', 'fr', 'Solution for the question', 'Solution à la question', 'yaksh/templates/yaksh/view_answerpaper.html:177', 1, 'yaksh/locale', 'yaksh', 'django'),
(616, '2021-07-15 10:51:14.386085', '2021-07-15 10:51:14.386122', 'fr', 'Mark all as read', 'Marquer tout comme lu', 'yaksh/templates/yaksh/view_notifications.html:23', 1, 'yaksh/locale', 'yaksh', 'django');
INSERT INTO `translation_manager_translationentry` (`id`, `created`, `changed`, `language`, `original`, `translation`, `occurrences`, `is_published`, `locale_path`, `locale_parent_dir`, `domain`) VALUES
(617, '2021-07-15 10:51:14.389934', '2021-07-15 10:51:14.389971', 'fr', 'From:', 'De :', 'yaksh/templates/yaksh/view_notifications.html:45', 1, 'yaksh/locale', 'yaksh', 'django'),
(618, '2021-07-15 10:51:14.393879', '2021-07-15 10:51:14.393916', 'fr', 'No Notifications Found', 'Notifications trouvées', 'yaksh/templates/yaksh/view_notifications.html:60', 1, 'yaksh/locale', 'yaksh', 'django'),
(619, '2021-07-15 10:51:14.398013', '2021-07-15 10:51:14.398055', 'fr', 'First name:', 'Prénom :', 'yaksh/templates/yaksh/view_profile.html:11', 1, 'yaksh/locale', 'yaksh', 'django'),
(620, '2021-07-15 10:51:14.402000', '2021-07-15 10:51:14.402037', 'fr', 'Last name:', 'Nom de famille :', 'yaksh/templates/yaksh/view_profile.html:15', 1, 'yaksh/locale', 'yaksh', 'django'),
(621, '2021-07-15 10:51:14.405900', '2021-07-15 10:51:14.405937', 'fr', 'Email:', 'Courriel :', 'yaksh/templates/yaksh/view_profile.html:19', 1, 'yaksh/locale', 'yaksh', 'django'),
(622, '2021-07-15 10:51:14.409789', '2021-07-15 10:51:14.409826', 'fr', 'Timezone:', 'Fuseau horaire :', 'yaksh/templates/yaksh/view_profile.html:39', 1, 'yaksh/locale', 'yaksh', 'django'),
(623, '2021-07-15 10:51:14.413754', '2021-07-15 10:51:14.413790', 'fr', 'All Courses', 'Cours', 'yaksh/views.py:201', 1, 'yaksh/locale', 'yaksh', 'django'),
(624, '2021-07-15 10:51:14.419092', '2021-07-15 10:51:14.419129', 'fr', 'Please enter an Integer Value', 'Veuillez saisir une valeur entière', 'yaksh/views.py:835', 0, 'yaksh/locale', 'yaksh', 'django'),
(625, '2021-07-15 10:51:14.424429', '2021-07-15 10:51:14.424465', 'fr', 'Please enter a Float Value', 'Veuillez saisir une valeur flottante', 'yaksh/views.py:845', 0, 'yaksh/locale', 'yaksh', 'django'),
(626, '2021-07-15 10:51:14.429447', '2021-07-15 10:51:14.429507', 'fr', 'You are not allowed to view this page', 'Vous n\'êtes pas autorisé à voir cette page', 'yaksh/views.py:1187\nyaksh/views.py:1298', 0, 'yaksh/locale', 'yaksh', 'django'),
(627, '2021-07-15 10:51:14.435183', '2021-07-15 10:51:14.435239', 'fr', 'This course does not belong to you', 'Ce cours ne vous appartient pas', 'yaksh/views.py:1193\nyaksh/views.py:1302\nyaksh/views.py:1395', 0, 'yaksh/locale', 'yaksh', 'django'),
(628, '2021-07-15 10:51:14.440944', '2021-07-15 10:51:14.441002', 'fr', 'You are not allowed to view this page!', 'Vous n\'êtes pas autorisé à consulter cette page !', 'yaksh/views.py:1391\nyaksh/views.py:2443\nyaksh/views.py:4044', 0, 'yaksh/locale', 'yaksh', 'django'),
(629, '2021-07-15 10:51:14.446716', '2021-07-15 10:51:14.446772', 'fr', 'No AnswerPapers found', 'Document de réponse pour', 'yaksh/views.py:1413', 1, 'yaksh/locale', 'yaksh', 'django'),
(630, '2021-07-15 10:51:14.452277', '2021-07-15 10:51:14.452333', 'fr', 'Please select atleast one question', 'Veuillez sélectionner le type de question et les marques', 'yaksh/views.py:1536', 1, 'yaksh/locale', 'yaksh', 'django'),
(631, '2021-07-15 10:51:14.457662', '2021-07-15 10:51:14.457729', 'fr', 'Please Upload a ZIP file or YAML file', 'Veuillez télécharger un fichier ZIP ou un fichier YAML', 'yaksh/views.py:1664', 0, 'yaksh/locale', 'yaksh', 'django'),
(632, '2021-07-15 10:51:14.462949', '2021-07-15 10:51:14.463001', 'fr', 'Please upload a CSV file.', 'Veuillez télécharger un fichier CSV.', 'yaksh/views.py:2446\nyaksh/views.py:4047', 0, 'yaksh/locale', 'yaksh', 'django'),
(633, '2021-07-15 10:51:14.468275', '2021-07-15 10:51:14.468325', 'fr', 'The file uploaded is not a CSV file.', 'Le fichier téléchargé n\'est pas un fichier CSV.', 'yaksh/views.py:2452\nyaksh/views.py:4052', 0, 'yaksh/locale', 'yaksh', 'django'),
(634, '2021-07-15 10:51:14.473658', '2021-07-15 10:51:14.473738', 'fr', 'Unable to submit for marks update. Please check with admin', 'Impossible de soumettre pour la mise à jour des notes. Veuillez vérifier avec l\'administrateur', 'yaksh/views.py:4069', 0, 'yaksh/locale', 'yaksh', 'django'),
(635, '2021-07-15 10:51:14.479298', '2021-07-15 10:51:14.479360', 'fr', 'Marks Uploaded!', 'Notes obtenues :', 'yaksh/views.py:4086', 1, 'yaksh/locale', 'yaksh', 'django'),
(636, '2021-07-15 10:51:14.484832', '2021-07-15 10:51:14.484888', 'fr', 'Created During Marks Update!', 'Créé pendant la mise à jour des marques !', 'yaksh/views.py:4112', 0, 'yaksh/locale', 'yaksh', 'django'),
(637, '2021-07-15 10:51:14.490187', '2021-07-15 10:51:14.490249', 'fr', 'Correct Answer', 'Bonne réponse :', '', 1, 'yaksh/locale', 'yaksh', 'django'),
(638, '2021-07-15 10:51:14.495789', '2021-07-15 10:51:14.495850', 'fr', 'What', 'Quoi', '', 1, 'yaksh/locale', 'yaksh', 'django'),
(639, '2021-07-15 10:51:14.538319', '2021-07-15 10:51:14.538374', 'fr', 'Lesson Video Stats', 'Statistiques vidéo de la leçon', 'stats/templates/view_lesson_tracking.html:5', 1, 'stats/locale', 'stats', 'django'),
(640, '2021-07-15 10:51:14.541825', '2021-07-15 10:51:14.541870', 'fr', 'Statistics for', 'Statistiques pour', 'stats/templates/view_lesson_tracking.html:30', 1, 'stats/locale', 'stats', 'django'),
(641, '2021-07-15 10:51:14.545164', '2021-07-15 10:51:14.545209', 'fr', 'Sr No.', 'No Sr.', 'stats/templates/view_lesson_tracking.html:100', 1, 'stats/locale', 'stats', 'django'),
(642, '2021-07-15 10:51:14.548328', '2021-07-15 10:51:14.548373', 'fr', 'Student Name', 'Nom de l\'étudiant', 'stats/templates/view_lesson_tracking.html:101', 1, 'stats/locale', 'stats', 'django'),
(643, '2021-07-15 10:51:14.551518', '2021-07-15 10:51:14.551561', 'fr', 'Last access on', 'Dernier accès le', 'stats/templates/view_lesson_tracking.html:102', 1, 'stats/locale', 'stats', 'django'),
(644, '2021-07-15 10:51:14.554604', '2021-07-15 10:51:14.554647', 'fr', 'Started on', 'Commencé sur', 'stats/templates/view_lesson_tracking.html:103', 1, 'stats/locale', 'stats', 'django'),
(645, '2021-07-15 10:51:14.557587', '2021-07-15 10:51:14.557630', 'fr', 'Current Duration', 'Durée actuelle', 'stats/templates/view_lesson_tracking.html:104', 1, 'stats/locale', 'stats', 'django'),
(646, '2021-07-15 10:51:14.560564', '2021-07-15 10:51:14.560607', 'fr', 'Video Duration', 'Durée de la vidéo', 'stats/templates/view_lesson_tracking.html:105', 1, 'stats/locale', 'stats', 'django'),
(647, '2021-07-15 10:51:14.563493', '2021-07-15 10:51:14.563534', 'fr', 'Percentage', 'Pourcentage', 'stats/templates/view_lesson_tracking.html:106', 1, 'stats/locale', 'stats', 'django'),
(648, '2021-07-15 10:51:14.566703', '2021-07-15 10:51:14.566776', 'fr', 'Watched', 'Regardé', 'stats/templates/view_lesson_tracking.html:107', 1, 'stats/locale', 'stats', 'django'),
(649, '2021-07-15 10:51:14.570601', '2021-07-15 10:51:14.570661', 'fr', 'Total Time Spent', 'Temps total passé', 'stats/templates/view_lesson_tracking.html:108', 1, 'stats/locale', 'stats', 'django'),
(650, '2021-07-15 10:51:14.574513', '2021-07-15 10:51:14.574573', 'fr', 'Total Visits', 'Nombre total de visites', 'stats/templates/view_lesson_tracking.html:109', 1, 'stats/locale', 'stats', 'django'),
(651, '2021-07-31 18:44:21.950730', '2021-07-31 18:44:21.950786', 'fr', 'About the grading system!', 'A propos du système de notation!', 'models.py:8', 1, 'grades/locale', 'grades', 'django'),
(652, '2021-07-31 18:44:22.465792', '2021-07-31 18:44:22.465840', 'fr', 'Confirm Password', 'Changer le mot de passe', 'forms.py:85', 1, 'yaksh/locale', 'yaksh', 'django'),
(653, '2021-07-31 18:44:22.497420', '2021-07-31 18:44:22.497488', 'fr', 'Course Code', 'Code du cours', 'forms.py:437', 1, 'yaksh/locale', 'yaksh', 'django'),
(654, '2021-07-31 18:44:22.517561', '2021-07-31 18:44:22.517623', 'fr', 'Course End DateTime', 'Heure de fin du cours:', 'forms.py:446', 1, 'yaksh/locale', 'yaksh', 'django'),
(655, '2021-07-31 18:44:22.528215', '2021-07-31 18:44:22.528277', 'fr', 'Course instructions', 'Instructions du cours', 'forms.py:440', 1, 'yaksh/locale', 'yaksh', 'django'),
(656, '2021-07-31 18:44:22.539039', '2021-07-31 18:44:22.539101', 'fr', 'Course Name', 'Nom du cours:', 'forms.py:431', 1, 'yaksh/locale', 'yaksh', 'django'),
(657, '2021-07-31 18:44:22.554202', '2021-07-31 18:44:22.554264', 'fr', 'Course Start DateTime', 'Heure de début du cours:', 'forms.py:443', 1, 'yaksh/locale', 'yaksh', 'django'),
(658, '2021-07-31 18:44:22.807205', '2021-07-31 18:44:22.807267', 'fr', 'End Date and Time for enrollment of course', 'Date et heure de fin d\'inscription au cours', 'models.py:946', 1, 'yaksh/locale', 'yaksh', 'django'),
(659, '2021-07-31 18:44:22.829597', '2021-07-31 18:44:22.829648', 'fr', 'Enroll Request', 'Demande d\'inscription', 'models.py:85', 1, 'yaksh/locale', 'yaksh', 'django'),
(660, '2021-07-31 18:44:22.847137', '2021-07-31 18:44:22.847185', 'fr', 'enrollment', 'Inscription', 'models.py:920', 1, 'yaksh/locale', 'yaksh', 'django'),
(661, '2021-07-31 18:44:22.989503', '2021-07-31 18:44:22.989567', 'fr', 'Float Testcase', 'Cas de test nombre flotant', 'forms.py:36', 1, 'yaksh/locale', 'yaksh', 'django'),
(662, '2021-07-31 18:44:23.076813', '2021-07-31 18:44:23.076878', 'fr', 'Hook Testcase', 'Cas de test Hook', 'forms.py:33', 1, 'yaksh/locale', 'yaksh', 'django'),
(663, '2021-07-31 18:44:23.181546', '2021-07-31 18:44:23.181623', 'fr', 'Integer Testcase', 'Cas de test entier', 'forms.py:34', 1, 'yaksh/locale', 'yaksh', 'django'),
(664, '2021-07-31 18:44:23.296837', '2021-07-31 18:44:23.296885', 'fr', 'Letters, digits, period and underscores only.', 'Seuls les lettres, chiffres, points et caractères de soulignement sont autorisés dans le nom d\'utilisateur', 'forms.py:72', 1, 'yaksh/locale', 'yaksh', 'django'),
(665, '2021-07-31 18:44:23.387441', '2021-07-31 18:44:23.387510', 'fr', 'MCQ Testcase', 'Cas de test QCM', 'forms.py:32', 1, 'yaksh/locale', 'yaksh', 'django'),
(666, '2021-07-31 18:44:23.683492', '2021-07-31 18:44:23.683569', 'fr', 'Open Enrollment', 'Inscription ouverte', 'models.py:86', 1, 'yaksh/locale', 'yaksh', 'django'),
(667, '2021-07-31 18:44:24.127580', '2021-07-31 18:44:24.127651', 'fr', 'Select Language', 'Sélectionnez le language', 'forms.py:25', 1, 'yaksh/locale', 'yaksh', 'django'),
(668, '2021-07-31 18:44:24.157463', '2021-07-31 18:44:24.157522', 'fr', 'Select Status', 'Sélectionner le statut', 'forms.py:40', 1, 'yaksh/locale', 'yaksh', 'django'),
(669, '2021-07-31 18:44:24.251251', '2021-07-31 18:44:24.251331', 'fr', 'Standard Testcase', 'Cas de test standard', 'forms.py:30', 1, 'yaksh/locale', 'yaksh', 'django'),
(670, '2021-07-31 18:44:24.262014', '2021-07-31 18:44:24.262077', 'fr', 'Start Date and Time for enrollment of course', 'Date et heure de début d\'inscription au cours', 'models.py:939', 1, 'yaksh/locale', 'yaksh', 'django'),
(671, '2021-07-31 18:44:24.297986', '2021-07-31 18:44:24.298049', 'fr', 'StdIO Based Testcase', 'Cas de test basé sur StdIO', 'forms.py:31', 1, 'yaksh/locale', 'yaksh', 'django'),
(672, '2021-07-31 18:44:24.317718', '2021-07-31 18:44:24.317781', 'fr', 'String Testcase', 'Cas de test chaîne de caractère', 'forms.py:35', 1, 'yaksh/locale', 'yaksh', 'django'),
(673, '2021-07-31 18:44:24.667178', '2021-07-31 18:44:24.667242', 'fr', 'view grade', 'Voir la note', 'models.py:933', 1, 'yaksh/locale', 'yaksh', 'django');

-- --------------------------------------------------------

--
-- Structure de la table `yaksh_answer`
--

CREATE TABLE `yaksh_answer` (
  `id` int(11) NOT NULL,
  `answer` longtext DEFAULT NULL,
  `error` longtext NOT NULL,
  `marks` double NOT NULL,
  `correct` tinyint(1) NOT NULL,
  `skipped` tinyint(1) NOT NULL,
  `question_id` int(11) NOT NULL,
  `comment` longtext DEFAULT NULL
) ENGINE=InnoDB DEFAULT CHARSET=latin1;

--
-- Déchargement des données de la table `yaksh_answer`
--

INSERT INTO `yaksh_answer` (`id`, `answer`, `error`, `marks`, `correct`, `skipped`, `question_id`, `comment`) VALUES
(1, '3', '[\"Correct answer\"]', 1, 1, 0, 6, NULL),
(2, 'HelloHello', '[\"Correct answer\"]', 1, 1, 0, 7, NULL),
(3, '3.3', '[\"Correct answer\"]', 1, 1, 0, 8, NULL),
(4, 'print', '[]', 0, 0, 0, 10, NULL),
(5, 'print(\"box\")', '[]', 0, 0, 0, 10, NULL),
(6, 'print(\'box\')', '[]', 0, 0, 0, 10, NULL),
(7, '3', '[\"Correct answer\"]', 1, 1, 0, 6, NULL),
(8, 'HelloHello', '[\"Correct answer\"]', 1, 1, 0, 7, NULL),
(9, '3.3', '[\"Correct answer\"]', 1, 1, 0, 8, NULL),
(10, 'def is_palindrome(s):\r\n ', '[]', 0, 0, 1, 9, NULL),
(11, 'def is_palindrome(s):\r\n ', '[]', 0, 0, 1, 9, NULL),
(12, '', '[]', 0, 0, 1, 10, NULL),
(13, '', '[]', 0, 0, 1, 10, NULL),
(14, '', '[]', 0, 0, 1, 11, NULL),
(15, '', '[]', 0, 0, 1, 11, NULL),
(16, '', '[]', 0, 0, 1, 15, NULL),
(17, '', '[]', 0, 0, 1, 15, NULL),
(18, 'import java.util.Scanner;\r\nclass Test{\r\npublic static void main(String args[]){\r\n// Write your code here\r\n}\r\n}', '[]', 0, 0, 1, 16, NULL),
(19, 'import java.util.Scanner;\r\nclass Test{\r\npublic static void main(String args[]){\r\n// Write your code here\r\n}\r\n}', '[]', 0, 0, 1, 16, NULL),
(20, '37', '{\'success\': False, \'error\': [\'Incorrect answer\'], \'weight\': 0.0}', 0, 0, 0, 18, NULL),
(21, '38', '{\'success\': True, \'error\': [\'Correct answer\'], \'weight\': 0.0}', 1, 1, 0, 19, NULL),
(22, '4.5', '{\'success\': True, \'error\': [\'Correct answer\'], \'weight\': 0.0}', 1, 1, 0, 21, NULL),
(23, '19', '{\'success\': True, \'error\': [\'Correct answer\'], \'weight\': 0.0}', 1, 1, 0, 20, NULL),
(24, '4.5', '{\'success\': True, \'error\': [\'Correct answer\'], \'weight\': 0.0}', 1, 1, 0, 21, NULL),
(25, '19', '{\'success\': True, \'error\': [\'Correct answer\'], \'weight\': 0.0}', 1, 1, 0, 20, NULL),
(26, '7.0', '{\'success\': False, \'error\': [\'Incorrect answer\'], \'weight\': 0.0}', 0, 0, 0, 21, NULL),
(27, '12.5', '{\'success\': False, \'error\': [\'Incorrect answer\'], \'weight\': 0.0}', 0, 0, 0, 21, NULL),
(28, '2.5', '{\'success\': False, \'error\': [\'Incorrect answer\'], \'weight\': 0.0}', 0, 0, 0, 21, NULL),
(29, '27', '{\'success\': True, \'error\': [\'Correct answer\'], \'weight\': 0.0}', 1, 1, 0, 22, NULL),
(30, '23', '{\'success\': False, \'error\': [\'Incorrect answer\'], \'weight\': 0.0}', 0, 0, 0, 23, NULL),
(31, '84', '{\'success\': False, \'error\': [\'Incorrect answer\'], \'weight\': 0.0}', 0, 0, 0, 24, NULL),
(32, '12', '{\'success\': False, \'error\': [\'Incorrect answer\'], \'weight\': 0.0}', 0, 0, 0, 20, NULL),
(33, '4.5', '{\'success\': True, \'error\': [\'Correct answer\'], \'weight\': 0.0}', 1, 1, 0, 21, NULL);

-- --------------------------------------------------------

--
-- Structure de la table `yaksh_answerpaper`
--

CREATE TABLE `yaksh_answerpaper` (
  `id` int(11) NOT NULL,
  `attempt_number` int(11) NOT NULL,
  `start_time` datetime(6) NOT NULL,
  `end_time` datetime(6) NOT NULL,
  `user_ip` varchar(255) NOT NULL,
  `comments` longtext NOT NULL,
  `marks_obtained` double DEFAULT NULL,
  `percent` double DEFAULT NULL,
  `passed` tinyint(1) DEFAULT NULL,
  `status` varchar(20) NOT NULL,
  `question_paper_id` int(11) NOT NULL,
  `user_id` int(11) NOT NULL,
  `questions_order` longtext NOT NULL,
  `course_id` int(11) DEFAULT NULL,
  `extra_time` double NOT NULL,
  `is_special` tinyint(1) NOT NULL
) ENGINE=InnoDB DEFAULT CHARSET=latin1;

--
-- Déchargement des données de la table `yaksh_answerpaper`
--

INSERT INTO `yaksh_answerpaper` (`id`, `attempt_number`, `start_time`, `end_time`, `user_ip`, `comments`, `marks_obtained`, `percent`, `passed`, `status`, `question_paper_id`, `user_id`, `questions_order`, `course_id`, `extra_time`, `is_special`) VALUES
(1, 1, '2021-07-21 22:13:48.298006', '2021-07-22 14:53:48.298006', '41.188.104.112', '', 0, 0, NULL, 'inprogress', 3, 6, '1', 3, 0, 0),
(2, 1, '2021-07-21 22:45:32.191883', '2021-07-22 15:25:32.191883', '41.188.104.112', '', 0, 0, NULL, 'inprogress', 4, 6, '2', 4, 0, 0),
(3, 1, '2021-07-21 22:47:59.177675', '2021-07-22 15:27:59.177675', '41.188.104.112', '', 0, 0, NULL, 'inprogress', 5, 6, '1', 5, 0, 0),
(4, 1, '2021-07-21 22:48:11.292360', '2021-07-22 15:28:11.292360', '41.188.104.112', '', 0, 0, NULL, 'inprogress', 6, 6, '3', 6, 0, 0),
(5, 1, '2021-07-21 22:50:21.009760', '2021-07-22 15:30:21.009760', '41.188.104.112', '', 0, 0, NULL, 'inprogress', 7, 6, '4', 7, 0, 0),
(6, 1, '2021-07-21 22:51:19.114687', '2021-07-22 15:31:19.114687', '41.188.104.112', '', 0, 0, NULL, 'inprogress', 8, 6, '4', 8, 0, 0),
(7, 1, '2021-07-21 22:52:14.546867', '2021-07-22 15:32:14.546867', '41.188.104.112', '', 0, 0, NULL, 'inprogress', 9, 6, '4', 9, 0, 0),
(8, 1, '2021-07-21 22:55:12.132233', '2021-07-22 15:35:12.132233', '41.188.104.112', '', 0, 0, NULL, 'inprogress', 10, 6, '5', 10, 0, 0),
(9, 1, '2021-07-21 22:56:08.909231', '2021-07-22 15:36:08.909231', '41.188.104.112', '', 0, 0, NULL, 'inprogress', 11, 6, '5', 11, 0, 0),
(10, 1, '2021-07-21 22:56:36.258142', '2021-07-22 15:36:36.258142', '41.188.104.112', '', 0, 0, NULL, 'inprogress', 12, 6, '5', 12, 0, 0),
(11, 1, '2021-07-21 23:07:13.842159', '2021-07-21 23:37:22.141069', '41.188.104.112', '', 0, 0, 0, 'completed', 16, 6, '2,3,1,5,4', 13, 0, 0),
(12, 1, '2021-07-21 23:08:45.834541', '2021-07-21 23:48:54.930371', '41.214.86.192', '', 0, 0, 0, 'completed', 2, 5, '2,1,5,3,4', 2, 0, 0),
(13, 1, '2021-07-22 04:28:26.933257', '2021-07-22 04:33:06.604727', '41.188.104.112', '', 3, 21.43, 1, 'completed', 18, 6, '6,7,8,9,10,11,12,13,14,15,16', 15, 0, 0),
(14, 1, '2021-07-23 13:02:59.324300', '2021-07-23 13:06:13.342041', '41.214.93.142', '', 3, 21.43, 1, 'completed', 18, 3, '6,7,8,9,10,11,12,13,14,15,16', 15, 0, 0),
(15, 1, '2021-07-23 16:20:42.862263', '2021-07-24 09:00:42.862263', '41.188.104.215', '', 0, 0, NULL, 'inprogress', 22, 8, '17', 17, 0, 0),
(16, 1, '2021-07-25 17:28:43.275135', '2021-07-25 17:48:43.275135', '41.188.104.215', '', 0, 0, NULL, 'inprogress', 23, 5, '5,4,5,4', 2, 0, 0);

-- --------------------------------------------------------

--
-- Structure de la table `yaksh_answerpaper_answers`
--

CREATE TABLE `yaksh_answerpaper_answers` (
  `id` int(11) NOT NULL,
  `answerpaper_id` int(11) NOT NULL,
  `answer_id` int(11) NOT NULL
) ENGINE=InnoDB DEFAULT CHARSET=latin1;

--
-- Déchargement des données de la table `yaksh_answerpaper_answers`
--

INSERT INTO `yaksh_answerpaper_answers` (`id`, `answerpaper_id`, `answer_id`) VALUES
(1, 13, 1),
(2, 13, 2),
(3, 13, 3),
(4, 13, 4),
(5, 13, 5),
(6, 13, 6),
(7, 14, 7),
(8, 14, 8),
(9, 14, 9),
(10, 14, 10),
(11, 14, 11),
(12, 14, 12),
(13, 14, 13),
(14, 14, 14),
(15, 14, 15),
(16, 14, 16),
(17, 14, 17),
(18, 14, 18),
(19, 14, 19);

-- --------------------------------------------------------

--
-- Structure de la table `yaksh_answerpaper_questions`
--

CREATE TABLE `yaksh_answerpaper_questions` (
  `id` int(11) NOT NULL,
  `answerpaper_id` int(11) NOT NULL,
  `question_id` int(11) NOT NULL
) ENGINE=InnoDB DEFAULT CHARSET=latin1;

--
-- Déchargement des données de la table `yaksh_answerpaper_questions`
--

INSERT INTO `yaksh_answerpaper_questions` (`id`, `answerpaper_id`, `question_id`) VALUES
(1, 1, 1),
(2, 2, 2),
(3, 3, 1),
(4, 4, 3),
(5, 5, 4),
(6, 6, 4),
(7, 7, 4),
(8, 8, 5),
(9, 9, 5),
(10, 10, 5),
(11, 11, 1),
(12, 11, 2),
(13, 11, 3),
(14, 11, 4),
(15, 11, 5),
(16, 12, 1),
(17, 12, 2),
(18, 12, 3),
(19, 12, 4),
(20, 12, 5),
(21, 13, 6),
(22, 13, 7),
(23, 13, 8),
(24, 13, 9),
(25, 13, 10),
(26, 13, 11),
(27, 13, 12),
(28, 13, 13),
(29, 13, 14),
(30, 13, 15),
(31, 13, 16),
(32, 14, 6),
(33, 14, 7),
(34, 14, 8),
(35, 14, 9),
(36, 14, 10),
(37, 14, 11),
(38, 14, 12),
(39, 14, 13),
(40, 14, 14),
(41, 14, 15),
(42, 14, 16),
(43, 15, 17),
(44, 16, 4),
(45, 16, 5);

-- --------------------------------------------------------

--
-- Structure de la table `yaksh_answerpaper_questions_answered`
--

CREATE TABLE `yaksh_answerpaper_questions_answered` (
  `id` int(11) NOT NULL,
  `answerpaper_id` int(11) NOT NULL,
  `question_id` int(11) NOT NULL
) ENGINE=InnoDB DEFAULT CHARSET=latin1;

--
-- Déchargement des données de la table `yaksh_answerpaper_questions_answered`
--

INSERT INTO `yaksh_answerpaper_questions_answered` (`id`, `answerpaper_id`, `question_id`) VALUES
(1, 13, 6),
(2, 13, 7),
(3, 13, 8),
(4, 14, 6),
(5, 14, 7),
(6, 14, 8);

-- --------------------------------------------------------

--
-- Structure de la table `yaksh_answerpaper_questions_unanswered`
--

CREATE TABLE `yaksh_answerpaper_questions_unanswered` (
  `id` int(11) NOT NULL,
  `answerpaper_id` int(11) NOT NULL,
  `question_id` int(11) NOT NULL
) ENGINE=InnoDB DEFAULT CHARSET=latin1;

--
-- Déchargement des données de la table `yaksh_answerpaper_questions_unanswered`
--

INSERT INTO `yaksh_answerpaper_questions_unanswered` (`id`, `answerpaper_id`, `question_id`) VALUES
(1, 1, 1),
(2, 2, 2),
(3, 3, 1),
(4, 4, 3),
(5, 5, 4),
(6, 6, 4),
(7, 7, 4),
(8, 8, 5),
(9, 9, 5),
(10, 10, 5),
(11, 11, 1),
(12, 11, 2),
(13, 11, 3),
(14, 11, 4),
(15, 11, 5),
(16, 12, 1),
(17, 12, 2),
(18, 12, 3),
(19, 12, 4),
(20, 12, 5),
(24, 13, 9),
(25, 13, 10),
(26, 13, 11),
(27, 13, 12),
(28, 13, 13),
(29, 13, 14),
(30, 13, 15),
(31, 13, 16),
(35, 14, 9),
(36, 14, 10),
(37, 14, 11),
(38, 14, 12),
(39, 14, 13),
(40, 14, 14),
(41, 14, 15),
(42, 14, 16),
(43, 15, 17),
(44, 16, 4),
(45, 16, 5);

-- --------------------------------------------------------

--
-- Structure de la table `yaksh_arrangetestcase`
--

CREATE TABLE `yaksh_arrangetestcase` (
  `testcase_ptr_id` int(11) NOT NULL,
  `options` longtext NOT NULL
) ENGINE=InnoDB DEFAULT CHARSET=latin1;

--
-- Déchargement des données de la table `yaksh_arrangetestcase`
--

INSERT INTO `yaksh_arrangetestcase` (`testcase_ptr_id`, `options`) VALUES
(6, '11111'),
(7, '222222'),
(8, '333333'),
(26, 'kilometers, conv_fac = input(\"Enter value in kilometers: \"), 0.621371'),
(27, 'miles = kilometers * conv_fac'),
(28, 'print(\'%0.3f kilometers is equal to %0.3f miles\' %(kilometers,miles))');

-- --------------------------------------------------------

--
-- Structure de la table `yaksh_assignmentupload`
--

CREATE TABLE `yaksh_assignmentupload` (
  `id` int(11) NOT NULL,
  `assignmentFile` varchar(255) NOT NULL,
  `assignmentQuestion_id` int(11) NOT NULL,
  `answer_paper_id` int(11) DEFAULT NULL,
  `upload_date` datetime(6) NOT NULL
) ENGINE=InnoDB DEFAULT CHARSET=latin1;

-- --------------------------------------------------------

--
-- Structure de la table `yaksh_comment`
--

CREATE TABLE `yaksh_comment` (
  `forumbase_ptr_id` int(11) NOT NULL,
  `post_field_id` int(11) NOT NULL
) ENGINE=InnoDB DEFAULT CHARSET=latin1;

-- --------------------------------------------------------

--
-- Structure de la table `yaksh_concurrentuser`
--

CREATE TABLE `yaksh_concurrentuser` (
  `id` int(11) NOT NULL,
  `session_key` varchar(40) NOT NULL,
  `concurrent_user_id` int(11) NOT NULL
) ENGINE=InnoDB DEFAULT CHARSET=latin1;

--
-- Déchargement des données de la table `yaksh_concurrentuser`
--

INSERT INTO `yaksh_concurrentuser` (`id`, `session_key`, `concurrent_user_id`) VALUES
(1, 'z5d9tw2vcj4081gtsge6i45k3o8bwj11', 1),
(2, '59k5igx681mm997e3r6sa56pkfuw4wu6', 2),
(3, 's0mu56dtri41o4d65j1ilpwj89ii9hce', 3),
(4, 'ztuslvlp2xd37mjhieyiaec86wu3aelx', 4),
(5, 'db7ru4gfpb8oup54xycvjnx96cmuj5ju', 6),
(6, '1fc9ny6ws0htasnxqcecw486cr275whl', 5),
(7, '8bfa7jak0tqyeckg3b9dqmav3q7sb1s1', 8),
(8, '08e155zmx9lefrb6zpmjtzcbjr2ecyz4', 9);

-- --------------------------------------------------------

--
-- Structure de la table `yaksh_course`
--

CREATE TABLE `yaksh_course` (
  `id` int(11) NOT NULL,
  `name` varchar(128) NOT NULL,
  `enrollment` varchar(32) NOT NULL,
  `active` tinyint(1) NOT NULL,
  `created_on` datetime(6) NOT NULL,
  `is_trial` tinyint(1) NOT NULL,
  `instructions` longtext DEFAULT NULL,
  `creator_id` int(11) NOT NULL,
  `end_enroll_time` datetime(6),
  `start_enroll_time` datetime(6),
  `code` varchar(128) DEFAULT NULL,
  `hidden` tinyint(1) NOT NULL,
  `grading_system_id` int(11) DEFAULT NULL,
  `view_grade` tinyint(1) NOT NULL
) ENGINE=InnoDB DEFAULT CHARSET=latin1;

--
-- Déchargement des données de la table `yaksh_course`
--

INSERT INTO `yaksh_course` (`id`, `name`, `enrollment`, `active`, `created_on`, `is_trial`, `instructions`, `creator_id`, `end_enroll_time`, `start_enroll_time`, `code`, `hidden`, `grading_system_id`, `view_grade`) VALUES
(1, 'test', 'open', 1, '2021-07-16 12:00:17.898992', 0, '<p>test</p>', 2, '2199-01-01 00:00:00.000000', '2021-07-16 11:59:08.000000', '001', 1, NULL, 1),
(2, 'Cours et Exercices  Mathématiques 2nd', 'open', 1, '2021-07-21 17:56:00.767185', 0, '<p><span style=\"color: #333333; font-family: \'Helvetica Neue\', Helvetica, Arial, sans-serif; font-size: 14px; background-color: #ffffff;\">Vous trouverez ici les cours de math&eacute;matiques pour la classe de seconde.</span></p>', 6, '2199-01-01 00:00:00.000000', '2021-07-21 17:48:24.000000', 'CEM2', 1, 1, 1),
(3, 'trial_course', 'open', 1, '2021-07-21 22:13:48.061309', 1, NULL, 6, '2199-01-01 00:00:00.000000', '2021-07-21 22:13:48.060699', NULL, 0, NULL, 0),
(4, 'trial_course', 'open', 1, '2021-07-21 22:45:31.978996', 1, NULL, 6, '2199-01-01 00:00:00.000000', '2021-07-21 22:45:31.978511', NULL, 0, NULL, 0),
(5, 'trial_course', 'open', 1, '2021-07-21 22:47:58.929093', 1, NULL, 6, '2199-01-01 00:00:00.000000', '2021-07-21 22:47:58.928551', NULL, 0, NULL, 0),
(6, 'trial_course', 'open', 1, '2021-07-21 22:48:11.088510', 1, NULL, 6, '2199-01-01 00:00:00.000000', '2021-07-21 22:48:11.088010', NULL, 0, NULL, 0),
(7, 'trial_course', 'open', 1, '2021-07-21 22:50:20.795847', 1, NULL, 6, '2199-01-01 00:00:00.000000', '2021-07-21 22:50:20.795313', NULL, 0, NULL, 0),
(8, 'trial_course', 'open', 1, '2021-07-21 22:51:18.929234', 1, NULL, 6, '2199-01-01 00:00:00.000000', '2021-07-21 22:51:18.928869', NULL, 0, NULL, 0),
(9, 'trial_course', 'open', 1, '2021-07-21 22:52:14.353088', 1, NULL, 6, '2199-01-01 00:00:00.000000', '2021-07-21 22:52:14.352566', NULL, 0, NULL, 0),
(10, 'trial_course', 'open', 1, '2021-07-21 22:55:11.932301', 1, NULL, 6, '2199-01-01 00:00:00.000000', '2021-07-21 22:55:11.931768', NULL, 0, NULL, 0),
(11, 'trial_course', 'open', 1, '2021-07-21 22:56:08.713027', 1, NULL, 6, '2199-01-01 00:00:00.000000', '2021-07-21 22:56:08.712721', NULL, 0, NULL, 0),
(12, 'trial_course', 'open', 1, '2021-07-21 22:56:35.975237', 1, NULL, 6, '2199-01-01 00:00:00.000000', '2021-07-21 22:56:35.974721', NULL, 0, NULL, 0),
(13, 'Trial_course_for_course_2_usermode', 'open', 1, '2021-07-21 22:57:55.300584', 1, NULL, 6, '2199-01-01 00:00:00.000000', '2021-07-21 22:57:55.300223', NULL, 0, NULL, 0),
(14, 'Trial_course_for_course_2_godmode', 'open', 1, '2021-07-21 22:58:55.827372', 1, NULL, 6, '2199-01-01 00:00:00.000000', '2021-07-21 22:58:55.826864', NULL, 0, NULL, 0),
(15, 'Yaksh Demo course', 'open', 1, '2021-07-22 04:25:01.309157', 0, NULL, 6, '2199-01-01 00:00:00.000000', '2021-07-22 04:25:01.308550', NULL, 0, NULL, 0),
(16, 'Histoire 3e', 'open', 1, '2021-07-23 14:37:38.881355', 0, '', 8, '2199-01-01 00:00:00.000000', '2021-07-23 14:36:23.000000', NULL, 0, 1, 1),
(17, 'trial_course', 'open', 1, '2021-07-23 16:20:42.643144', 1, NULL, 8, '2199-01-01 00:00:00.000000', '2021-07-23 16:20:42.642728', NULL, 0, NULL, 0),
(18, 'Cours et exercices - Niveau CINQUIÈME', 'open', 1, '2021-07-25 17:37:03.081151', 0, '<p>Cours et exercices - Niveau CINQUI&Egrave;ME</p>\r\n<p>CONFORME AUX PROGRAMMES ET AUX REP&Egrave;RES ANNUELS DE PROGRESSION 2019</p>', 6, '2199-01-01 00:00:00.000000', '2021-07-25 17:34:41.000000', '5eme', 1, NULL, 1),
(19, 'Python', 'open', 1, '2021-09-29 18:10:02.171107', 0, '', 6, '2199-01-01 00:00:00.000000', '2021-09-29 18:09:17.000000', NULL, 0, NULL, 0);

-- --------------------------------------------------------

--
-- Structure de la table `yaksh_coursestatus`
--

CREATE TABLE `yaksh_coursestatus` (
  `id` int(11) NOT NULL,
  `grade` varchar(255) DEFAULT NULL,
  `percentage` double NOT NULL,
  `course_id` int(11) NOT NULL,
  `current_unit_id` int(11) DEFAULT NULL,
  `user_id` int(11) NOT NULL,
  `percent_completed` int(11) NOT NULL
) ENGINE=InnoDB DEFAULT CHARSET=latin1;

--
-- Déchargement des données de la table `yaksh_coursestatus`
--

INSERT INTO `yaksh_coursestatus` (`id`, `grade`, `percentage`, `course_id`, `current_unit_id`, `user_id`, `percent_completed`) VALUES
(1, NULL, 0, 2, 2, 5, 16),
(2, NULL, 0, 3, 4, 6, 0),
(3, NULL, 0, 4, 5, 6, 0),
(4, NULL, 0, 5, 6, 6, 0),
(5, NULL, 0, 6, 7, 6, 0),
(6, NULL, 0, 7, 8, 6, 0),
(7, NULL, 0, 8, 9, 6, 0),
(8, NULL, 0, 9, 10, 6, 0),
(9, NULL, 0, 10, 11, 6, 0),
(10, NULL, 0, 11, 12, 6, 0),
(11, NULL, 0, 12, 13, 6, 0),
(12, NULL, 0, 13, 17, 6, 0),
(13, NULL, 0, 15, 20, 6, 100),
(14, NULL, 0, 15, 20, 5, 0),
(15, 'F', 21.428571428571427, 15, 19, 3, 100),
(16, NULL, 0, 15, 19, 8, 0),
(17, NULL, 0, 17, 24, 8, 0),
(18, NULL, 0, 1, NULL, 5, 0),
(19, NULL, 0, 18, 27, 5, 14),
(20, NULL, 0, 2, 34, 9, 0),
(21, NULL, 0, 19, 35, 6, 0);

-- --------------------------------------------------------

--
-- Structure de la table `yaksh_coursestatus_completed_units`
--

CREATE TABLE `yaksh_coursestatus_completed_units` (
  `id` int(11) NOT NULL,
  `coursestatus_id` int(11) NOT NULL,
  `learningunit_id` int(11) NOT NULL
) ENGINE=InnoDB DEFAULT CHARSET=latin1;

--
-- Déchargement des données de la table `yaksh_coursestatus_completed_units`
--

INSERT INTO `yaksh_coursestatus_completed_units` (`id`, `coursestatus_id`, `learningunit_id`) VALUES
(1, 1, 3),
(5, 13, 19),
(4, 13, 20),
(6, 15, 19),
(7, 15, 20),
(8, 19, 27);

-- --------------------------------------------------------

--
-- Structure de la table `yaksh_course_learning_module`
--

CREATE TABLE `yaksh_course_learning_module` (
  `id` int(11) NOT NULL,
  `course_id` int(11) NOT NULL,
  `learningmodule_id` int(11) NOT NULL
) ENGINE=InnoDB DEFAULT CHARSET=latin1;

--
-- Déchargement des données de la table `yaksh_course_learning_module`
--

INSERT INTO `yaksh_course_learning_module` (`id`, `course_id`, `learningmodule_id`) VALUES
(1, 1, 1),
(22, 1, 11),
(3, 2, 2),
(23, 2, 12),
(26, 2, 14),
(4, 3, 3),
(5, 4, 3),
(6, 5, 3),
(7, 6, 3),
(8, 7, 3),
(9, 8, 3),
(10, 9, 3),
(11, 10, 3),
(12, 11, 3),
(13, 12, 3),
(14, 13, 4),
(16, 13, 6),
(17, 13, 7),
(15, 14, 5),
(19, 15, 8),
(20, 16, 9),
(21, 17, 10),
(25, 18, 13),
(27, 19, 15),
(28, 19, 16),
(29, 19, 17);

-- --------------------------------------------------------

--
-- Structure de la table `yaksh_course_rejected`
--

CREATE TABLE `yaksh_course_rejected` (
  `id` int(11) NOT NULL,
  `course_id` int(11) NOT NULL,
  `user_id` int(11) NOT NULL
) ENGINE=InnoDB DEFAULT CHARSET=latin1;

--
-- Déchargement des données de la table `yaksh_course_rejected`
--

INSERT INTO `yaksh_course_rejected` (`id`, `course_id`, `user_id`) VALUES
(1, 2, 3),
(2, 16, 3);

-- --------------------------------------------------------

--
-- Structure de la table `yaksh_course_requests`
--

CREATE TABLE `yaksh_course_requests` (
  `id` int(11) NOT NULL,
  `course_id` int(11) NOT NULL,
  `user_id` int(11) NOT NULL
) ENGINE=InnoDB DEFAULT CHARSET=latin1;

--
-- Déchargement des données de la table `yaksh_course_requests`
--

INSERT INTO `yaksh_course_requests` (`id`, `course_id`, `user_id`) VALUES
(2, 16, 8);

-- --------------------------------------------------------

--
-- Structure de la table `yaksh_course_students`
--

CREATE TABLE `yaksh_course_students` (
  `id` int(11) NOT NULL,
  `course_id` int(11) NOT NULL,
  `user_id` int(11) NOT NULL
) ENGINE=InnoDB DEFAULT CHARSET=latin1;

--
-- Déchargement des données de la table `yaksh_course_students`
--

INSERT INTO `yaksh_course_students` (`id`, `course_id`, `user_id`) VALUES
(1, 1, 5),
(2, 2, 5),
(27, 2, 9),
(28, 2, 10),
(29, 2, 11),
(30, 2, 12),
(32, 2, 13),
(33, 2, 14),
(34, 2, 15),
(35, 2, 16),
(36, 2, 17),
(37, 2, 18),
(38, 2, 19),
(39, 2, 20),
(40, 2, 21),
(41, 2, 22),
(42, 2, 23),
(43, 2, 24),
(44, 2, 25),
(45, 2, 26),
(46, 2, 27),
(47, 2, 28),
(48, 2, 29),
(49, 2, 30),
(50, 2, 31),
(52, 2, 32),
(53, 2, 33),
(3, 3, 6),
(4, 4, 6),
(5, 5, 6),
(6, 6, 6),
(7, 7, 6),
(8, 8, 6),
(9, 9, 6),
(10, 10, 6),
(11, 11, 6),
(12, 12, 6),
(13, 13, 6),
(14, 14, 6),
(19, 15, 3),
(18, 15, 5),
(17, 15, 6),
(20, 15, 8),
(24, 16, 2),
(22, 16, 5),
(23, 17, 8),
(26, 18, 5),
(54, 19, 6);

-- --------------------------------------------------------

--
-- Structure de la table `yaksh_course_teachers`
--

CREATE TABLE `yaksh_course_teachers` (
  `id` int(11) NOT NULL,
  `course_id` int(11) NOT NULL,
  `user_id` int(11) NOT NULL
) ENGINE=InnoDB DEFAULT CHARSET=latin1;

--
-- Déchargement des données de la table `yaksh_course_teachers`
--

INSERT INTO `yaksh_course_teachers` (`id`, `course_id`, `user_id`) VALUES
(1, 2, 6),
(2, 16, 8);

-- --------------------------------------------------------

--
-- Structure de la table `yaksh_fileupload`
--

CREATE TABLE `yaksh_fileupload` (
  `id` int(11) NOT NULL,
  `file` varchar(100) NOT NULL,
  `extract` tinyint(1) NOT NULL,
  `hide` tinyint(1) NOT NULL,
  `question_id` int(11) NOT NULL
) ENGINE=InnoDB DEFAULT CHARSET=latin1;

-- --------------------------------------------------------

--
-- Structure de la table `yaksh_floattestcase`
--

CREATE TABLE `yaksh_floattestcase` (
  `testcase_ptr_id` int(11) NOT NULL,
  `correct` double NOT NULL,
  `error_margin` double DEFAULT NULL
) ENGINE=InnoDB DEFAULT CHARSET=latin1;

--
-- Déchargement des données de la table `yaksh_floattestcase`
--

INSERT INTO `yaksh_floattestcase` (`testcase_ptr_id`, `correct`, `error_margin`) VALUES
(13, 3.3, 0),
(41, 4.5, 0);

-- --------------------------------------------------------

--
-- Structure de la table `yaksh_forumbase`
--

CREATE TABLE `yaksh_forumbase` (
  `id` int(11) NOT NULL,
  `uid` char(32) NOT NULL,
  `description` longtext NOT NULL,
  `created_at` datetime(6) NOT NULL,
  `modified_at` datetime(6) NOT NULL,
  `image` varchar(100) DEFAULT NULL,
  `active` tinyint(1) NOT NULL,
  `creator_id` int(11) NOT NULL,
  `anonymous` tinyint(1) NOT NULL
) ENGINE=InnoDB DEFAULT CHARSET=latin1;

--
-- Déchargement des données de la table `yaksh_forumbase`
--

INSERT INTO `yaksh_forumbase` (`id`, `uid`, `description`, `created_at`, `modified_at`, `image`, `active`, `creator_id`, `anonymous`) VALUES
(1, 'd85d3892a8b84fc1b4637bdab148f10e', '<p>test</p>', '2021-07-16 12:26:19.285708', '2021-07-16 12:26:19.285757', 'post_d85d3892-a8b8-4fc1-b463-7bdab148f10e/5_calcul_rapide_serie_45_image5.jpg', 1, 2, 0),
(2, '89021958a97947238c2739166f4a224e', 'Discussion on Cours : Ensembles de nombres et intervalles lesson', '2021-07-21 18:46:30.124423', '2021-07-21 18:46:30.124479', '', 1, 5, 0),
(3, '0ca49cb77e2b4ef09fe57c40aac639b3', '<p>chapitre 1</p>', '2021-07-21 23:26:24.397537', '2021-07-21 23:26:24.397601', '', 1, 6, 0),
(4, '8690c79e67a44b06b9af64c7e6e6bc2c', 'Discussion on Demo Lesson lesson', '2021-07-22 04:27:31.389156', '2021-07-22 04:27:31.389204', '', 1, 6, 0),
(5, '5d8d2f0e82e344c49b22adadf9e70cf8', '<p>Bonjour est ce que vous pouvez mieux nous &eacute;difier sur le projet?&nbsp;</p>', '2021-07-23 13:37:19.600970', '2021-07-23 13:37:19.601046', '', 1, 8, 0),
(6, '52dfb7118bab48bc8032d6fac401327e', 'Discussion on ggggggg lesson', '2021-07-25 17:22:30.544817', '2021-07-25 17:22:30.544867', '', 1, 5, 0),
(7, '06235ed089564f8b9eb07df8f1aadcf0', 'Discussion on Méthodes :  Effectuer des calculs sans priorité lesson', '2021-07-25 18:02:04.638530', '2021-07-25 18:02:04.638579', '', 1, 5, 0),
(8, '6d1635130ac54c9db54af3738514bf83', 'Discussion on Méthodes : Effectuer des calculs avec des priorités (1) lesson', '2021-07-25 18:06:09.152643', '2021-07-25 18:06:09.152696', '', 1, 5, 0),
(9, '69b18e4b76e34c65819405de4e50e8b5', 'Discussion on cours : Configurations du plan lesson', '2021-09-29 13:26:52.406029', '2021-09-29 13:26:52.406105', '', 1, 9, 0),
(10, '51a9ca821de54f2b81cc10504f953816', 'Discussion on Les variables lesson', '2021-09-29 19:16:01.620675', '2021-09-29 19:16:01.620748', '', 1, 6, 0);

-- --------------------------------------------------------

--
-- Structure de la table `yaksh_hooktestcase`
--

CREATE TABLE `yaksh_hooktestcase` (
  `testcase_ptr_id` int(11) NOT NULL,
  `hook_code` longtext NOT NULL,
  `weight` double NOT NULL,
  `hidden` tinyint(1) NOT NULL
) ENGINE=InnoDB DEFAULT CHARSET=latin1;

--
-- Déchargement des données de la table `yaksh_hooktestcase`
--

INSERT INTO `yaksh_hooktestcase` (`testcase_ptr_id`, `hook_code`, `weight`, `hidden`) VALUES
(4, 'def check_answer(user_answer):\r\n   \'\'\' Evaluates user answer to return -\r\n   success - Boolean, indicating if code was executed correctly\r\n   mark_fraction - Float, indicating fraction of the\r\n                  weight to a test case\r\n   error - String, error message if success is false\r\n\r\n   In case of assignment upload there will be no user answer \'\'\'\r\n\r\n   success = False\r\n   err = \"Incorrect Answer\" # Please make this more specific\r\n   mark_fraction = 0.0\r\n\r\n   # write your code here\r\n\r\n   return success, err, mark_fraction', 1, 0),
(19, 'def check_answer(user_answer):\n    \'\'\' Evaluates user answer to return -\n    success - Boolean, indicating if code was executed correctly\n    mark_fraction - Float, indicating fraction of the\n                  weight to a test case\n    error - String, error message if success is false\n\n    In case of assignment upload there will be no user answer \'\'\'\n\n    success = False\n    err = \"You are using while in your code.\"\n    mark_fraction = 0.0\n\n    if not \'while\' in user_answer:\n        success=True\n        err = \"Correct Answer\"\n        mark_fraction = 1.0\n    return success, err, mark_fraction', 1, 0),
(21, 'def check_answer(user_answer):\n    \'\'\' Evaluates user answer to return -\n    success - Boolean, indicating if code was executed correctly\n    mark_fraction - Float, indicating fraction of the\n                  weight to a test case\n    error - String, error message if success is false\n\n    In case of assignment upload there will be no user answer \'\'\'\n\n    success = False\n    err = \"Incorrect Answer\" # Please make this more specific\n    mark_fraction = 0.0\n\n    try:\n        with open(\'new.txt\', \'r\') as f:\n            if \"Hello, World!\" in f.read():\n                success = True\n                err = \"Correct Answer\"\n                mark_fraction = 1.0\n            else:\n                err = \"Did not found string Hello, World! in file.\"\n    except IOError:\n        err = \"File new.txt not found.\"\n    return success, err, mark_fraction', 1, 0);

-- --------------------------------------------------------

--
-- Structure de la table `yaksh_integertestcase`
--

CREATE TABLE `yaksh_integertestcase` (
  `testcase_ptr_id` int(11) NOT NULL,
  `correct` int(11) NOT NULL
) ENGINE=InnoDB DEFAULT CHARSET=latin1;

--
-- Déchargement des données de la table `yaksh_integertestcase`
--

INSERT INTO `yaksh_integertestcase` (`testcase_ptr_id`, `correct`) VALUES
(5, 10),
(10, 3),
(11, -3),
(40, 19),
(43, 27),
(44, 22),
(45, 48);

-- --------------------------------------------------------

--
-- Structure de la table `yaksh_learningmodule`
--

CREATE TABLE `yaksh_learningmodule` (
  `id` int(11) NOT NULL,
  `name` varchar(255) NOT NULL,
  `description` longtext DEFAULT NULL,
  `order` int(11) NOT NULL,
  `check_prerequisite` tinyint(1) NOT NULL,
  `html_data` longtext DEFAULT NULL,
  `is_trial` tinyint(1) NOT NULL,
  `creator_id` int(11) NOT NULL,
  `active` tinyint(1) NOT NULL,
  `check_prerequisite_passes` tinyint(1) NOT NULL
) ENGINE=InnoDB DEFAULT CHARSET=latin1;

--
-- Déchargement des données de la table `yaksh_learningmodule`
--

INSERT INTO `yaksh_learningmodule` (`id`, `name`, `description`, `order`, `check_prerequisite`, `html_data`, `is_trial`, `creator_id`, `active`, `check_prerequisite_passes`) VALUES
(1, 'progression', 'Cinquième – Chapitre n°1 :  Priorités opératoires             Page  PAGE 3 /  NUMPAGES \\\\* ARABIC 3              LFTM    (Prof : CHAIEB)  2021/2022\r\n\r\n**Chapitre I : Priorités opératoires  [CALCULATRICE INTERDITE]** \r\n\r\n\r\n**Les objectifs :**\r\n\r\n**Savoir effectuer une succession d’opérations donnée dans le bon ordre, sur des calculs sans parenthèses puis avec des parenthèses.**\r\n\r\n**Exercice n°1**  \r\n\r\nCalculer **en détaillant les étapes** :\r\n\r\n*A =* 16  ?  5 ?  5  +  4  ?  5 = ……………………………………………………………………………………………………………………\r\n\r\n*B =* 5  ÷ 5  +  4   +  5 ÷  2   =……………………………………………………………………………………………………………………\r\n\r\n*C =* 4  +   2  ÷ 4  ×  5 ?  5  = ……………………………………………………………………………………………………………………\r\n\r\n*D =* 25  ÷ 5 ÷  2  ?   2  ×  0,5  =……………………………………………………………………………………………………………………\r\n\r\n\r\n**Exercice n°2 ( Introduction au cours )**\r\n\r\nVoici le calcul qui a été proposé aux 23 élèves d’une classe de 5e : 3 + 6 × 7. \r\n\r\nVoici les résultats obtenus :\r\n\r\n|Résultat|45|63|Autres|\r\n| :- | :- | :- | :- |\r\n|Nombre d\'élèves|11|10|….|\r\n1. Combien d\'élèves ont trouvé une autre réponse que 45 ou 63 ?\r\n   ………………………………………………………………………………………………………………………………………………………………………\r\n1. Essaie d’expliquer comment les élèves ont trouvé les résultats 45 et 63.\r\n   ………………………………………………………………………………………………………………………………………………………………………\r\n   …………………………………………………………………………………………………………………………………………………………………………\r\n1. En observant les quatre calculs ci-dessous, qui sont corrects, énonce la règle de priorité :\r\n\r\n15 – 2 × 3 = 9 		7 × 8 + 10 = 66		27 + 35 ÷ 5 = 34  	60 – 12 ÷ 4 = 57\r\n\r\nla règle de priorité : ……………………………………………………………………………………………………………………………………………………\r\n\r\n1. Calcule en détaillant  :\r\n\r\n*A* = 9 – 9 × 0,5         	*B* = 9 × 7 – 8 ÷ 4 	*A* = 9 – 9  : 0,5         	*B* = 9 + 7 x 8 - 4 \r\n…………………………		…………………………		…………………………		…………………………\r\n…………………………		…………………………		…………………………		…………………………\r\n\r\n1) **Propriété n°1 ; Priorité des opérations**\r\n\r\nDans une série de calculs sans parenthèses, on effectue en premier les …………………………. et les …………………………….., de gauche à droite, puis les …………………… et les …………………………., de gauche à droite.\r\n\r\n**Exemple n°1**\r\n\r\n*A*=………………………………………………….	*B* =………………………………………………….	*C* =…………………………………………………. *A*=………………………………………………….	*B* =………………………………………………….	*C* =………………………………………………….\r\n\r\n*A=………………………………………………….	B =………………………………………………….	C =…………………………………………………. A=………………………………………………….	B =………………………………………………….	C =………………………………………………….*\r\n\r\n**Exercice n°3 : Calculer en détaillant les étapes (comme dans le cours) :**\r\n\r\n*A* = 23 ? 7 × 2 + 8  = ……………………………………………………………………………………………………………………\r\n\r\n*B* = 13 × 7 ÷ 2 + 8  = ……………………………………………………………………………………………………………………\r\n\r\n*C* = 123 ? 7 × 2 × 8  = ……………………………………………………………………………………………………………………\r\n\r\n*D* = 23 + 7 × 2 + 8  = ……………………………………………………………………………………………………………………\r\n\r\n*E* = 7 × 5 + 8 ÷ 2 × 7 ? 6  = ……………………………………………………………………………………………………………………\r\n\r\n*F* = 8  ÷ 5 ?  5 ÷ 4   +  5  = ……………………………………………………………………………………………………………………\r\n\r\n\r\n**Exercice n°4 : Calculer en détaillant les étapes :**\r\n\r\n*E =* 9  ×   2  ×   2  ÷ 4   +  5 = ……………………………………………………………………………………………………………………\r\n\r\n*F =* 17  ÷  2   +   2  ?  4  ×   2   = ……………………………………………………………………………………………………………………\r\n\r\n*H =* 3   +   12  ?  5 ×   2  ?  5  = ……………………………………………………………………………………………………………………\r\n\r\n*G =* 14  ?  5 ?   2  ÷ 5  +   2    = ……………………………………………………………………………………………………………………\r\n\r\n**Exercice n°5 : Calculer en détaillant les étapes \r\n`			`(*Rappel : une fraction est le résultat d’une* division :3 /2 = 3÷2 = 1,5 ) :**\r\n\r\n*A =* 15 + \r\n\r\n*B* = 12,2 ? 2,2×5\r\n\r\n*C =*   ? 3,2\r\n\r\n*D* = 9,2 ? \r\n\r\n**Exercice n°6 : Calculer en détaillant les étapes :**\r\n\r\n*A* = EQ \\s\\do1(\\f(  ; *B* = EQ \\s\\do1(\\f( 30  ;  ; *C* =  \r\n\r\n**Exercice n°7 : Calculer, en détaillant les étapes de calculs :** \r\n\r\n*W*=[2+(9×3)]?8  = ……………………………………………………………………………………………………………………\r\n\r\n*X*=[(16?1)÷3]+7  = ……………………………………………………………………………………………………………………\r\n\r\n*Y*=[(8+6)×2]÷7  = ……………………………………………………………………………………………………………………\r\n\r\n**Exercice n°8 – INTRODUCTION AU COURS N°2 – INDISPENSABLE POUR COMPLETER LE COURS**\r\n\r\n1. Calculer, en détaillant : *A*=4×5+(5+3×2,1). Vous devez trouvez 31,3 (faites plusieurs essais en modifiant la façon de calculer si vous ne trouvez pas 31,3)\r\n   …………………………………………………………………………………………………………………………………………………………………………\r\n   …………………………………………………………………………………………………………………………………………………………………………\r\n1. Complétez : « Dans une expression comportant plusieurs calculs, on effectue d’abord les calculs ………………………………………………………………………………………………………………………………………………………………………. ».\r\n\r\n1) **Propriété n°2 : Règles de calculs avec des parenthèses**\r\n\r\nDans une expression comportant plusieurs calculs, on effectue d’abord :\r\n\r\n\\- les calculs e…………………….. p………………………………………. \r\n\r\nDans les parenthèses, les règles de priorité habituelles s’appliquent :\r\n\r\n- D’abord les ……………………………… et les ……………………………. de ………………… à …………………………..\r\n- Ensuite les ……………………………….. et les …………………………… de ………………….. à ………………………….\r\n\r\n\r\n|<p>**Exemple n°2**</p><p>*Calculer B*=5+(6+9,2×3+2÷4)?4×0,5.</p><p>*B=*……………………………………………….</p><p>*B=*……………………………………………….</p><p>*B=*……………………………………………….</p><p>*B=*……………………………………………….</p><p>*B=*……………………………………………….</p><p>*B=*……………………………………………….</p>|<p>**Exemple n°2**</p><p>*Calculer B*=5+(6+9,2×3+2÷4)?4×0,5.</p><p>*B=*……………………………………………….</p><p>*B=*……………………………………………….</p><p>*B=*……………………………………………….</p><p>*B=*……………………………………………….</p><p>*B=*……………………………………………….</p><p>*B=*……………………………………………….</p>|\r\n| :- | :- |\r\n\r\n**Exercice n°9 : Calcule en détaillant les étapes.**\r\n\r\n*T*=9÷[(9 ? 5) ? 1]  = ……………………………………………………………………………………………………………………\r\n\r\n*U*=17? [3+(7×2)]  = ……………………………………………………………………………………………………………………\r\n\r\n*V*=4×[(18+5) ? 2]  = ……………………………………………………………………………………………………………………\r\n\r\n**Exercice n°10 : Recopie chaque égalité en la complétant par les signes opératoires qui conviennent.**\r\n\r\n![](Aspose.Words.80cb44c3-33a2-4cbc-be15-c29533595a82.001.png)\r\n\r\n\r\n\r\n\r\n**Exercice n°11 :Place des parenthèses ou des crochets pour que les égalités ci-dessous soient vraies. Attention, ne mets pas de parenthèses ou de crochets inutiles !**\r\n\r\n1. 7 ? 5×7×5÷5=14  = ……………………………………………………………………………………………………………………\r\n1. 100×3+30÷3=1 100   = ……………………………………………………………………………………………………………………\r\n1. 3+9×8÷2=48  = ……………………………………………………………………………………………………………………\r\n1. 5×4,2-4×4=4   = ……………………………………………………………………………………………………………………\r\n\r\n**Résultats**\r\n\r\n**Ex.1** A=5 ; B=7,5 ; C=1,5 ; D=1,5 \r\n**Ex.2** **1.**2 **2.** × avant ou pas **4.**4,5 ; 61   \r\n**Ex.3** A=17 ; B=53,5 ; C=11 ; D=45 ; E=57 ; F=5,35 \r\n**Ex.4** E=14 ; F=2,5 ; G=10,6 ; H=0 \r\n**Ex.5** A=17 ; B=1,2 ; C=0,1 ; D=8,4 \r\n**Ex.6** A=1,5 ; B=6 ; C=6  \r\n**Ex.7** : W=21 ; X=12 ; Y=4\r\n**Ex.9 :** T=3 ; U=0 ; V= 84  \r\n**Ex.10** : **a.** × **b.** ÷ **c.** ? ; ? **d.** × ; × **e.** ÷ ; × **f.** ÷ ; × **g.** × ; + **h.** × \r\n**Ex.11** : **a.** (7-5)×7×5÷5=14 **b.** 100×(3+30)÷3=1100 **c.** (3+9)×8÷2=48 **d.** 5×((4,2-4)×4)=4\r\n\r\n\r\n\r\n\r\n\r\n\r\n\r\n**Liste des objectifs 5ème**\r\n\r\n| n° | Chapitres et Savoirs | Date |\r\n |\r\n |\r\n |\r\n |\r\n| --- | --- | --- | --- | --- | --- | --- |\r\n| **1** | **Transversal (i.e. testé tout au long de l&#39;année, validé ou non à la fin)** |\r\n |\r\n |\r\n |\r\n |\r\n |\r\n|\r\n | _savoir écrire une expression correspondant à une succession d&#39;opérations donnée oralement._ |\r\n |\r\n |\r\n |\r\n |\r\n |\r\n|\r\n | savoir donner une valeur décimale approchée par excès ou par défaut d&#39;un nombre décimal à l&#39;unité, au dixième ou au centième près. |\r\n |\r\n |\r\n |\r\n |\r\n |\r\n|\r\n | savoir multiplier par 0,1, 0,01, 0,001. |\r\n |\r\n |\r\n |\r\n |\r\n |\r\n|\r\n | savoir établir un ordre de grandeur d&#39;une différence. |\r\n |\r\n |\r\n |\r\n |\r\n |\r\n|\r\n | Savoir démontrer à une étape. |\r\n |\r\n |\r\n |\r\n |\r\n |\r\n|\r\n | Savoir additionner et soustraire des nombres relatifs. |\r\n |\r\n |\r\n |\r\n |\r\n |\r\n|\r\n | Savoir additionner, soustraire et multiplier des fractions. |\r\n |\r\n |\r\n |\r\n |\r\n |\r\n| **2** | **Priorités opératoires** |\r\n |\r\n |\r\n |\r\n |\r\n |\r\n|\r\n | savoir effectuer une succession d&#39;opérations donnée dans le bon ordre. Uniquement sur des calculs sans parenthèses. |\r\n |\r\n |\r\n |\r\n |\r\n |\r\n|\r\n | savoir effectuer une succession d&#39;opérations donnée dans le bon ordre. |\r\n |\r\n |\r\n |\r\n |\r\n |\r\n|\r\n |\r\n |\r\n |\r\n |\r\n |\r\n |\r\n |\r\n| **3** | **Distributivité** |\r\n |\r\n |\r\n |\r\n |\r\n |\r\n|\r\n | _sur des exemples numériques, utiliser la formule de distributivité dans les deux sens._ |\r\n |\r\n |\r\n |\r\n |\r\n |\r\n|\r\n | savoir reconnaître si un nombre entier positif est multiple ou diviseur d&#39;un autre nombre. |\r\n |\r\n |\r\n |\r\n |\r\n |\r\n|\r\n |\r\n |\r\n |\r\n |\r\n |\r\n |\r\n |\r\n| **4** | **Symétrie centrale** |\r\n |\r\n |\r\n |\r\n |\r\n |\r\n|\r\n | savoir construire le symétrique d&#39;un point, d&#39;un segment, d&#39;une droite ou d&#39;un cercle par rapport à un point. |\r\n |\r\n |\r\n |\r\n |\r\n |\r\n|\r\n | savoirconstruire ou compléter une figure symétrique d&#39;une figure donnée ou de figures possédant un centre de symétrie. |\r\n |\r\n |\r\n |\r\n |\r\n |\r\n|\r\n |\r\n |\r\n |\r\n |\r\n |\r\n |\r\n |\r\n| **5** | **Nombres relatifs : opposé, classement, distance** |\r\n |\r\n |\r\n |\r\n |\r\n |\r\n|\r\n | savoir donner l&#39;opposé d&#39;un nombre. |\r\n |\r\n |\r\n |\r\n |\r\n |\r\n|\r\n | savoir ranger des nombres relatifs courants en écriture décimale. |\r\n |\r\n |\r\n |\r\n |\r\n |\r\n|\r\n | _savoir déterminer la distance entre deux points d&#39;abscisses données._ |\r\n |\r\n |\r\n |\r\n |\r\n |\r\n|\r\n |\r\n |\r\n |\r\n |\r\n |\r\n |\r\n |\r\n| **6** | **Volumes : perspective cavalière** |\r\n |\r\n |\r\n |\r\n |\r\n |\r\n|\r\n | savoir dessiner à main levée une représentation en perspective cavalière d&#39;un prisme droit. |\r\n |\r\n |\r\n |\r\n |\r\n |\r\n|\r\n | savoir dessiner à main levée une représentation en perspective cavalière d&#39;un cylindre de révolution. |\r\n |\r\n |\r\n |\r\n |\r\n |\r\n|\r\n | savoir reconnaître dans une représentation en perspective cavalière d&#39;un prisme droit les arêtes de même longueur, les angles droits, les arêtes, les faces parallèles ou perpendiculaires. |\r\n |\r\n |\r\n |\r\n |\r\n |\r\n|\r\n |\r\n |\r\n |\r\n |\r\n |\r\n |\r\n |\r\n| **7** | **Proportionnalité : reconnaître et compléter un tableau de proportionnalité** |\r\n |\r\n |\r\n |\r\n |\r\n |\r\n|\r\n | savoir compléter un tableau de proportionnalité par différentes méthodes, en particulier à l&#39;aide d&#39;une quatrième proportionnelle |\r\n |\r\n |\r\n |\r\n |\r\n |\r\n|\r\n | savoir reconnaître si un tableau complet de nombres est une situation de proportionnalité ou de non proportionnalité. |\r\n |\r\n |\r\n |\r\n |\r\n |\r\n|\r\n |\r\n |\r\n |\r\n |\r\n |\r\n |\r\n |\r\n| **8** | **Axes de Symétrie** |\r\n |\r\n |\r\n |\r\n |\r\n |\r\n|\r\n | savoir quelle droite particulière est l&#39;axe de symétrie d&#39;un segment. |\r\n |\r\n |\r\n |\r\n |\r\n |\r\n|\r\n | savoir quelle droite particulière est l&#39;axe de symétrie d&#39;un angle. |\r\n |\r\n |\r\n |\r\n |\r\n |\r\n|\r\n |\r\n |\r\n |\r\n |\r\n |\r\n |\r\n |\r\n| **9** | **Représentation de données : abscisses et ordonnées – Partie I** |\r\n |\r\n |\r\n |\r\n |\r\n |\r\n|\r\n | savoir lire l&#39;abscisse (y compris fractionnaire) d&#39;un point et le placer sur une droite graduée. |\r\n |\r\n |\r\n |\r\n |\r\n |\r\n|\r\n | savoir lire les coordonnées d&#39;un point dans un repère orthogonal. |\r\n |\r\n |\r\n |\r\n |\r\n |\r\n|\r\n | savoir placer un point d&#39;abscisse et d&#39;ordonnée donnés. |\r\n |\r\n |\r\n |\r\n |\r\n |\r\n|\r\n | _savoir utiliser le vocabulaire « Origine », « Coordonnées », « Abscisses », « Ordonnées »._ |\r\n |\r\n |\r\n |\r\n |\r\n |\r\n|\r\n |\r\n |\r\n |\r\n |\r\n |\r\n |\r\n |\r\n| **10** | **Fractions : signification** |\r\n |\r\n |\r\n |\r\n |\r\n |\r\n|\r\n | savoir compléter une demi-droite graduée à l&#39;aide de quotients (placement exact ou approché) |\r\n |\r\n |\r\n |\r\n |\r\n |\r\n|\r\n | savoir calculer une valeur approchée décimale d&#39;une fraction donnée. |\r\n |\r\n |\r\n |\r\n |\r\n |\r\n|\r\n | savoir que a/b est le bième de a_._ |\r\n |\r\n |\r\n |\r\n |\r\n |\r\n|\r\n |\r\n |\r\n |\r\n |\r\n |\r\n |\r\n |\r\n| **1**** 1 **|** Parallélogramme** |\r\n |\r\n |\r\n |\r\n |\r\n |\r\n|\r\n | connaître et utiliser une définition et les propriétés relatives aux côtés, aux diagonales et aux angles du parallélogramme. |\r\n |\r\n |\r\n |\r\n |\r\n |\r\n|\r\n | savoir construire un parallélogramme en utilisant ses propriétés. |\r\n |\r\n |\r\n |\r\n |\r\n |\r\n|\r\n |\r\n |\r\n |\r\n |\r\n |\r\n |\r\n |\r\n| **1**** 2 **|** Proportionnalité : comparaison, pourcentage, fréquence** |\r\n |\r\n |\r\n |\r\n |\r\n |\r\n|\r\n | savoir comparer des proportions. |\r\n |\r\n |\r\n |\r\n |\r\n |\r\n|\r\n | savoir utiliser un pourcentage. |\r\n |\r\n |\r\n |\r\n |\r\n |\r\n|\r\n | savoir calculer un pourcentage. |\r\n |\r\n |\r\n |\r\n |\r\n |\r\n|\r\n | savoir utiliser l&#39;écriture fractionnaire comme expression d&#39;une proportion ou d&#39;une fréquence. |\r\n |\r\n |\r\n |\r\n |\r\n |\r\n|\r\n |\r\n |\r\n |\r\n |\r\n |\r\n |\r\n |\r\n| **1**** 3 **|** Angles et triangles : construction** |\r\n |\r\n |\r\n |\r\n |\r\n |\r\n|\r\n | savoir reproduire ou mesurer un angle à l&#39;aide d&#39;un gabarit, au rapporteur ou au compas. |\r\n |\r\n |\r\n |\r\n |\r\n |\r\n|\r\n | savoir construire un triangle connaissant la longueur d&#39;un côté et les mesures des deux angles qui lui sont adjacents. |\r\n |\r\n |\r\n |\r\n |\r\n |\r\n|\r\n | savoir construire un triangle connaissant les longueurs de deux côtés et la mesure de l&#39;angle compris entre ces deux côtés. |\r\n |\r\n |\r\n |\r\n |\r\n |\r\n|\r\n | avoir construire un triangle connaissant les longueurs des trois côtés. |\r\n |\r\n |\r\n |\r\n |\r\n |\r\n|\r\n |\r\n |\r\n |\r\n |\r\n |\r\n |\r\n |\r\n| **1**** 4 **|** Division** |\r\n |\r\n |\r\n |\r\n |\r\n |\r\n|\r\n | savoir ramener une division dont le diviseur est décimal à une division dont le diviseur est entier. |\r\n |\r\n |\r\n |\r\n |\r\n |\r\n|\r\n | savoir trouver le nombre qu&#39;il faut multiplier par _b_ pour obtenir _a_. |\r\n |\r\n |\r\n |\r\n |\r\n |\r\n|\r\n |\r\n |\r\n |\r\n |\r\n |\r\n |\r\n |\r\n| **1**** 5 **|** Angles et triangles : somme des angles dans un triangle** |\r\n |\r\n |\r\n |\r\n |\r\n |\r\n|\r\n | connaître les propriétés relatives aux angles des triangles rectangles, des triangles isocèles, et des triangles équilatéraux. |\r\n |\r\n |\r\n |\r\n |\r\n |\r\n|\r\n | connaître et utiliser la propriété sur la somme des angles dans un triangle. Savoir l&#39;appliquer aux cas particuliers d&#39;un triangle équilatéral, rectangle, ou isocèle. |\r\n |\r\n |\r\n |\r\n |\r\n |\r\n|\r\n |\r\n |\r\n |\r\n |\r\n |\r\n |\r\n |\r\n| **1**** 6 **|** Nombres relatifs : addition et soustraction** |\r\n |\r\n |\r\n |\r\n |\r\n |\r\n|\r\n | savoir additionner et soustraire des nombres relatifs. |\r\n |\r\n |\r\n |\r\n |\r\n |\r\n|\r\n | _Calculer, sur des exemples numériques, une expression dans laquelle interviennent uniquement les signes +, - et éventuellement des parenthèses._ |\r\n |\r\n |\r\n |\r\n |\r\n |\r\n|\r\n | _Écrire, sur des exemples numériques, en utilisant correctement des parenthèses, un programme de calcul portant sur des sommes ou des différences de nombres relatifs._ |\r\n |\r\n |\r\n |\r\n |\r\n |\r\n|\r\n | Scratch : |\r\n |\r\n |\r\n |\r\n |\r\n |\r\n| **1**** 7 **|** Angles et Triangles : inégalité triangulaire** |\r\n |\r\n |\r\n |\r\n |\r\n |\r\n|\r\n | Connaître et utiliser l&#39;inégalité triangulaire. |\r\n |\r\n |\r\n |\r\n |\r\n |\r\n|\r\n | _savoir caractériser l&#39;appartenance d&#39;un point au segment par le cas d&#39;égalité de l&#39;inégalité triangulaire._ |\r\n |\r\n |\r\n |\r\n |\r\n |\r\n|\r\n |\r\n |\r\n |\r\n |\r\n |\r\n |\r\n |\r\n| **1**** 8 **|** Représentation de données – Partie II** |\r\n |\r\n |\r\n |\r\n |\r\n |\r\n|\r\n | savoir lire et interpréter des informations à partir d&#39;un tableau ou d&#39;une représentation graphique (diagrammes divers, histogramme). |\r\n |\r\n |\r\n |\r\n |\r\n |\r\n|\r\n | savoir représenter des données sous la forme d&#39;un tableau ou d&#39;un diagramme ou d&#39;un histogramme. |\r\n |\r\n |\r\n |\r\n |\r\n |\r\n|\r\n | Tableur : |\r\n |\r\n |\r\n |\r\n |\r\n |\r\n| **1**** 9 **|** Statistiques** |\r\n |\r\n |\r\n |\r\n |\r\n |\r\n|\r\n | savoir calculer des effectifs. |\r\n |\r\n |\r\n |\r\n |\r\n |\r\n|\r\n | savoir regrouper des données en classes d&#39;égale amplitude. |\r\n |\r\n |\r\n |\r\n |\r\n |\r\n|\r\n | savoir calculer des fréquences. |\r\n |\r\n |\r\n |\r\n |\r\n |\r\n|\r\n | Tableur : |\r\n |\r\n |\r\n |\r\n |\r\n |\r\n| **20** | **Proportionnalité : applications** |\r\n |\r\n |\r\n |\r\n |\r\n |\r\n|\r\n | savoir calculer des durées et des horaires. |\r\n |\r\n |\r\n |\r\n |\r\n |\r\n|\r\n | _savoir calculer l&#39;échelle d&#39;une carte._ |\r\n |\r\n |\r\n |\r\n |\r\n |\r\n|\r\n | utiliser l&#39;échelle d&#39;une carte ou d&#39;un dessin pour calculer une distance ou une longueur. |\r\n |\r\n |\r\n |\r\n |\r\n |\r\n|\r\n |\r\n |\r\n |\r\n |\r\n |\r\n |\r\n |\r\n| **2**** 1 **|** Médiatrices, médianes, et hauteurs** |\r\n |\r\n |\r\n |\r\n |\r\n |\r\n|\r\n | savoir la définition de la médiatrice ainsi que la caractérisation de ses points. |\r\n |\r\n |\r\n |\r\n |\r\n |\r\n|\r\n | savoir construire la médiatrice d&#39;un segment. |\r\n |\r\n |\r\n |\r\n |\r\n |\r\n|\r\n | savoir construire le cercle circonscrit à un triangle. |\r\n |\r\n |\r\n |\r\n |\r\n |\r\n|\r\n | _connaître et utiliser la définition de la médiane et celle de la hauteur, savoir les construire._ |\r\n |\r\n |\r\n |\r\n |\r\n |\r\n|\r\n |\r\n |\r\n |\r\n |\r\n |\r\n |\r\n |\r\n| **2**** 2 **|** Fractions : simplifications** |\r\n |\r\n |\r\n |\r\n |\r\n |\r\n|\r\n | savoir trouver d&#39;autres fractions égales à la fraction . |\r\n |\r\n |\r\n |\r\n |\r\n |\r\n|\r\n | savoir utiliser sur des exemples numériques des égalités du type _=_ |\r\n |\r\n |\r\n |\r\n |\r\n |\r\n|\r\n |\r\n |\r\n |\r\n |\r\n |\r\n |\r\n |\r\n| **2**** 3 **|** Quadrilatères particuliers** |\r\n |\r\n |\r\n |\r\n |\r\n |\r\n|\r\n | connaître et utiliser les propriétés relatives aux côtés, aux diagonales et aux éléments de symétrie pour le losange, le rectangle et le carré. |\r\n |\r\n |\r\n |\r\n |\r\n |\r\n|\r\n |\r\n |\r\n |\r\n |\r\n |\r\n |\r\n |\r\n| **2**** 4 **|** Fractions : addition, soustraction, multiplication.** |\r\n |\r\n |\r\n |\r\n |\r\n |\r\n|\r\n | savoir additionner et soustraire deux fractions dans le cas où les dénominateurs sont les mêmes. |\r\n |\r\n |\r\n |\r\n |\r\n |\r\n|\r\n | savoir additionner et soustraire deux fractions dans le cas où les dénominateurs sont multiples l&#39;un de l&#39;autre. |\r\n |\r\n |\r\n |\r\n |\r\n |\r\n|\r\n | savoir multiplier deux fractions entre elles. |\r\n |\r\n |\r\n |\r\n |\r\n |\r\n|\r\n |\r\n |\r\n |\r\n |\r\n |\r\n |\r\n |\r\n| 25 | **Volumes : calculs** |\r\n |\r\n |\r\n |\r\n |\r\n |\r\n|\r\n | savoir calculer le volume d&#39;un parallélépipède rectangle. |\r\n |\r\n |\r\n |\r\n |\r\n |\r\n|\r\n | savoir effectuer pour les volumes des changements d&#39;unités de mesure. |\r\n |\r\n |\r\n |\r\n |\r\n |\r\n|\r\n |\r\n |\r\n |\r\n |\r\n |\r\n |\r\n |\r\n| **2**** 6 **|** Programmes de calcul : tests d&#39;égalités** |\r\n |\r\n |\r\n |\r\n |\r\n |\r\n|\r\n | savoir utiliser une formule pour calculer une valeur. |\r\n |\r\n |\r\n |\r\n |\r\n |\r\n|\r\n | sur des exemples littéraux, utiliser la formule de distributivité dans les deux sens. |\r\n |\r\n |\r\n |\r\n |\r\n |\r\n|\r\n | tester si une égalité comportant une ou plusieurs nombres indéterminées est vraie lorsqu&#39;on leur attribue des valeurs numériques. |\r\n |\r\n |\r\n |\r\n |\r\n |\r\n|\r\n |\r\n |\r\n |\r\n |\r\n |\r\n |\r\n |\r\n| **2**** 7 **|** Périmètres et aires** |\r\n |\r\n |\r\n |\r\n |\r\n |\r\n|\r\n | savoir calculer le périmètre d&#39;une figure. |\r\n |\r\n |\r\n |\r\n |\r\n |\r\n|\r\n | savoir calculer l&#39;aire d&#39;une figure par décomposition. |\r\n |\r\n |\r\n |\r\n |\r\n |\r\n|\r\n | Savoir calculer l&#39;aire d&#39;un triangle connaissant un côté et la hauteur associée. |\r\n |\r\n |\r\n |\r\n |\r\n |\r\n|\r\n | _savoir calculer l&#39;aire d&#39;un parallélogramme._ |\r\n |\r\n |\r\n |\r\n |\r\n |\r\n|\r\n |\r\n |\r\n |\r\n |\r\n |\r\n |\r\n |\r\n| **2**** 8 **|** Angles alternes internes** |\r\n |\r\n |\r\n |\r\n |\r\n |\r\n|\r\n | _connaître et utiliser le vocabulaire : angles opposés par le sommet, angles alternes internes, angles correspondants, angles supplémentaires._ |\r\n |\r\n |\r\n |\r\n |\r\n |\r\n|\r\n | _connaître et utiliser les propriétés relatives aux angles formés par deux parallèles et une sécante et leurs réciproques._ |\r\n |\r\n |\r\n |\r\n |\r\n |\r\n|\r\n |\r\n |\r\n |\r\n |\r\n |\r\n |\r\n |\r\n| **2**** 9 **|** Programmes de calcul : mise en formule** |\r\n |\r\n |\r\n |\r\n |\r\n |\r\n|\r\n | _savoir fabriquer une expression littérale liée à une situation donnée._ |\r\n |\r\n |\r\n |\r\n |\r\n |\r\n|\r\n |\r\n |\r\n |\r\n |\r\n |\r\n |\r\n |\r\n| **30** | **Volumes : patrons** |\r\n |\r\n |\r\n |\r\n |\r\n |\r\n|\r\n | _savoir fabriquer un prisme droit dont la base est un triangle ou un parallélogramme._ |\r\n |\r\n |\r\n |\r\n |\r\n |\r\n|\r\n | _savoir fabriquer un cylindre de révolution dont le rayon du cercle de base est donné._ |\r\n |\r\n |\r\n |\r\n |\r\n |\r\n|\r\n | _savoir calculer le volume d&#39;un prisme droit._ |\r\n |\r\n |\r\n |\r\n |\r\n |\r\n|\r\n | _savoir calculer le volume d&#39;un cylindre de révolution._ |\r\n |\r\n |\r\n |\r\n |\r\n |\r\n|\r\n |\r\n |\r\n |\r\n |\r\n |\r\n |\r\n |', 0, 0, '<p>Cinquième – Chapitre n°1 :  Priorités opératoires             Page  PAGE 3 /  NUMPAGES \\* ARABIC 3              LFTM    (Prof : CHAIEB)  2021/2022</p>\n<p><strong>Chapitre I : Priorités opératoires  [CALCULATRICE INTERDITE]</strong> </p>\n<p><strong>Les objectifs :</strong></p>\n<p><strong>Savoir effectuer une succession d’opérations donnée dans le bon ordre, sur des calculs sans parenthèses puis avec des parenthèses.</strong></p>\n<p><strong>Exercice n°1</strong>  </p>\n<p>Calculer <strong>en détaillant les étapes</strong> :</p>\n<p><em>A =</em> 16  ?  5 ?  5  +  4  ?  5 = ……………………………………………………………………………………………………………………</p>\n<p><em>B =</em> 5  ÷ 5  +  4   +  5 ÷  2   =……………………………………………………………………………………………………………………</p>\n<p><em>C =</em> 4  +   2  ÷ 4  ×  5 ?  5  = ……………………………………………………………………………………………………………………</p>\n<p><em>D =</em> 25  ÷ 5 ÷  2  ?   2  ×  0,5  =……………………………………………………………………………………………………………………</p>\n<p><strong>Exercice n°2 ( Introduction au cours )</strong></p>\n<p>Voici le calcul qui a été proposé aux 23 élèves d’une classe de 5e : 3 + 6 × 7. </p>\n<p>Voici les résultats obtenus :</p>\n<table>\n<thead>\n<tr>\n<th align=\"left\">Résultat</th>\n<th align=\"left\">45</th>\n<th align=\"left\">63</th>\n<th align=\"left\">Autres</th>\n</tr>\n</thead>\n<tbody>\n<tr>\n<td align=\"left\">Nombre d\'élèves</td>\n<td align=\"left\">11</td>\n<td align=\"left\">10</td>\n<td align=\"left\">….</td>\n</tr>\n<tr>\n<td align=\"left\">1. Combien d\'élèves ont trouvé une autre réponse que 45 ou 63 ?</td>\n<td align=\"left\"></td>\n<td align=\"left\"></td>\n<td align=\"left\"></td>\n</tr>\n<tr>\n<td align=\"left\">………………………………………………………………………………………………………………………………………………………………………</td>\n<td align=\"left\"></td>\n<td align=\"left\"></td>\n<td align=\"left\"></td>\n</tr>\n<tr>\n<td align=\"left\">1. Essaie d’expliquer comment les élèves ont trouvé les résultats 45 et 63.</td>\n<td align=\"left\"></td>\n<td align=\"left\"></td>\n<td align=\"left\"></td>\n</tr>\n<tr>\n<td align=\"left\">………………………………………………………………………………………………………………………………………………………………………</td>\n<td align=\"left\"></td>\n<td align=\"left\"></td>\n<td align=\"left\"></td>\n</tr>\n<tr>\n<td align=\"left\">…………………………………………………………………………………………………………………………………………………………………………</td>\n<td align=\"left\"></td>\n<td align=\"left\"></td>\n<td align=\"left\"></td>\n</tr>\n<tr>\n<td align=\"left\">1. En observant les quatre calculs ci-dessous, qui sont corrects, énonce la règle de priorité :</td>\n<td align=\"left\"></td>\n<td align=\"left\"></td>\n<td align=\"left\"></td>\n</tr>\n</tbody>\n</table>\n<p>15 – 2 × 3 = 9      7 × 8 + 10 = 66     27 + 35 ÷ 5 = 34    60 – 12 ÷ 4 = 57</p>\n<p>la règle de priorité : ……………………………………………………………………………………………………………………………………………………</p>\n<ol>\n<li>Calcule en détaillant  :</li>\n</ol>\n<p><em>A</em> = 9 – 9 × 0,5           <em>B</em> = 9 × 7 – 8 ÷ 4     <em>A</em> = 9 – 9  : 0,5          <em>B</em> = 9 + 7 x 8 - 4 \n…………………………      …………………………      …………………………      …………………………\n…………………………      …………………………      …………………………      …………………………</p>\n<p>1) <strong>Propriété n°1 ; Priorité des opérations</strong></p>\n<p>Dans une série de calculs sans parenthèses, on effectue en premier les …………………………. et les …………………………….., de gauche à droite, puis les …………………… et les …………………………., de gauche à droite.</p>\n<p><strong>Exemple n°1</strong></p>\n<p><em>A</em>=………………………………………………….    <em>B</em> =………………………………………………….   <em>C</em> =…………………………………………………. <em>A</em>=………………………………………………….  <em>B</em> =………………………………………………….   <em>C</em> =………………………………………………….</p>\n<p><em>A=…………………………………………………. B =…………………………………………………. C =…………………………………………………. A=………………………………………………….  B =…………………………………………………. C =………………………………………………….</em></p>\n<p><strong>Exercice n°3 : Calculer en détaillant les étapes (comme dans le cours) :</strong></p>\n<p><em>A</em> = 23 ? 7 × 2 + 8  = ……………………………………………………………………………………………………………………</p>\n<p><em>B</em> = 13 × 7 ÷ 2 + 8  = ……………………………………………………………………………………………………………………</p>\n<p><em>C</em> = 123 ? 7 × 2 × 8  = ……………………………………………………………………………………………………………………</p>\n<p><em>D</em> = 23 + 7 × 2 + 8  = ……………………………………………………………………………………………………………………</p>\n<p><em>E</em> = 7 × 5 + 8 ÷ 2 × 7 ? 6  = ……………………………………………………………………………………………………………………</p>\n<p><em>F</em> = 8  ÷ 5 ?  5 ÷ 4   +  5  = ……………………………………………………………………………………………………………………</p>\n<p><strong>Exercice n°4 : Calculer en détaillant les étapes :</strong></p>\n<p><em>E =</em> 9  ×   2  ×   2  ÷ 4   +  5 = ……………………………………………………………………………………………………………………</p>\n<p><em>F =</em> 17  ÷  2   +   2  ?  4  ×   2   = ……………………………………………………………………………………………………………………</p>\n<p><em>H =</em> 3   +   12  ?  5 ×   2  ?  5  = ……………………………………………………………………………………………………………………</p>\n<p><em>G =</em> 14  ?  5 ?   2  ÷ 5  +   2    = ……………………………………………………………………………………………………………………</p>\n<p><strong>Exercice n°5 : Calculer en détaillant les étapes \n<code></code>(<em>Rappel : une fraction est le résultat d’une</em> division :3 /2 = 3÷2 = 1,5 ) :</strong></p>\n<p><em>A =</em> 15 + </p>\n<p><em>B</em> = 12,2 ? 2,2×5</p>\n<p><em>C =</em>   ? 3,2</p>\n<p><em>D</em> = 9,2 ? </p>\n<p><strong>Exercice n°6 : Calculer en détaillant les étapes :</strong></p>\n<p><em>A</em> = EQ \\s\\do1(\\f(  ; <em>B</em> = EQ \\s\\do1(\\f( 30  ;  ; <em>C</em> =  </p>\n<p><strong>Exercice n°7 : Calculer, en détaillant les étapes de calculs :</strong> </p>\n<p><em>W</em>=[2+(9×3)]?8  = ……………………………………………………………………………………………………………………</p>\n<p><em>X</em>=[(16?1)÷3]+7  = ……………………………………………………………………………………………………………………</p>\n<p><em>Y</em>=[(8+6)×2]÷7  = ……………………………………………………………………………………………………………………</p>\n<p><strong>Exercice n°8 – INTRODUCTION AU COURS N°2 – INDISPENSABLE POUR COMPLETER LE COURS</strong></p>\n<ol>\n<li>Calculer, en détaillant : <em>A</em>=4×5+(5+3×2,1). Vous devez trouvez 31,3 (faites plusieurs essais en modifiant la façon de calculer si vous ne trouvez pas 31,3)\n   …………………………………………………………………………………………………………………………………………………………………………\n   …………………………………………………………………………………………………………………………………………………………………………</li>\n<li>Complétez : « Dans une expression comportant plusieurs calculs, on effectue d’abord les calculs ………………………………………………………………………………………………………………………………………………………………………. ».</li>\n</ol>\n<p>1) <strong>Propriété n°2 : Règles de calculs avec des parenthèses</strong></p>\n<p>Dans une expression comportant plusieurs calculs, on effectue d’abord :</p>\n<p>- les calculs e…………………….. p………………………………………. </p>\n<p>Dans les parenthèses, les règles de priorité habituelles s’appliquent :</p>\n<ul>\n<li>D’abord les ……………………………… et les ……………………………. de ………………… à …………………………..</li>\n<li>Ensuite les ……………………………….. et les …………………………… de ………………….. à ………………………….</li>\n</ul>\n<table>\n<thead>\n<tr>\n<th align=\"left\"><p><strong>Exemple n°2</strong></p><p><em>Calculer B</em>=5+(6+9,2×3+2÷4)?4×0,5.</p><p><em>B=</em>……………………………………………….</p><p><em>B=</em>……………………………………………….</p><p><em>B=</em>……………………………………………….</p><p><em>B=</em>……………………………………………….</p><p><em>B=</em>……………………………………………….</p><p><em>B=</em>……………………………………………….</p></th>\n<th align=\"left\"><p><strong>Exemple n°2</strong></p><p><em>Calculer B</em>=5+(6+9,2×3+2÷4)?4×0,5.</p><p><em>B=</em>……………………………………………….</p><p><em>B=</em>……………………………………………….</p><p><em>B=</em>……………………………………………….</p><p><em>B=</em>……………………………………………….</p><p><em>B=</em>……………………………………………….</p><p><em>B=</em>……………………………………………….</p></th>\n</tr>\n</thead>\n<tbody>\n<tr>\n<td></td>\n<td></td>\n</tr>\n</tbody>\n</table>\n<p><strong>Exercice n°9 : Calcule en détaillant les étapes.</strong></p>\n<p><em>T</em>=9÷[(9 ? 5) ? 1]  = ……………………………………………………………………………………………………………………</p>\n<p><em>U</em>=17? [3+(7×2)]  = ……………………………………………………………………………………………………………………</p>\n<p><em>V</em>=4×[(18+5) ? 2]  = ……………………………………………………………………………………………………………………</p>\n<p><strong>Exercice n°10 : Recopie chaque égalité en la complétant par les signes opératoires qui conviennent.</strong></p>\n<p><img alt=\"\" src=\"Aspose.Words.80cb44c3-33a2-4cbc-be15-c29533595a82.001.png\" /></p>\n<p><strong>Exercice n°11 :Place des parenthèses ou des crochets pour que les égalités ci-dessous soient vraies. Attention, ne mets pas de parenthèses ou de crochets inutiles !</strong></p>\n<ol>\n<li>7 ? 5×7×5÷5=14  = ……………………………………………………………………………………………………………………</li>\n<li>100×3+30÷3=1 100   = ……………………………………………………………………………………………………………………</li>\n<li>3+9×8÷2=48  = ……………………………………………………………………………………………………………………</li>\n<li>5×4,2-4×4=4   = ……………………………………………………………………………………………………………………</li>\n</ol>\n<p><strong>Résultats</strong></p>\n<p><strong>Ex.1</strong> A=5 ; B=7,5 ; C=1,5 ; D=1,5 \n<strong>Ex.2</strong> <strong>1.</strong>2 <strong>2.</strong> × avant ou pas <strong>4.</strong>4,5 ; 61 <br />\n<strong>Ex.3</strong> A=17 ; B=53,5 ; C=11 ; D=45 ; E=57 ; F=5,35 \n<strong>Ex.4</strong> E=14 ; F=2,5 ; G=10,6 ; H=0 \n<strong>Ex.5</strong> A=17 ; B=1,2 ; C=0,1 ; D=8,4 \n<strong>Ex.6</strong> A=1,5 ; B=6 ; C=6  \n<strong>Ex.7</strong> : W=21 ; X=12 ; Y=4\n<strong>Ex.9 :</strong> T=3 ; U=0 ; V= 84<br />\n<strong>Ex.10</strong> : <strong>a.</strong> × <strong>b.</strong> ÷ <strong>c.</strong> ? ; ? <strong>d.</strong> × ; × <strong>e.</strong> ÷ ; × <strong>f.</strong> ÷ ; × <strong>g.</strong> × ; + <strong>h.</strong> × \n<strong>Ex.11</strong> : <strong>a.</strong> (7-5)×7×5÷5=14 <strong>b.</strong> 100×(3+30)÷3=1100 <strong>c.</strong> (3+9)×8÷2=48 <strong>d.</strong> 5×((4,2-4)×4)=4</p>\n<p><strong>Liste des objectifs 5ème</strong></p>\n<p>| n° | Chapitres et Savoirs | Date |\n |\n |\n |\n |\n| --- | --- | --- | --- | --- | --- | --- |\n| <strong>1</strong> | <strong>Transversal (i.e. testé tout au long de l&#39;année, validé ou non à la fin)</strong> |\n |\n |\n |\n |\n |\n|\n | <em>savoir écrire une expression correspondant à une succession d&#39;opérations donnée oralement.</em> |\n |\n |\n |\n |\n |\n|\n | savoir donner une valeur décimale approchée par excès ou par défaut d&#39;un nombre décimal à l&#39;unité, au dixième ou au centième près. |\n |\n |\n |\n |\n |\n|\n | savoir multiplier par 0,1, 0,01, 0,001. |\n |\n |\n |\n |\n |\n|\n | savoir établir un ordre de grandeur d&#39;une différence. |\n |\n |\n |\n |\n |\n|\n | Savoir démontrer à une étape. |\n |\n |\n |\n |\n |\n|\n | Savoir additionner et soustraire des nombres relatifs. |\n |\n |\n |\n |\n |\n|\n | Savoir additionner, soustraire et multiplier des fractions. |\n |\n |\n |\n |\n |\n| <strong>2</strong> | <strong>Priorités opératoires</strong> |\n |\n |\n |\n |\n |\n|\n | savoir effectuer une succession d&#39;opérations donnée dans le bon ordre. Uniquement sur des calculs sans parenthèses. |\n |\n |\n |\n |\n |\n|\n | savoir effectuer une succession d&#39;opérations donnée dans le bon ordre. |\n |\n |\n |\n |\n |\n|\n |\n |\n |\n |\n |\n |\n |\n| <strong>3</strong> | <strong>Distributivité</strong> |\n |\n |\n |\n |\n |\n|\n | <em>sur des exemples numériques, utiliser la formule de distributivité dans les deux sens.</em> |\n |\n |\n |\n |\n |\n|\n | savoir reconnaître si un nombre entier positif est multiple ou diviseur d&#39;un autre nombre. |\n |\n |\n |\n |\n |\n|\n |\n |\n |\n |\n |\n |\n |\n| <strong>4</strong> | <strong>Symétrie centrale</strong> |\n |\n |\n |\n |\n |\n|\n | savoir construire le symétrique d&#39;un point, d&#39;un segment, d&#39;une droite ou d&#39;un cercle par rapport à un point. |\n |\n |\n |\n |\n |\n|\n | savoirconstruire ou compléter une figure symétrique d&#39;une figure donnée ou de figures possédant un centre de symétrie. |\n |\n |\n |\n |\n |\n|\n |\n |\n |\n |\n |\n |\n |\n| <strong>5</strong> | <strong>Nombres relatifs : opposé, classement, distance</strong> |\n |\n |\n |\n |\n |\n|\n | savoir donner l&#39;opposé d&#39;un nombre. |\n |\n |\n |\n |\n |\n|\n | savoir ranger des nombres relatifs courants en écriture décimale. |\n |\n |\n |\n |\n |\n|\n | <em>savoir déterminer la distance entre deux points d&#39;abscisses données.</em> |\n |\n |\n |\n |\n |\n|\n |\n |\n |\n |\n |\n |\n |\n| <strong>6</strong> | <strong>Volumes : perspective cavalière</strong> |\n |\n |\n |\n |\n |\n|\n | savoir dessiner à main levée une représentation en perspective cavalière d&#39;un prisme droit. |\n |\n |\n |\n |\n |\n|\n | savoir dessiner à main levée une représentation en perspective cavalière d&#39;un cylindre de révolution. |\n |\n |\n |\n |\n |\n|\n | savoir reconnaître dans une représentation en perspective cavalière d&#39;un prisme droit les arêtes de même longueur, les angles droits, les arêtes, les faces parallèles ou perpendiculaires. |\n |\n |\n |\n |\n |\n|\n |\n |\n |\n |\n |\n |\n |\n| <strong>7</strong> | <strong>Proportionnalité : reconnaître et compléter un tableau de proportionnalité</strong> |\n |\n |\n |\n |\n |\n|\n | savoir compléter un tableau de proportionnalité par différentes méthodes, en particulier à l&#39;aide d&#39;une quatrième proportionnelle |\n |\n |\n |\n |\n |\n|\n | savoir reconnaître si un tableau complet de nombres est une situation de proportionnalité ou de non proportionnalité. |\n |\n |\n |\n |\n |\n|\n |\n |\n |\n |\n |\n |\n |\n| <strong>8</strong> | <strong>Axes de Symétrie</strong> |\n |\n |\n |\n |\n |\n|\n | savoir quelle droite particulière est l&#39;axe de symétrie d&#39;un segment. |\n |\n |\n |\n |\n |\n|\n | savoir quelle droite particulière est l&#39;axe de symétrie d&#39;un angle. |\n |\n |\n |\n |\n |\n|\n |\n |\n |\n |\n |\n |\n |\n| <strong>9</strong> | <strong>Représentation de données : abscisses et ordonnées – Partie I</strong> |\n |\n |\n |\n |\n |\n|\n | savoir lire l&#39;abscisse (y compris fractionnaire) d&#39;un point et le placer sur une droite graduée. |\n |\n |\n |\n |\n |\n|\n | savoir lire les coordonnées d&#39;un point dans un repère orthogonal. |\n |\n |\n |\n |\n |\n|\n | savoir placer un point d&#39;abscisse et d&#39;ordonnée donnés. |\n |\n |\n |\n |\n |\n|\n | <em>savoir utiliser le vocabulaire « Origine », « Coordonnées », « Abscisses », « Ordonnées ».</em> |\n |\n |\n |\n |\n |\n|\n |\n |\n |\n |\n |\n |\n |\n| <strong>10</strong> | <strong>Fractions : signification</strong> |\n |\n |\n |\n |\n |\n|\n | savoir compléter une demi-droite graduée à l&#39;aide de quotients (placement exact ou approché) |\n |\n |\n |\n |\n |\n|\n | savoir calculer une valeur approchée décimale d&#39;une fraction donnée. |\n |\n |\n |\n |\n |\n|\n | savoir que a/b est le bième de a_.<em> |\n |\n |\n |\n |\n |\n|\n |\n |\n |\n |\n |\n |\n |\n| <strong>1<strong><em>* 1 </em>*|</strong> Parallélogramme</strong> |\n |\n |\n |\n |\n |\n|\n | connaître et utiliser une définition et les propriétés relatives aux côtés, aux diagonales et aux angles du parallélogramme. |\n |\n |\n |\n |\n |\n|\n | savoir construire un parallélogramme en utilisant ses propriétés. |\n |\n |\n |\n |\n |\n|\n |\n |\n |\n |\n |\n |\n |\n| <strong>1<strong><em>* 2 </em>*|</strong> Proportionnalité : comparaison, pourcentage, fréquence</strong> |\n |\n |\n |\n |\n |\n|\n | savoir comparer des proportions. |\n |\n |\n |\n |\n |\n|\n | savoir utiliser un pourcentage. |\n |\n |\n |\n |\n |\n|\n | savoir calculer un pourcentage. |\n |\n |\n |\n |\n |\n|\n | savoir utiliser l&#39;écriture fractionnaire comme expression d&#39;une proportion ou d&#39;une fréquence. |\n |\n |\n |\n |\n |\n|\n |\n |\n |\n |\n |\n |\n |\n| <strong>1<strong><em>* 3 </em>*|</strong> Angles et triangles : construction</strong> |\n |\n |\n |\n |\n |\n|\n | savoir reproduire ou mesurer un angle à l&#39;aide d&#39;un gabarit, au rapporteur ou au compas. |\n |\n |\n |\n |\n |\n|\n | savoir construire un triangle connaissant la longueur d&#39;un côté et les mesures des deux angles qui lui sont adjacents. |\n |\n |\n |\n |\n |\n|\n | savoir construire un triangle connaissant les longueurs de deux côtés et la mesure de l&#39;angle compris entre ces deux côtés. |\n |\n |\n |\n |\n |\n|\n | avoir construire un triangle connaissant les longueurs des trois côtés. |\n |\n |\n |\n |\n |\n|\n |\n |\n |\n |\n |\n |\n |\n| <strong>1<strong><em>* 4 </em>*|</strong> Division</strong> |\n |\n |\n |\n |\n |\n|\n | savoir ramener une division dont le diviseur est décimal à une division dont le diviseur est entier. |\n |\n |\n |\n |\n |\n|\n | savoir trouver le nombre qu&#39;il faut multiplier par _b</em> pour obtenir <em>a</em>. |\n |\n |\n |\n |\n |\n|\n |\n |\n |\n |\n |\n |\n |\n| <strong>1<strong><em>* 5 </em>*|</strong> Angles et triangles : somme des angles dans un triangle</strong> |\n |\n |\n |\n |\n |\n|\n | connaître les propriétés relatives aux angles des triangles rectangles, des triangles isocèles, et des triangles équilatéraux. |\n |\n |\n |\n |\n |\n|\n | connaître et utiliser la propriété sur la somme des angles dans un triangle. Savoir l&#39;appliquer aux cas particuliers d&#39;un triangle équilatéral, rectangle, ou isocèle. |\n |\n |\n |\n |\n |\n|\n |\n |\n |\n |\n |\n |\n |\n| <strong>1<strong><em>* 6 </em>*|</strong> Nombres relatifs : addition et soustraction</strong> |\n |\n |\n |\n |\n |\n|\n | savoir additionner et soustraire des nombres relatifs. |\n |\n |\n |\n |\n |\n|\n | <em>Calculer, sur des exemples numériques, une expression dans laquelle interviennent uniquement les signes +, - et éventuellement des parenthèses.</em> |\n |\n |\n |\n |\n |\n|\n | <em>Écrire, sur des exemples numériques, en utilisant correctement des parenthèses, un programme de calcul portant sur des sommes ou des différences de nombres relatifs.</em> |\n |\n |\n |\n |\n |\n|\n | Scratch : |\n |\n |\n |\n |\n |\n| <strong>1<strong><em>* 7 </em>*|</strong> Angles et Triangles : inégalité triangulaire</strong> |\n |\n |\n |\n |\n |\n|\n | Connaître et utiliser l&#39;inégalité triangulaire. |\n |\n |\n |\n |\n |\n|\n | <em>savoir caractériser l&#39;appartenance d&#39;un point au segment par le cas d&#39;égalité de l&#39;inégalité triangulaire.</em> |\n |\n |\n |\n |\n |\n|\n |\n |\n |\n |\n |\n |\n |\n| <strong>1<strong><em>* 8 </em>*|</strong> Représentation de données – Partie II</strong> |\n |\n |\n |\n |\n |\n|\n | savoir lire et interpréter des informations à partir d&#39;un tableau ou d&#39;une représentation graphique (diagrammes divers, histogramme). |\n |\n |\n |\n |\n |\n|\n | savoir représenter des données sous la forme d&#39;un tableau ou d&#39;un diagramme ou d&#39;un histogramme. |\n |\n |\n |\n |\n |\n|\n | Tableur : |\n |\n |\n |\n |\n |\n| <strong>1<strong><em>* 9 </em>*|</strong> Statistiques</strong> |\n |\n |\n |\n |\n |\n|\n | savoir calculer des effectifs. |\n |\n |\n |\n |\n |\n|\n | savoir regrouper des données en classes d&#39;égale amplitude. |\n |\n |\n |\n |\n |\n|\n | savoir calculer des fréquences. |\n |\n |\n |\n |\n |\n|\n | Tableur : |\n |\n |\n |\n |\n |\n| <strong>20</strong> | <strong>Proportionnalité : applications</strong> |\n |\n |\n |\n |\n |\n|\n | savoir calculer des durées et des horaires. |\n |\n |\n |\n |\n |\n|\n | <em>savoir calculer l&#39;échelle d&#39;une carte.</em> |\n |\n |\n |\n |\n |\n|\n | utiliser l&#39;échelle d&#39;une carte ou d&#39;un dessin pour calculer une distance ou une longueur. |\n |\n |\n |\n |\n |\n|\n |\n |\n |\n |\n |\n |\n |\n| <strong>2<strong><em>* 1 </em>*|</strong> Médiatrices, médianes, et hauteurs</strong> |\n |\n |\n |\n |\n |\n|\n | savoir la définition de la médiatrice ainsi que la caractérisation de ses points. |\n |\n |\n |\n |\n |\n|\n | savoir construire la médiatrice d&#39;un segment. |\n |\n |\n |\n |\n |\n|\n | savoir construire le cercle circonscrit à un triangle. |\n |\n |\n |\n |\n |\n|\n | <em>connaître et utiliser la définition de la médiane et celle de la hauteur, savoir les construire.</em> |\n |\n |\n |\n |\n |\n|\n |\n |\n |\n |\n |\n |\n |\n| <strong>2<strong><em>* 2 </em>*|</strong> Fractions : simplifications</strong> |\n |\n |\n |\n |\n |\n|\n | savoir trouver d&#39;autres fractions égales à la fraction . |\n |\n |\n |\n |\n |\n|\n | savoir utiliser sur des exemples numériques des égalités du type <em>=</em> |\n |\n |\n |\n |\n |\n|\n |\n |\n |\n |\n |\n |\n |\n| <strong>2<strong><em>* 3 </em>*|</strong> Quadrilatères particuliers</strong> |\n |\n |\n |\n |\n |\n|\n | connaître et utiliser les propriétés relatives aux côtés, aux diagonales et aux éléments de symétrie pour le losange, le rectangle et le carré. |\n |\n |\n |\n |\n |\n|\n |\n |\n |\n |\n |\n |\n |\n| <strong>2<strong><em>* 4 </em>*|</strong> Fractions : addition, soustraction, multiplication.</strong> |\n |\n |\n |\n |\n |\n|\n | savoir additionner et soustraire deux fractions dans le cas où les dénominateurs sont les mêmes. |\n |\n |\n |\n |\n |\n|\n | savoir additionner et soustraire deux fractions dans le cas où les dénominateurs sont multiples l&#39;un de l&#39;autre. |\n |\n |\n |\n |\n |\n|\n | savoir multiplier deux fractions entre elles. |\n |\n |\n |\n |\n |\n|\n |\n |\n |\n |\n |\n |\n |\n| 25 | <strong>Volumes : calculs</strong> |\n |\n |\n |\n |\n |\n|\n | savoir calculer le volume d&#39;un parallélépipède rectangle. |\n |\n |\n |\n |\n |\n|\n | savoir effectuer pour les volumes des changements d&#39;unités de mesure. |\n |\n |\n |\n |\n |\n|\n |\n |\n |\n |\n |\n |\n |\n| <strong>2<strong><em>* 6 </em>*|</strong> Programmes de calcul : tests d&#39;égalités</strong> |\n |\n |\n |\n |\n |\n|\n | savoir utiliser une formule pour calculer une valeur. |\n |\n |\n |\n |\n |\n|\n | sur des exemples littéraux, utiliser la formule de distributivité dans les deux sens. |\n |\n |\n |\n |\n |\n|\n | tester si une égalité comportant une ou plusieurs nombres indéterminées est vraie lorsqu&#39;on leur attribue des valeurs numériques. |\n |\n |\n |\n |\n |\n|\n |\n |\n |\n |\n |\n |\n |\n| <strong>2<strong><em>* 7 </em>*|</strong> Périmètres et aires</strong> |\n |\n |\n |\n |\n |\n|\n | savoir calculer le périmètre d&#39;une figure. |\n |\n |\n |\n |\n |\n|\n | savoir calculer l&#39;aire d&#39;une figure par décomposition. |\n |\n |\n |\n |\n |\n|\n | Savoir calculer l&#39;aire d&#39;un triangle connaissant un côté et la hauteur associée. |\n |\n |\n |\n |\n |\n|\n | <em>savoir calculer l&#39;aire d&#39;un parallélogramme.</em> |\n |\n |\n |\n |\n |\n|\n |\n |\n |\n |\n |\n |\n |\n| <strong>2<strong><em>* 8 </em>*|</strong> Angles alternes internes</strong> |\n |\n |\n |\n |\n |\n|\n | <em>connaître et utiliser le vocabulaire : angles opposés par le sommet, angles alternes internes, angles correspondants, angles supplémentaires.</em> |\n |\n |\n |\n |\n |\n|\n | <em>connaître et utiliser les propriétés relatives aux angles formés par deux parallèles et une sécante et leurs réciproques.</em> |\n |\n |\n |\n |\n |\n|\n |\n |\n |\n |\n |\n |\n |\n| <strong>2<strong><em>* 9 </em>*|</strong> Programmes de calcul : mise en formule</strong> |\n |\n |\n |\n |\n |\n|\n | <em>savoir fabriquer une expression littérale liée à une situation donnée.</em> |\n |\n |\n |\n |\n |\n|\n |\n |\n |\n |\n |\n |\n |\n| <strong>30</strong> | <strong>Volumes : patrons</strong> |\n |\n |\n |\n |\n |\n|\n | <em>savoir fabriquer un prisme droit dont la base est un triangle ou un parallélogramme.</em> |\n |\n |\n |\n |\n |\n|\n | <em>savoir fabriquer un cylindre de révolution dont le rayon du cercle de base est donné.</em> |\n |\n |\n |\n |\n |\n|\n | <em>savoir calculer le volume d&#39;un prisme droit.</em> |\n |\n |\n |\n |\n |\n|\n | <em>savoir calculer le volume d&#39;un cylindre de révolution.</em> |\n |\n |\n |\n |\n |\n|\n |\n |\n |\n |\n |\n |\n |</p>', 0, 2, 1, 0),
(2, 'Chapitre : Ensembles de nombres et intervalles', '**I Ensembles de nombres**\r\n--------------------------\r\n\r\nDepuis le début de la scolarité en mathématiques, différents types de nombres ont été manipulés sans forcément donner un nom aux ensembles utilisés.  \r\nVoici donc les différents ensembles de nombres à notre disposition :', 0, 0, '<h2><strong>I Ensembles de nombres</strong></h2>\n<p>Depuis le début de la scolarité en mathématiques, différents types de nombres ont été manipulés sans forcément donner un nom aux ensembles utilisés.<br />\nVoici donc les différents ensembles de nombres à notre disposition :</p>', 0, 6, 1, 0),
(3, 'Trial for trial_course', NULL, 1, 0, NULL, 1, 6, 1, 0),
(4, 'Trial for Trial_course_for_course_2_usermode', NULL, 1, 0, NULL, 1, 6, 1, 0),
(5, 'Trial for Trial_course_for_course_2_godmode', NULL, 1, 0, NULL, 1, 6, 1, 0),
(6, 'Trial for Trial_course_for_course_2_usermode', NULL, 1, 0, NULL, 1, 6, 1, 0),
(7, 'Trial for Trial_course_for_course_2_usermode', NULL, 1, 0, NULL, 1, 6, 1, 0),
(8, 'Demo Module', '<center>Demo Module</center>', 0, 0, '<center>Demo Module</center>', 0, 6, 1, 0),
(9, 'Chapitre 1: la démocratie.', '', 0, 0, '', 0, 8, 1, 0),
(10, 'Trial for trial_course', NULL, 1, 0, NULL, 1, 8, 1, 0),
(11, 'Module A', 'Module de test', 1, 0, '<p>Module de test</p>', 0, 2, 1, 0),
(12, 'ffdsfsf', 'fsdfdsfdsf', 1, 0, '<p>fsdfdsfdsf</p>', 0, 6, 1, 0),
(13, 'CALCUL NUMÉRIQUE', '', 0, 0, '', 0, 6, 1, 0),
(14, 'cours : Configurations du plan', '', 2, 0, '', 0, 6, 1, 0);
INSERT INTO `yaksh_learningmodule` (`id`, `name`, `description`, `order`, `check_prerequisite`, `html_data`, `is_trial`, `creator_id`, `active`, `check_prerequisite_passes`) VALUES
(15, 'Cours : Variables et opérations', 'Première partie : Les variables\r\n-------------------------------\r\n\r\nUne variable en informatique permet de garder en mémoire (le temps que le programme s\'exécute) des données comme par exemple le résultat d\'un calcul ou un mot, une liste ou bien d\'autres choses.  \r\nPour stocker en mémoire une valeur dans une variable, on utilise simplement le signe égal =.  \r\nPar exemple :\r\n\r\n    a=3\r\n    b=7\r\n    c=b+a+2\r\n    \r\n\r\nDans cet exemple, on a mis en mémoire 3 variables. Dans a, on a stocké la valeur 3, dans b la valeur 7 et dans c la valeur 12. Remarque importante : ce qui est stocké est le résultat du calcul et non le calcul. Ce qui veut dire que si on modifie la valeur de a, la variable c elle restera à 12.\r\n\r\nPour afficher la valeur d\'une variable, on utilise la fonction `print`. Appuyez sur le bouton Run pour voir l\'effet du code ci-dessous :\r\n\r\n1\r\n\r\n2\r\n\r\n3\r\n\r\n4\r\n\r\n5\r\n\r\na=3\r\n\r\nb=7\r\n\r\nc=b+a+2\r\n\r\nprint(c)\r\n\r\nEnter to Rename, Shift+Enter to Preview\r\n\r\nRun\r\n\r\nOn voit s\'afficher la valeur de c.\r\n\r\nPetite subtilité avec les variables : On peut utiliser une certaine variable a pour faire un calcul et stocker la réponse de nouveau dans a ce qui aura pour effet de faire disparaitre la première valeur de a. C\'est très pratique pour éviter d\'utiliser trop de variables différentes par exemple.\r\n\r\n1\r\n\r\n2\r\n\r\n3\r\n\r\n4\r\n\r\n5\r\n\r\n6\r\n\r\na=3\r\n\r\na=a+2\r\n\r\nprint(a)\r\n\r\na=a+a\r\n\r\nprint(a)\r\n\r\nEnter to Rename, Shift+Enter to Preview\r\n\r\nRun\r\n\r\nPetite explication des résultats affichés : Au début _a_ vaut 3, on lui ajoute 2 et on stocke dans _a_ donc maintenant _a_ vaut 5, ce qu\'on affiche en premier. Ensuite on calcule _a+a_ donc 5+5=10 qu\'on stocke de nouveau dans _a_, d\'où l\'affichage du 10 en deuxième.\r\n\r\nDeuxième partie : Les opérations sur les variables numériques\r\n-------------------------------------------------------------\r\n\r\nDans cette partie, nous allons voir les opérations de base que l\'on peut effectuer en python sur des nombres.\r\n\r\n*   Il y a bien sur les quatre opérations classiques +, -, \\*, / avec les priorités opératoires habituelles. Par exemple :\r\n    \r\n    1\r\n    \r\n    2\r\n    \r\n    3\r\n    \r\n    4\r\n    \r\n    5\r\n    \r\n    6\r\n    \r\n    7\r\n    \r\n    a=5\r\n    \r\n    b=3\r\n    \r\n    print(a+b)\r\n    \r\n    print(a-b)\r\n    \r\n    print(a\\*b)\r\n    \r\n    print(a/b)\r\n    \r\n    Enter to Rename, Shift+Enter to Preview\r\n    \r\n    Run\r\n    \r\n*   Les deux autres opérations qu\'on utilise couramment sont les puissances et la racine carrée.\r\n    \r\n    *   Pour les _**puissances**_, on double simplement la multiplication. Ainsi xnxnx^n s\'obtiendra en écrivant `x**n`.\r\n    *   Pour la _**racine carrée**_, on va simplement utiliser une propriété mathématique : ?x\\=x0.5x\\=x0.5\\\\sqrt x = x^{0.5}. Donc pour calculer la racine carrée d\'un nombre x, il suffit d\'écrire `x**0.5`.  \r\n        Voici quelques exemples. On a rajouté des commentaires à coté des instructions d\'affichage des calculs pour que ces instructions soient plus claires. Pour écrire un commentaire, il suffit de mettre un # devant. Tout ce qui suit le # ne sera pas executé par l\'ordinateur et ne sert donc qu\'à la personne qui lit le programme.\r\n    \r\n    1\r\n    \r\n    2\r\n    \r\n    3\r\n    \r\n    4\r\n    \r\n    5\r\n    \r\n    print(2\\*\\*3) # Affiche le résultat de 2 puissance 3\r\n    \r\n    print(3\\*\\*2) # Affiche le résultat de 3 puissance 2\r\n    \r\n    print(9\\*\\*0.5) # Affiche la racine carrée de 9\r\n    \r\n    print(2\\*\\*0.5) # Affiche la racine carrée de 2\r\n    \r\n    Enter to Rename, Shift+Enter to Preview\r\n    \r\n    Run\r\n    \r\n*   On peut aussi réaliser facilement des divisions euclidiennes (c\'est à dire les divisions posées comme au primaire).\r\n    \r\n    *   Pour obtenir le _**quotient**_ de la division de a par b, il suffit d\'écrire `a//b`.\r\n    *   Pour obtenir le _**reste**_ de la division de a par b, il suffit d\'écrire `a%b`.  \r\n        Remarque : La différence entre `a/b`et `a//b`est que le premier donne une valeur approchée décimale à 16 chiffres après la virgule alors que la deuxième nous donne l\'_**entier**_ q tel que 0 <= a-bq < b.  \r\n        Voici quelques exemples que vous pouvez modifier pour vérifier que vous avez bien compris.\r\n    \r\n    1\r\n    \r\n    2\r\n    \r\n    3\r\n    \r\n    4\r\n    \r\n    5\r\n    \r\n    a=17\r\n    \r\n    b=3\r\n    \r\n    print(a//b) # Affiche le quotient de la division euclidienne de a par b\r\n    \r\n    print(a%b) # Affiche le reste de la division euclidienne de a par b\r\n    \r\n    Enter to Rename, Shift+Enter to Preview\r\n    \r\n    Run\r\n    \r\n    Remarque : Même si ces opérations sont finalement assez peu utilisée en cours de mathématiques, elles le sont beaucoup plus en informatique, principalement le calcul du reste de la division euclidienne. Par exemple pour déterminer si un nombre est pair, il suffit de regarder si `x%2` vaut 0. En effet, un nombre est pair si et seulement si son reste par la division par 2 est nul. On l\'utilisera régulièrement dans les exercices.', 0, 0, '<h2>Première partie : Les variables</h2>\n<p>Une variable en informatique permet de garder en mémoire (le temps que le programme s\'exécute) des données comme par exemple le résultat d\'un calcul ou un mot, une liste ou bien d\'autres choses.<br />\nPour stocker en mémoire une valeur dans une variable, on utilise simplement le signe égal =.<br />\nPar exemple :</p>\n<pre><code>a=3\nb=7\nc=b+a+2\n</code></pre>\n<p>Dans cet exemple, on a mis en mémoire 3 variables. Dans a, on a stocké la valeur 3, dans b la valeur 7 et dans c la valeur 12. Remarque importante : ce qui est stocké est le résultat du calcul et non le calcul. Ce qui veut dire que si on modifie la valeur de a, la variable c elle restera à 12.</p>\n<p>Pour afficher la valeur d\'une variable, on utilise la fonction <code>print</code>. Appuyez sur le bouton Run pour voir l\'effet du code ci-dessous :</p>\n<p>1</p>\n<p>2</p>\n<p>3</p>\n<p>4</p>\n<p>5</p>\n<p>a=3</p>\n<p>b=7</p>\n<p>c=b+a+2</p>\n<p>print(c)</p>\n<p>Enter to Rename, Shift+Enter to Preview</p>\n<p>Run</p>\n<p>On voit s\'afficher la valeur de c.</p>\n<p>Petite subtilité avec les variables : On peut utiliser une certaine variable a pour faire un calcul et stocker la réponse de nouveau dans a ce qui aura pour effet de faire disparaitre la première valeur de a. C\'est très pratique pour éviter d\'utiliser trop de variables différentes par exemple.</p>\n<p>1</p>\n<p>2</p>\n<p>3</p>\n<p>4</p>\n<p>5</p>\n<p>6</p>\n<p>a=3</p>\n<p>a=a+2</p>\n<p>print(a)</p>\n<p>a=a+a</p>\n<p>print(a)</p>\n<p>Enter to Rename, Shift+Enter to Preview</p>\n<p>Run</p>\n<p>Petite explication des résultats affichés : Au début <em>a</em> vaut 3, on lui ajoute 2 et on stocke dans <em>a</em> donc maintenant <em>a</em> vaut 5, ce qu\'on affiche en premier. Ensuite on calcule <em>a+a</em> donc 5+5=10 qu\'on stocke de nouveau dans <em>a</em>, d\'où l\'affichage du 10 en deuxième.</p>\n<h2>Deuxième partie : Les opérations sur les variables numériques</h2>\n<p>Dans cette partie, nous allons voir les opérations de base que l\'on peut effectuer en python sur des nombres.</p>\n<ul>\n<li>\n<p>Il y a bien sur les quatre opérations classiques +, -, *, / avec les priorités opératoires habituelles. Par exemple :</p>\n<p>1</p>\n<p>2</p>\n<p>3</p>\n<p>4</p>\n<p>5</p>\n<p>6</p>\n<p>7</p>\n<p>a=5</p>\n<p>b=3</p>\n<p>print(a+b)</p>\n<p>print(a-b)</p>\n<p>print(a*b)</p>\n<p>print(a/b)</p>\n<p>Enter to Rename, Shift+Enter to Preview</p>\n<p>Run</p>\n</li>\n<li>\n<p>Les deux autres opérations qu\'on utilise couramment sont les puissances et la racine carrée.</p>\n<ul>\n<li>Pour les <em><strong>puissances</strong></em>, on double simplement la multiplication. Ainsi xnxnx^n s\'obtiendra en écrivant <code>x**n</code>.</li>\n<li>Pour la <em><strong>racine carrée</strong></em>, on va simplement utiliser une propriété mathématique : ?x\\=x0.5x\\=x0.5\\sqrt x = x^{0.5}. Donc pour calculer la racine carrée d\'un nombre x, il suffit d\'écrire <code>x**0.5</code>.<br />\n    Voici quelques exemples. On a rajouté des commentaires à coté des instructions d\'affichage des calculs pour que ces instructions soient plus claires. Pour écrire un commentaire, il suffit de mettre un # devant. Tout ce qui suit le # ne sera pas executé par l\'ordinateur et ne sert donc qu\'à la personne qui lit le programme.</li>\n</ul>\n<p>1</p>\n<p>2</p>\n<p>3</p>\n<p>4</p>\n<p>5</p>\n<p>print(2**3) # Affiche le résultat de 2 puissance 3</p>\n<p>print(3**2) # Affiche le résultat de 3 puissance 2</p>\n<p>print(9**0.5) # Affiche la racine carrée de 9</p>\n<p>print(2**0.5) # Affiche la racine carrée de 2</p>\n<p>Enter to Rename, Shift+Enter to Preview</p>\n<p>Run</p>\n</li>\n<li>\n<p>On peut aussi réaliser facilement des divisions euclidiennes (c\'est à dire les divisions posées comme au primaire).</p>\n<ul>\n<li>Pour obtenir le <em><strong>quotient</strong></em> de la division de a par b, il suffit d\'écrire <code>a//b</code>.</li>\n<li>Pour obtenir le <em><strong>reste</strong></em> de la division de a par b, il suffit d\'écrire <code>a%b</code>.<br />\n    Remarque : La différence entre <code>a/b</code>et <code>a//b</code>est que le premier donne une valeur approchée décimale à 16 chiffres après la virgule alors que la deuxième nous donne l\'<em><strong>entier</strong></em> q tel que 0 &lt;= a-bq &lt; b.<br />\n    Voici quelques exemples que vous pouvez modifier pour vérifier que vous avez bien compris.</li>\n</ul>\n<p>1</p>\n<p>2</p>\n<p>3</p>\n<p>4</p>\n<p>5</p>\n<p>a=17</p>\n<p>b=3</p>\n<p>print(a//b) # Affiche le quotient de la division euclidienne de a par b</p>\n<p>print(a%b) # Affiche le reste de la division euclidienne de a par b</p>\n<p>Enter to Rename, Shift+Enter to Preview</p>\n<p>Run</p>\n<p>Remarque : Même si ces opérations sont finalement assez peu utilisée en cours de mathématiques, elles le sont beaucoup plus en informatique, principalement le calcul du reste de la division euclidienne. Par exemple pour déterminer si un nombre est pair, il suffit de regarder si <code>x%2</code> vaut 0. En effet, un nombre est pair si et seulement si son reste par la division par 2 est nul. On l\'utilisera régulièrement dans les exercices.</p>\n</li>\n</ul>', 0, 6, 1, 0),
(16, 'Cours : Variables et opérations', 'Première partie : Les variables\r\n-------------------------------\r\n\r\nUne variable en informatique permet de garder en mémoire (le temps que le programme s\'exécute) des données comme par exemple le résultat d\'un calcul ou un mot, une liste ou bien d\'autres choses.  \r\nPour stocker en mémoire une valeur dans une variable, on utilise simplement le signe égal =.  \r\nPar exemple :\r\n\'\'\'python\r\n	 a=3\r\n    b=7\r\n    c=b+a+2\r\n\'\'\'    \r\n\r\nDans cet exemple, on a mis en mémoire 3 variables. Dans a, on a stocké la valeur 3, dans b la valeur 7 et dans c la valeur 12. Remarque importante : ce qui est stocké est le résultat du calcul et non le calcul. Ce qui veut dire que si on modifie la valeur de a, la variable c elle restera à 12.\r\n\r\nPour afficher la valeur d\'une variable, on utilise la fonction `print`. Appuyez sur le bouton Run pour voir l\'effet du code ci-dessous :\r\n\r\n1\r\n\r\n2\r\n\r\n3\r\n\r\n4\r\n\r\n5\r\n\r\na=3\r\n\r\nb=7\r\n\r\nc=b+a+2\r\n\r\nprint(c)\r\n\r\nEnter to Rename, Shift+Enter to Preview\r\n\r\nRun\r\n\r\nOn voit s\'afficher la valeur de c.\r\n\r\nPetite subtilité avec les variables : On peut utiliser une certaine variable a pour faire un calcul et stocker la réponse de nouveau dans a ce qui aura pour effet de faire disparaitre la première valeur de a. C\'est très pratique pour éviter d\'utiliser trop de variables différentes par exemple.\r\n\r\n1\r\n\r\n2\r\n\r\n3\r\n\r\n4\r\n\r\n5\r\n\r\n6\r\n\r\na=3\r\n\r\na=a+2\r\n\r\nprint(a)\r\n\r\na=a+a\r\n\r\nprint(a)\r\n\r\nEnter to Rename, Shift+Enter to Preview\r\n\r\nRun\r\n\r\nPetite explication des résultats affichés : Au début _a_ vaut 3, on lui ajoute 2 et on stocke dans _a_ donc maintenant _a_ vaut 5, ce qu\'on affiche en premier. Ensuite on calcule _a+a_ donc 5+5=10 qu\'on stocke de nouveau dans _a_, d\'où l\'affichage du 10 en deuxième.\r\n\r\nDeuxième partie : Les opérations sur les variables numériques\r\n-------------------------------------------------------------\r\n\r\nDans cette partie, nous allons voir les opérations de base que l\'on peut effectuer en python sur des nombres.\r\n\r\n*   Il y a bien sur les quatre opérations classiques +, -, \\*, / avec les priorités opératoires habituelles. Par exemple :\r\n    \r\n    1\r\n    \r\n    2\r\n    \r\n    3\r\n    \r\n    4\r\n    \r\n    5\r\n    \r\n    6\r\n    \r\n    7\r\n    \r\n    a=5\r\n    \r\n    b=3\r\n    \r\n    print(a+b)\r\n    \r\n    print(a-b)\r\n    \r\n    print(a\\*b)\r\n    \r\n    print(a/b)\r\n    \r\n    Enter to Rename, Shift+Enter to Preview\r\n    \r\n    Run\r\n    \r\n*   Les deux autres opérations qu\'on utilise couramment sont les puissances et la racine carrée.\r\n    \r\n    *   Pour les _**puissances**_, on double simplement la multiplication. Ainsi xnxnx^n s\'obtiendra en écrivant `x**n`.\r\n    *   Pour la _**racine carrée**_, on va simplement utiliser une propriété mathématique : ?x\\=x0.5x\\=x0.5\\\\sqrt x = x^{0.5}. Donc pour calculer la racine carrée d\'un nombre x, il suffit d\'écrire `x**0.5`.  \r\n        Voici quelques exemples. On a rajouté des commentaires à coté des instructions d\'affichage des calculs pour que ces instructions soient plus claires. Pour écrire un commentaire, il suffit de mettre un # devant. Tout ce qui suit le # ne sera pas executé par l\'ordinateur et ne sert donc qu\'à la personne qui lit le programme.\r\n    \r\n    1\r\n    \r\n    2\r\n    \r\n    3\r\n    \r\n    4\r\n    \r\n    5\r\n    \r\n    print(2\\*\\*3) # Affiche le résultat de 2 puissance 3\r\n    \r\n    print(3\\*\\*2) # Affiche le résultat de 3 puissance 2\r\n    \r\n    print(9\\*\\*0.5) # Affiche la racine carrée de 9\r\n    \r\n    print(2\\*\\*0.5) # Affiche la racine carrée de 2\r\n    \r\n    Enter to Rename, Shift+Enter to Preview\r\n    \r\n    Run\r\n    \r\n*   On peut aussi réaliser facilement des divisions euclidiennes (c\'est à dire les divisions posées comme au primaire).\r\n    \r\n    *   Pour obtenir le _**quotient**_ de la division de a par b, il suffit d\'écrire `a//b`.\r\n    *   Pour obtenir le _**reste**_ de la division de a par b, il suffit d\'écrire `a%b`.  \r\n        Remarque : La différence entre `a/b`et `a//b`est que le premier donne une valeur approchée décimale à 16 chiffres après la virgule alors que la deuxième nous donne l\'_**entier**_ q tel que 0 <= a-bq < b.  \r\n        Voici quelques exemples que vous pouvez modifier pour vérifier que vous avez bien compris.\r\n    \r\n    1\r\n    \r\n    2\r\n    \r\n    3\r\n    \r\n    4\r\n    \r\n    5\r\n    \r\n    a=17\r\n    \r\n    b=3\r\n    \r\n    print(a//b) # Affiche le quotient de la division euclidienne de a par b\r\n    \r\n    print(a%b) # Affiche le reste de la division euclidienne de a par b\r\n    \r\n    Enter to Rename, Shift+Enter to Preview\r\n    \r\n    Run\r\n    \r\n    Remarque : Même si ces opérations sont finalement assez peu utilisée en cours de mathématiques, elles le sont beaucoup plus en informatique, principalement le calcul du reste de la division euclidienne. Par exemple pour déterminer si un nombre est pair, il suffit de regarder si `x%2` vaut 0. En effet, un nombre est pair si et seulement si son reste par la division par 2 est nul. On l\'utilisera régulièrement dans les exercices.', 1, 0, '<h2>Première partie : Les variables</h2>\n<p>Une variable en informatique permet de garder en mémoire (le temps que le programme s\'exécute) des données comme par exemple le résultat d\'un calcul ou un mot, une liste ou bien d\'autres choses.<br />\nPour stocker en mémoire une valeur dans une variable, on utilise simplement le signe égal =.<br />\nPar exemple :\n\'\'\'python\n     a=3\n    b=7\n    c=b+a+2\n\'\'\'    </p>\n<p>Dans cet exemple, on a mis en mémoire 3 variables. Dans a, on a stocké la valeur 3, dans b la valeur 7 et dans c la valeur 12. Remarque importante : ce qui est stocké est le résultat du calcul et non le calcul. Ce qui veut dire que si on modifie la valeur de a, la variable c elle restera à 12.</p>\n<p>Pour afficher la valeur d\'une variable, on utilise la fonction <code>print</code>. Appuyez sur le bouton Run pour voir l\'effet du code ci-dessous :</p>\n<p>1</p>\n<p>2</p>\n<p>3</p>\n<p>4</p>\n<p>5</p>\n<p>a=3</p>\n<p>b=7</p>\n<p>c=b+a+2</p>\n<p>print(c)</p>\n<p>Enter to Rename, Shift+Enter to Preview</p>\n<p>Run</p>\n<p>On voit s\'afficher la valeur de c.</p>\n<p>Petite subtilité avec les variables : On peut utiliser une certaine variable a pour faire un calcul et stocker la réponse de nouveau dans a ce qui aura pour effet de faire disparaitre la première valeur de a. C\'est très pratique pour éviter d\'utiliser trop de variables différentes par exemple.</p>\n<p>1</p>\n<p>2</p>\n<p>3</p>\n<p>4</p>\n<p>5</p>\n<p>6</p>\n<p>a=3</p>\n<p>a=a+2</p>\n<p>print(a)</p>\n<p>a=a+a</p>\n<p>print(a)</p>\n<p>Enter to Rename, Shift+Enter to Preview</p>\n<p>Run</p>\n<p>Petite explication des résultats affichés : Au début <em>a</em> vaut 3, on lui ajoute 2 et on stocke dans <em>a</em> donc maintenant <em>a</em> vaut 5, ce qu\'on affiche en premier. Ensuite on calcule <em>a+a</em> donc 5+5=10 qu\'on stocke de nouveau dans <em>a</em>, d\'où l\'affichage du 10 en deuxième.</p>\n<h2>Deuxième partie : Les opérations sur les variables numériques</h2>\n<p>Dans cette partie, nous allons voir les opérations de base que l\'on peut effectuer en python sur des nombres.</p>\n<ul>\n<li>\n<p>Il y a bien sur les quatre opérations classiques +, -, *, / avec les priorités opératoires habituelles. Par exemple :</p>\n<p>1</p>\n<p>2</p>\n<p>3</p>\n<p>4</p>\n<p>5</p>\n<p>6</p>\n<p>7</p>\n<p>a=5</p>\n<p>b=3</p>\n<p>print(a+b)</p>\n<p>print(a-b)</p>\n<p>print(a*b)</p>\n<p>print(a/b)</p>\n<p>Enter to Rename, Shift+Enter to Preview</p>\n<p>Run</p>\n</li>\n<li>\n<p>Les deux autres opérations qu\'on utilise couramment sont les puissances et la racine carrée.</p>\n<ul>\n<li>Pour les <em><strong>puissances</strong></em>, on double simplement la multiplication. Ainsi xnxnx^n s\'obtiendra en écrivant <code>x**n</code>.</li>\n<li>Pour la <em><strong>racine carrée</strong></em>, on va simplement utiliser une propriété mathématique : ?x\\=x0.5x\\=x0.5\\sqrt x = x^{0.5}. Donc pour calculer la racine carrée d\'un nombre x, il suffit d\'écrire <code>x**0.5</code>.<br />\n    Voici quelques exemples. On a rajouté des commentaires à coté des instructions d\'affichage des calculs pour que ces instructions soient plus claires. Pour écrire un commentaire, il suffit de mettre un # devant. Tout ce qui suit le # ne sera pas executé par l\'ordinateur et ne sert donc qu\'à la personne qui lit le programme.</li>\n</ul>\n<p>1</p>\n<p>2</p>\n<p>3</p>\n<p>4</p>\n<p>5</p>\n<p>print(2**3) # Affiche le résultat de 2 puissance 3</p>\n<p>print(3**2) # Affiche le résultat de 3 puissance 2</p>\n<p>print(9**0.5) # Affiche la racine carrée de 9</p>\n<p>print(2**0.5) # Affiche la racine carrée de 2</p>\n<p>Enter to Rename, Shift+Enter to Preview</p>\n<p>Run</p>\n</li>\n<li>\n<p>On peut aussi réaliser facilement des divisions euclidiennes (c\'est à dire les divisions posées comme au primaire).</p>\n<ul>\n<li>Pour obtenir le <em><strong>quotient</strong></em> de la division de a par b, il suffit d\'écrire <code>a//b</code>.</li>\n<li>Pour obtenir le <em><strong>reste</strong></em> de la division de a par b, il suffit d\'écrire <code>a%b</code>.<br />\n    Remarque : La différence entre <code>a/b</code>et <code>a//b</code>est que le premier donne une valeur approchée décimale à 16 chiffres après la virgule alors que la deuxième nous donne l\'<em><strong>entier</strong></em> q tel que 0 &lt;= a-bq &lt; b.<br />\n    Voici quelques exemples que vous pouvez modifier pour vérifier que vous avez bien compris.</li>\n</ul>\n<p>1</p>\n<p>2</p>\n<p>3</p>\n<p>4</p>\n<p>5</p>\n<p>a=17</p>\n<p>b=3</p>\n<p>print(a//b) # Affiche le quotient de la division euclidienne de a par b</p>\n<p>print(a%b) # Affiche le reste de la division euclidienne de a par b</p>\n<p>Enter to Rename, Shift+Enter to Preview</p>\n<p>Run</p>\n<p>Remarque : Même si ces opérations sont finalement assez peu utilisée en cours de mathématiques, elles le sont beaucoup plus en informatique, principalement le calcul du reste de la division euclidienne. Par exemple pour déterminer si un nombre est pair, il suffit de regarder si <code>x%2</code> vaut 0. En effet, un nombre est pair si et seulement si son reste par la division par 2 est nul. On l\'utilisera régulièrement dans les exercices.</p>\n</li>\n</ul>', 0, 6, 1, 0),
(17, 'Cours : Variables et opérations', 'Première partie : Les variables\r\n-------------------------------\r\nUne variable en informatique permet de garder en mémoire (le temps que le programme s\'exécute) des données comme par exemple le résultat d\'un calcul ou un mot, une liste ou bien d\'autres choses.  \r\nPour stocker en mémoire une valeur dans une variable, on utilise simplement le signe égal =.  \r\nPar exemple :\r\n\'\'\' python\r\n	 a=3\r\n    b=7\r\n    c=b+a+2\r\n\'\'\'    \r\n\r\nDans cet exemple, on a mis en mémoire 3 variables. Dans a, on a stocké la valeur 3, dans b la valeur 7 et dans c la valeur 12. Remarque importante : ce qui est stocké est le résultat du calcul et non le calcul. Ce qui veut dire que si on modifie la valeur de a, la variable c elle restera à 12.\r\n\r\nPour afficher la valeur d\'une variable, on utilise la fonction `print`. Appuyez sur le bouton Run pour voir l\'effet du code ci-dessous :\r\n\r\n1\r\n\r\n2\r\n\r\n3\r\n\r\n4\r\n\r\n5\r\n\r\na=3\r\n\r\nb=7\r\n\r\nc=b+a+2\r\n\r\nprint(c)\r\n\r\nEnter to Rename, Shift+Enter to Preview\r\n\r\nRun\r\n\r\nOn voit s\'afficher la valeur de c.\r\n\r\nPetite subtilité avec les variables : On peut utiliser une certaine variable a pour faire un calcul et stocker la réponse de nouveau dans a ce qui aura pour effet de faire disparaitre la première valeur de a. C\'est très pratique pour éviter d\'utiliser trop de variables différentes par exemple.\r\n\r\n1\r\n\r\n2\r\n\r\n3\r\n\r\n4\r\n\r\n5\r\n\r\n6\r\n\r\na=3\r\n\r\na=a+2\r\n\r\nprint(a)\r\n\r\na=a+a\r\n\r\nprint(a)\r\n\r\nEnter to Rename, Shift+Enter to Preview\r\n\r\nRun\r\n\r\nPetite explication des résultats affichés : Au début _a_ vaut 3, on lui ajoute 2 et on stocke dans _a_ donc maintenant _a_ vaut 5, ce qu\'on affiche en premier. Ensuite on calcule _a+a_ donc 5+5=10 qu\'on stocke de nouveau dans _a_, d\'où l\'affichage du 10 en deuxième.\r\n\r\nDeuxième partie : Les opérations sur les variables numériques\r\n-------------------------------------------------------------\r\nDans cette partie, nous allons voir les opérations de base que l\'on peut effectuer en python sur des nombres.\r\n\r\n*   Il y a bien sur les quatre opérations classiques +, -, \\*, / avec les priorités opératoires habituelles. Par exemple :\r\n    \r\n    1\r\n    \r\n    2\r\n    \r\n    3\r\n    \r\n    4\r\n    \r\n    5\r\n    \r\n    6\r\n    \r\n    7\r\n    \r\n    a=5\r\n    \r\n    b=3\r\n    \r\n    print(a+b)\r\n    \r\n    print(a-b)\r\n    \r\n    print(a\\*b)\r\n    \r\n    print(a/b)\r\n    \r\n    Enter to Rename, Shift+Enter to Preview\r\n    \r\n    Run\r\n    \r\n*   Les deux autres opérations qu\'on utilise couramment sont les puissances et la racine carrée.\r\n    \r\n    *   Pour les _**puissances**_, on double simplement la multiplication. Ainsi xnxnx^n s\'obtiendra en écrivant `x**n`.\r\n    *   Pour la _**racine carrée**_, on va simplement utiliser une propriété mathématique : ?x\\=x0.5x\\=x0.5\\\\sqrt x = x^{0.5}. Donc pour calculer la racine carrée d\'un nombre x, il suffit d\'écrire `x**0.5`.  \r\n        Voici quelques exemples. On a rajouté des commentaires à coté des instructions d\'affichage des calculs pour que ces instructions soient plus claires. Pour écrire un commentaire, il suffit de mettre un # devant. Tout ce qui suit le # ne sera pas executé par l\'ordinateur et ne sert donc qu\'à la personne qui lit le programme.\r\n    \r\n    1\r\n    \r\n    2\r\n    \r\n    3\r\n    \r\n    4\r\n    \r\n    5\r\n    \r\n    print(2\\*\\*3) # Affiche le résultat de 2 puissance 3\r\n    \r\n    print(3\\*\\*2) # Affiche le résultat de 3 puissance 2\r\n    \r\n    print(9\\*\\*0.5) # Affiche la racine carrée de 9\r\n    \r\n    print(2\\*\\*0.5) # Affiche la racine carrée de 2\r\n    \r\n    Enter to Rename, Shift+Enter to Preview\r\n    \r\n    Run\r\n    \r\n*   On peut aussi réaliser facilement des divisions euclidiennes (c\'est à dire les divisions posées comme au primaire).\r\n    \r\n    *   Pour obtenir le _**quotient**_ de la division de a par b, il suffit d\'écrire `a//b`.\r\n    *   Pour obtenir le _**reste**_ de la division de a par b, il suffit d\'écrire `a%b`.  \r\n        Remarque : La différence entre `a/b`et `a//b`est que le premier donne une valeur approchée décimale à 16 chiffres après la virgule alors que la deuxième nous donne l\'_**entier**_ q tel que 0 <= a-bq < b.  \r\n        Voici quelques exemples que vous pouvez modifier pour vérifier que vous avez bien compris.\r\n    \r\n    1\r\n    \r\n    2\r\n    \r\n    3\r\n    \r\n    4\r\n    \r\n    5\r\n    \r\n    a=17\r\n    \r\n    b=3\r\n    \r\n    print(a//b) # Affiche le quotient de la division euclidienne de a par b\r\n    \r\n    print(a%b) # Affiche le reste de la division euclidienne de a par b\r\n    \r\n    Enter to Rename, Shift+Enter to Preview\r\n    \r\n    Run\r\n    \r\n    Remarque : Même si ces opérations sont finalement assez peu utilisée en cours de mathématiques, elles le sont beaucoup plus en informatique, principalement le calcul du reste de la division euclidienne. Par exemple pour déterminer si un nombre est pair, il suffit de regarder si `x%2` vaut 0. En effet, un nombre est pair si et seulement si son reste par la division par 2 est nul. On l\'utilisera régulièrement dans les exercices.', 2, 0, '<h2>Première partie : Les variables</h2>\n<p>Une variable en informatique permet de garder en mémoire (le temps que le programme s\'exécute) des données comme par exemple le résultat d\'un calcul ou un mot, une liste ou bien d\'autres choses.<br />\nPour stocker en mémoire une valeur dans une variable, on utilise simplement le signe égal =.<br />\nPar exemple :\n\'\'\' python\n     a=3\n    b=7\n    c=b+a+2\n\'\'\'    </p>\n<p>Dans cet exemple, on a mis en mémoire 3 variables. Dans a, on a stocké la valeur 3, dans b la valeur 7 et dans c la valeur 12. Remarque importante : ce qui est stocké est le résultat du calcul et non le calcul. Ce qui veut dire que si on modifie la valeur de a, la variable c elle restera à 12.</p>\n<p>Pour afficher la valeur d\'une variable, on utilise la fonction <code>print</code>. Appuyez sur le bouton Run pour voir l\'effet du code ci-dessous :</p>\n<p>1</p>\n<p>2</p>\n<p>3</p>\n<p>4</p>\n<p>5</p>\n<p>a=3</p>\n<p>b=7</p>\n<p>c=b+a+2</p>\n<p>print(c)</p>\n<p>Enter to Rename, Shift+Enter to Preview</p>\n<p>Run</p>\n<p>On voit s\'afficher la valeur de c.</p>\n<p>Petite subtilité avec les variables : On peut utiliser une certaine variable a pour faire un calcul et stocker la réponse de nouveau dans a ce qui aura pour effet de faire disparaitre la première valeur de a. C\'est très pratique pour éviter d\'utiliser trop de variables différentes par exemple.</p>\n<p>1</p>\n<p>2</p>\n<p>3</p>\n<p>4</p>\n<p>5</p>\n<p>6</p>\n<p>a=3</p>\n<p>a=a+2</p>\n<p>print(a)</p>\n<p>a=a+a</p>\n<p>print(a)</p>\n<p>Enter to Rename, Shift+Enter to Preview</p>\n<p>Run</p>\n<p>Petite explication des résultats affichés : Au début <em>a</em> vaut 3, on lui ajoute 2 et on stocke dans <em>a</em> donc maintenant <em>a</em> vaut 5, ce qu\'on affiche en premier. Ensuite on calcule <em>a+a</em> donc 5+5=10 qu\'on stocke de nouveau dans <em>a</em>, d\'où l\'affichage du 10 en deuxième.</p>\n<h2>Deuxième partie : Les opérations sur les variables numériques</h2>\n<p>Dans cette partie, nous allons voir les opérations de base que l\'on peut effectuer en python sur des nombres.</p>\n<ul>\n<li>\n<p>Il y a bien sur les quatre opérations classiques +, -, *, / avec les priorités opératoires habituelles. Par exemple :</p>\n<p>1</p>\n<p>2</p>\n<p>3</p>\n<p>4</p>\n<p>5</p>\n<p>6</p>\n<p>7</p>\n<p>a=5</p>\n<p>b=3</p>\n<p>print(a+b)</p>\n<p>print(a-b)</p>\n<p>print(a*b)</p>\n<p>print(a/b)</p>\n<p>Enter to Rename, Shift+Enter to Preview</p>\n<p>Run</p>\n</li>\n<li>\n<p>Les deux autres opérations qu\'on utilise couramment sont les puissances et la racine carrée.</p>\n<ul>\n<li>Pour les <em><strong>puissances</strong></em>, on double simplement la multiplication. Ainsi xnxnx^n s\'obtiendra en écrivant <code>x**n</code>.</li>\n<li>Pour la <em><strong>racine carrée</strong></em>, on va simplement utiliser une propriété mathématique : ?x\\=x0.5x\\=x0.5\\sqrt x = x^{0.5}. Donc pour calculer la racine carrée d\'un nombre x, il suffit d\'écrire <code>x**0.5</code>.<br />\n    Voici quelques exemples. On a rajouté des commentaires à coté des instructions d\'affichage des calculs pour que ces instructions soient plus claires. Pour écrire un commentaire, il suffit de mettre un # devant. Tout ce qui suit le # ne sera pas executé par l\'ordinateur et ne sert donc qu\'à la personne qui lit le programme.</li>\n</ul>\n<p>1</p>\n<p>2</p>\n<p>3</p>\n<p>4</p>\n<p>5</p>\n<p>print(2**3) # Affiche le résultat de 2 puissance 3</p>\n<p>print(3**2) # Affiche le résultat de 3 puissance 2</p>\n<p>print(9**0.5) # Affiche la racine carrée de 9</p>\n<p>print(2**0.5) # Affiche la racine carrée de 2</p>\n<p>Enter to Rename, Shift+Enter to Preview</p>\n<p>Run</p>\n</li>\n<li>\n<p>On peut aussi réaliser facilement des divisions euclidiennes (c\'est à dire les divisions posées comme au primaire).</p>\n<ul>\n<li>Pour obtenir le <em><strong>quotient</strong></em> de la division de a par b, il suffit d\'écrire <code>a//b</code>.</li>\n<li>Pour obtenir le <em><strong>reste</strong></em> de la division de a par b, il suffit d\'écrire <code>a%b</code>.<br />\n    Remarque : La différence entre <code>a/b</code>et <code>a//b</code>est que le premier donne une valeur approchée décimale à 16 chiffres après la virgule alors que la deuxième nous donne l\'<em><strong>entier</strong></em> q tel que 0 &lt;= a-bq &lt; b.<br />\n    Voici quelques exemples que vous pouvez modifier pour vérifier que vous avez bien compris.</li>\n</ul>\n<p>1</p>\n<p>2</p>\n<p>3</p>\n<p>4</p>\n<p>5</p>\n<p>a=17</p>\n<p>b=3</p>\n<p>print(a//b) # Affiche le quotient de la division euclidienne de a par b</p>\n<p>print(a%b) # Affiche le reste de la division euclidienne de a par b</p>\n<p>Enter to Rename, Shift+Enter to Preview</p>\n<p>Run</p>\n<p>Remarque : Même si ces opérations sont finalement assez peu utilisée en cours de mathématiques, elles le sont beaucoup plus en informatique, principalement le calcul du reste de la division euclidienne. Par exemple pour déterminer si un nombre est pair, il suffit de regarder si <code>x%2</code> vaut 0. En effet, un nombre est pair si et seulement si son reste par la division par 2 est nul. On l\'utilisera régulièrement dans les exercices.</p>\n</li>\n</ul>', 0, 6, 1, 0);

-- --------------------------------------------------------

--
-- Structure de la table `yaksh_learningmodule_learning_unit`
--

CREATE TABLE `yaksh_learningmodule_learning_unit` (
  `id` int(11) NOT NULL,
  `learningmodule_id` int(11) NOT NULL,
  `learningunit_id` int(11) NOT NULL
) ENGINE=InnoDB DEFAULT CHARSET=latin1;

--
-- Déchargement des données de la table `yaksh_learningmodule_learning_unit`
--

INSERT INTO `yaksh_learningmodule_learning_unit` (`id`, `learningmodule_id`, `learningunit_id`) VALUES
(1, 1, 1),
(2, 2, 2),
(3, 2, 3),
(18, 2, 18),
(4, 3, 4),
(5, 3, 5),
(6, 3, 6),
(7, 3, 7),
(8, 3, 8),
(9, 3, 9),
(10, 3, 10),
(11, 3, 11),
(12, 3, 12),
(13, 3, 13),
(14, 4, 14),
(15, 5, 15),
(16, 6, 16),
(17, 7, 17),
(19, 8, 19),
(20, 8, 20),
(21, 9, 21),
(22, 9, 22),
(23, 9, 23),
(24, 10, 24),
(25, 12, 25),
(26, 12, 26),
(27, 13, 27),
(28, 13, 28),
(29, 13, 29),
(30, 13, 30),
(31, 13, 31),
(32, 13, 32),
(33, 13, 33),
(34, 14, 34),
(35, 15, 35);

-- --------------------------------------------------------

--
-- Structure de la table `yaksh_learningunit`
--

CREATE TABLE `yaksh_learningunit` (
  `id` int(11) NOT NULL,
  `order` int(11) NOT NULL,
  `type` varchar(16) NOT NULL,
  `check_prerequisite` tinyint(1) NOT NULL,
  `lesson_id` int(11) DEFAULT NULL,
  `quiz_id` int(11) DEFAULT NULL
) ENGINE=InnoDB DEFAULT CHARSET=latin1;

--
-- Déchargement des données de la table `yaksh_learningunit`
--

INSERT INTO `yaksh_learningunit` (`id`, `order`, `type`, `check_prerequisite`, `lesson_id`, `quiz_id`) VALUES
(1, 1, 'quiz', 0, NULL, 1),
(2, 1, 'lesson', 0, 1, NULL),
(3, 2, 'quiz', 0, NULL, 2),
(4, 1, 'quiz', 0, NULL, 3),
(5, 1, 'quiz', 0, NULL, 4),
(6, 1, 'quiz', 0, NULL, 5),
(7, 1, 'quiz', 0, NULL, 6),
(8, 1, 'quiz', 0, NULL, 7),
(9, 1, 'quiz', 0, NULL, 8),
(10, 1, 'quiz', 0, NULL, 9),
(11, 1, 'quiz', 0, NULL, 10),
(12, 1, 'quiz', 0, NULL, 11),
(13, 1, 'quiz', 0, NULL, 12),
(14, 1, 'quiz', 0, NULL, 13),
(15, 1, 'quiz', 0, NULL, 14),
(16, 1, 'quiz', 0, NULL, 13),
(17, 1, 'quiz', 0, NULL, 13),
(18, 3, 'quiz', 0, NULL, 15),
(19, 1, 'quiz', 0, NULL, 16),
(20, 2, 'lesson', 0, 2, NULL),
(21, 1, 'quiz', 0, NULL, 17),
(22, 2, 'quiz', 0, NULL, 18),
(23, 3, 'quiz', 0, NULL, 19),
(24, 1, 'quiz', 0, NULL, 20),
(25, 1, 'lesson', 0, 3, NULL),
(26, 2, 'quiz', 0, NULL, 21),
(27, 1, 'lesson', 0, 4, NULL),
(28, 2, 'lesson', 0, 5, NULL),
(29, 3, 'lesson', 0, 6, NULL),
(30, 4, 'lesson', 0, 7, NULL),
(31, 5, 'lesson', 0, 8, NULL),
(32, 6, 'lesson', 0, 9, NULL),
(33, 7, 'lesson', 0, 10, NULL),
(34, 1, 'lesson', 0, 11, NULL),
(35, 1, 'lesson', 0, 12, NULL);

-- --------------------------------------------------------

--
-- Structure de la table `yaksh_lesson`
--

CREATE TABLE `yaksh_lesson` (
  `id` int(11) NOT NULL,
  `name` varchar(255) NOT NULL,
  `description` longtext NOT NULL,
  `html_data` longtext DEFAULT NULL,
  `creator_id` int(11) NOT NULL,
  `active` tinyint(1) NOT NULL,
  `video_file` varchar(255) DEFAULT NULL,
  `video_path` varchar(255) DEFAULT NULL
) ENGINE=InnoDB DEFAULT CHARSET=latin1;

--
-- Déchargement des données de la table `yaksh_lesson`
--

INSERT INTO `yaksh_lesson` (`id`, `name`, `description`, `html_data`, `creator_id`, `active`, `video_file`, `video_path`) VALUES
(1, 'Cours : Ensembles de nombres et intervalles', '# My Table of content - [Section 1](#id-section1) - [Section 2](#id-section2) \r\n ## Section 1 \r\n ## Section 2 \r\n\r\n**I Ensembles de nombres**\r\n--------------------------\r\n\r\nDepuis le début de la scolarité en mathématiques, différents types de nombres ont été manipulés sans forcément donner un nom aux ensembles utilisés.  \r\nVoici donc les différents ensembles de nombres à notre disposition :\r\n\r\n*   **Les entiers naturels**  \r\n    Il contient tous les nombres entiers positifs ou nuls : $0, 1, 2, \\\\ldots, 300, \\\\ldots$  \r\n    Cet ensemble contient une infinité de valeurs. On le note $\\\\N$.  \r\n    $\\\\quad$\r\n*   **Les entiers relatifs**  \r\n    Cet ensemble contient tous les entiers naturels ainsi que leurs opposés. C’est donc l’ensemble des entiers négatifs, positifs ou nuls : $\\\\ldots, -4, -3, -2, -1, 0, 1, 2, 3, 4, \\\\ldots$  \r\n    On le note $\\\\Z$.  \r\n    $\\\\quad$\r\n*   **Les nombres décimaux**  \r\n    Ce sont tous les nombres qui peuvent s’écrire comme le quotient d’un entier relatif et d’une puissance de $10$.  \r\n    Par exemple : $-2=\\\\dfrac{-2}{1}$ ; $13=\\\\dfrac{13}{1}$ ; $-12,7=\\\\dfrac{-127}{10}$ ; $0,003=\\\\dfrac{3}{1~000}$ sont des nombres décimaux.  \r\n    On note cet ensemble $\\mathbb{D} $.  \r\n    $\\\\quad$\r\n*   **Les nombres rationnels**  \r\n    Cet ensemble contient tous les nombres pouvant s’écrire comme le quotient de deux entiers relatifs avec un dénominateur non nul.  \r\n    Il contient donc tous les nombres décimaux.  \r\n    Par exemple : $-\\\\dfrac{5}{7}$ ; $-12=\\\\dfrac{-12}{1}$ ; $3=\\\\dfrac{3}{1}$ ; $\\\\dfrac{135}{17}$ sont des nombres rationnels.  \r\n    Cet ensemble est noté $  \\mathbb{Q}$.\r\n\r\n$\\\\quad$\r\n\r\n**Définition 1**  \r\nOn considère une droite graduée munie d’une origine $O$.  \r\nL’ensemble des abscisses des points de cette droite est appelé **l’ensemble des nombres réels**.  \r\nOn le note $\\\\R$.  \r\n\r\n$\\\\quad$\r\n\r\n[![](https://www.annales2maths.com/wp-content/uploads/2019/08/2nd-cours-ensembles-de-nombres-et-intervalles-fig-1.png)](https://www.annales2maths.com/wp-content/uploads/2019/08/2nd-cours-ensembles-de-nombres-et-intervalles-fig-1.png)\r\n\r\n**Remarques :**\r\n\r\n*   Les nombres $\\\\sqrt{2}$ et $\\\\pi$ ne sont ni entiers, ni décimaux ni rationnels.\r\n*   On dit qu’un nombre est **irrationnel** s’il n’est pas rationnel.\r\n\r\n$\\\\quad$\r\n\r\n**Propriété 1**  \r\nL’ensemble des entiers naturels est inclus dans celui des entiers relatifs, lui-même inclus dans l’ensemble des nombres décimaux qui est contenu dans l’ensemble des nombres rationnels qui est inclus dans l’ensemble des nombres réels. On note : $$  \\mathbb{N} \\\\subset  \\mathbb{D} \\\\subset  \\mathbb{Z} \\\\subset  \\mathbb{Q} \\\\subset   \\mathbb{R} $$\r\n\r\n[![](https://www.annales2maths.com/wp-content/uploads/2019/08/2nd-cours-ensembles-de-nombres-et-intervalles-fig-2.png)](https://www.annales2maths.com/wp-content/uploads/2019/08/2nd-cours-ensembles-de-nombres-et-intervalles-fig-2.png)\r\n\r\n$\\\\quad$\r\n\r\n**Propriété 2**\r\n\r\nLe nombre $\\\\dfrac{1}{3}$ n’est pas un nombre décimal.\r\n\r\n$\\\\quad$\r\n\r\nPreuve Propriété 2\r\n\r\nPour montrer cette propriété, nous allons raisonner par l’absurde, c’est-à-dire supposer une propriété vraie et montrer qu’on obtient une contradiction.\r\n\r\nSupposons que $\\\\dfrac{1}{3}\\\\in \\\\D$. Il existe donc un entier relatif $a$ et un entier naturel $n$ tels que $\\\\dfrac{1}{3}=\\\\dfrac{a}{10^{n}}$.  \r\nCela signifie donc, en utilisant les produits en croix, que $10^{n}=3a$.  \r\n$3a$ est un multiple de $3$. Par conséquent $10^n=3a$ est également un multiple de $3$.  \r\nDonc $3$ divise $10$ ce qui est absurde puisque les seuls diviseurs positifs de $10$ sont $1$, $2$, $5$ et $10$.\r\n\r\nCela signifie par conséquent que $\\\\dfrac{1}{3}$ n’est pas un nombre décimal.\r\n\r\n\\[collapse\\]\r\n\r\n$\\\\quad$\r\n\r\n(adsbygoogle = window.adsbygoogle || \\[\\]).push({});\r\n\r\n$\\\\quad$\r\n\r\n[Exercices sur les ensembles de nombres](https://www.annales2maths.com/2nd-exercices-corriges-ensembles-de-nombres/)\r\n\r\n$\\\\quad$\r\n\r\n**II Intervalles**\r\n------------------\r\n\r\n**Définition 2  \r\n**On considère deux nombres réels $a$ et $b$ tels que $a < b$.  \r\nOn appelle **intervalle ouvert** $\\\\boldsymbol{\\]a;b\\[}$ l’ensemble des réels $x$ tels que $a < x < b$.  \r\nOn appelle **intervalle fermé** $\\\\boldsymbol{\\[a;b\\]}$ l’ensemble des réels $x$ tels que $a \\\\pp x \\\\pp b$.\r\n\r\n$\\\\quad$\r\n\r\n**Exemples :**\r\n\r\n*   $\\]1;2\\[$ est l’ensemble des nombres réels compris entre $1$ et $2$, tous les deux exclus.\r\n*   $\\[-2;7\\]$ est l’ensemble des nombres réels compris entre $-2$ et $7$, tous les deux inclus.\r\n\r\n$\\\\quad$\r\n\r\n**Remarques :**\r\n\r\n*   On peut ouvrir un intervalle d’un côté et le fermer de l’autre. Ainsi :  \r\n    $\\\\quad$ $\\[a;b\\[$ est l’ensemble des réels $x$ tels que $a \\\\pp x < b$  \r\n    $\\\\quad$ $\\]a;b\\]$ est l’ensemble des réels $x$ tels que $a < x \\\\pp b$\r\n*   La borne gauche d’un intervalle est toujours inférieure à sa borne droite.\r\n\r\n$\\\\quad$\r\n\r\n**Exemple :** $\\[-2;5\\[$ est l’ensemble des nombres réels compris entre $-2$ inclus et $5$ exclu.\r\n\r\n$\\\\quad$\r\n\r\nOn veut pouvoir définir sous la forme d’intervalle des inégalités de la forme $2 \\\\pp x$ ou $x < 3$. Pour cela on va utiliser les symboles $+\\\\infty$, qui se lit « plus l’infini », et $-\\\\infty$, qui se lit « moins l’infini ».\r\n\r\n**Définition 3  \r\n**Soit $a$ un nombre réel.  \r\n$\\\\quad$ $\\]-\\\\infty;a\\[$ est l’ensemble des réels $x$ vérifiant $x<a$.  \r\n$\\\\quad$ $\\]-\\\\infty;a\\]$ est l’ensemble des réels $x$ vérifiant $x\\\\pp a$.  \r\n$\\\\quad$ $\\]a;+\\\\infty\\[$ est l’ensemble des réels $x$ vérifiant $a<x$.  \r\n$\\\\quad$ $\\[a;+\\\\infty\\[$ est l’ensemble des réels $x$ vérifiant $a \\\\pp x$.\r\n\r\n$\\\\quad$\r\n\r\n**Remarque 1:** L’intervalle est toujours ouvert du côté des symboles $\\\\pm \\\\infty$.\r\n\r\n**Exemples :**\r\n\r\n*   l’intervalle $\\]-\\\\infty;8\\]$ est l’ensemble des nombres inférieurs ou égaux à $8$;\r\n*   l’intervalle $\\[3;+\\\\infty\\[$ est l’ensemble des nombres supérieurs ou égaux à $3$;\r\n\r\n**Remarque 2:** On a les notations suivantes :\r\n\r\n*   $\\\\R = \\]-\\\\infty;+\\\\infty\\[$\r\n*   $\\\\R^\\* = \\]-\\\\infty;0\\[ \\\\cup \\]0;+\\\\infty\\[ = \\\\R \\\\setminus\\\\lbrace 0\\\\rbrace$ (où $\\\\cup$ signifie « union »)\r\n*   $\\\\R\\_+ = \\[0;+\\\\infty\\[$\r\n*   $\\\\R\\_-=\\]-\\\\infty;0\\]$\r\n\r\nVoici des exemples illustrant les différents cas de figure qu’on peut rencontrer :\r\n\r\n[![](https://www.annales2maths.com/wp-content/uploads/2019/08/2nd-cours-intervalles-exemples.png)](https://www.annales2maths.com/wp-content/uploads/2019/08/2nd-cours-intervalles-exemples.png)\r\n\r\n**Définition 4**  \r\nOn considère deux intervalles $I$ et $J$.\r\n\r\n*   $I\\\\cup J$ (on lit « $I$ union $J$ ») est l’ensemble des nombres qui appartiennent à l’intervalle $I$ ou à l’intervalle $J$ (éventuellement aux deux).\r\n*   $I\\\\cap J$ (on lit « $I$ inter $J$ ») est l’ensemble des nombres qui appartiennent à la fois à l’intervalle $I$ et à l’intervalle $J$.\r\n\r\n$\\\\quad$\r\n\r\n**Exemples :**\r\n\r\n*   $\\[-2;6\\]\\\\cup\\[3;8\\] = \\[-2;8\\]$;\r\n*   $\\[-2;6\\]\\\\cap\\[3;8\\] = \\[3;6\\]$;\r\n*   $\\[-4;1\\]\\\\cap\\[2;3\\] = \\\\emptyset$ : les deux intervalles n’ont aucun nombres en commun.\r\n\r\n**Propriété 3**  \r\nOn considère deux réels $a$ et $b$.\r\n\r\n*   $a<b$ est équivalent à $a-b<0$\r\n*   $a>b$ est équivalent à $a-b>0$\r\n\r\n$\\\\quad$\r\n\r\n**Remarque :** On peut écrire les mêmes inégalités en utilisant les symboles $\\\\pp$ et $\\\\pg$.\r\n\r\nAinsi si on veut déterminer lequel des deux nombres $a$ et $b$ est le plus grand on peut étudier le signe de $a-b$.\r\n\r\n**Définition 5**  \r\nEncadrer un nombre $x$ revient à déterminer deux réels $a$ et $b$ tels que $a\\\\pp x\\\\pp b$.  \r\nLe nombre $b-a$ est appelé **l’amplitude** de cet encadrement.\r\n\r\n$\\\\quad$\r\n\r\n**Exemple :** $1,41 \\\\pp \\\\sqrt{2} \\\\pp 1,42$. L’amplitude de cet encadrement de $\\\\sqrt{2}$ est $1,42-1,41=0,01$.\r\n\r\n**Définition 6**  \r\nOn considère un entier naturel $n$ et nombre réel $x$.  \r\nFournir un encadrement à $10^{-n}$ près du nombre $x$ consiste à donner un encadrement d’amplitude $10^{-n}$ contenant le réel $x$.\r\n\r\n$\\\\quad$\r\n\r\n**Exemple :** $3,141 \\\\pp \\\\pi \\\\pp 3,142$ est un encadrement à $10^{-3}$ près de $\\\\pi$.\r\n\r\n$\\\\quad$\r\n\r\n[Exercices sur les intervalles](https://www.annales2maths.com/2nd-exercices-corriges-intervalles/)\r\n\r\n[Exercices sur les encadrements](https://www.annales2maths.com/2nd-exercices-corriges-encadrements/)\r\n\r\n$\\\\quad$\r\n\r\n**III Valeur absolue d’un nombre réel**\r\n---------------------------------------\r\n\r\n**Définition 7**  \r\nOn considère deux points $A$ et $B$ d’une droite graduée dont les abscisses respectives sont $a$ et $b$ avec $a<b$.  \r\nOn appelle distance entre les deux points $A$ et $B$ le nombre $b-a$.\r\n\r\n$\\\\quad$\r\n\r\n**Exemple :[![](https://www.annales2maths.com/wp-content/uploads/2019/08/2nd-cours-ensembles-de-nombres-et-intervalles-fig-4.png)](https://www.annales2maths.com/wp-content/uploads/2019/08/2nd-cours-ensembles-de-nombres-et-intervalles-fig-4.png)  \r\n**La distance entre les points $A$ et $B$ est égale à $3-(-2)=5$.\r\n\r\n**Définition 8**  \r\nOn considère un point $A$ d’abscisse $a$ d’une droite graduée d’origine $O$. On appelle **valeur absolue** de $a$, notée $|a|$ , la distance entre les points $A$ et $O$.\r\n\r\n$\\\\quad$\r\n\r\n**Propriété 4**  \r\nOn considère un nombre réel $x$. On a alors $|x|=\\\\begin{cases}\\\\phantom{-}x &\\\\text{ si } x\\\\pg 0\\\\\\\\-x&\\\\text{ si } x<0\\\\end{cases}$.\r\n\r\n$\\\\quad$\r\n\r\n**Exemples :** $|2,5|=2,5-0=2,5$ ; $|-3,2|=0-(-3,2)=3,2$.\r\n\r\n**Propriété 5**  \r\nOn considère un nombre réel $a$ positif ou nul.\r\n\r\n*   L’ensemble des nombres réels $x$ vérifiant $|x|=a$ est $\\\\left\\\\{ -a;a\\\\right\\\\}$;\r\n*   L’ensemble des nombres réels $x$ vérifiant $|x|<a$ est $\\]-a;a\\[$;\r\n*   L’ensemble des nombres réels $x$ vérifiant $|x|\\\\pp a$ est $\\[-a;a\\]$;\r\n*   L’ensemble des nombres réels $x$ vérifiant $|x|>a$ est $\\]-\\\\infty;-a\\[~\\\\cup~ \\]a;+\\\\infty\\[$;\r\n*   L’ensemble des nombres réels $x$ vérifiant $|x|\\\\pg a$ est $\\]-\\\\infty;-a\\]\\\\cup \\[a;+\\\\infty\\[$.\r\n\r\n$\\\\quad$\r\n\r\n**Exemples :**\r\n\r\n*   L’ensemble des nombres réels vérifiant $|x|=1$ est $\\\\left\\\\{-1;1\\\\right\\\\}$;\r\n*   L’ensemble des nombres réels vérifiant $|x|<2$ est $\\]-2;2\\[$;\r\n*   L’ensemble des nombres réels vérifiant $|x|\\\\pg 5$ est $\\]-\\\\infty;-5\\]\\\\cup\\[5;+\\\\infty\\[$.\r\n\r\n**Propriété 6**  \r\nOn considère deux nombres $A$ et $B$ d’une droite graduée d’abscisses respectives $a$ et $B$.  \r\nOn a alors $AB=|a-b|$.\r\n\r\n$\\\\quad$\r\n\r\nPreuve Propriété 6\r\n\r\n*   Si $a\\\\pg b$ alors $AB=a-b$.  \r\n    Puisque $a\\\\pg b$, cela signifie que $a-b\\\\pg 0$ donc $|a-b|=a-b=AB$.\r\n*   Si $a\\\\pp b$ alors $AB=b-a$.  \r\n    Puisque $a\\\\pp b$, cela signifie que $a-b\\\\pp 0$ donc $|a-b|=-(a-b)=b-a=AB$.\r\n\r\n\\[collapse\\]\r\n\r\n$\\\\quad$\r\n\r\n**Exemple :** La distance entre le point $A$ d’abscisse $-4$ et le point $B$ d’abscisse $5$ est $|-4-5|=9$.\r\n\r\n**Propriété 7**  \r\nOn considère un nombre réel $a$ et un nombre réel strictement positif $r$.  \r\nOn a alors $x\\\\in \\[a-r;a+r\\] \\\\ssi |x-a| \\\\pp r$.\r\n\r\n[![](https://www.annales2maths.com/wp-content/uploads/2019/08/2nd-cours-ensembles-de-nombres-et-intervalles-fig-5.png)](https://www.annales2maths.com/wp-content/uploads/2019/08/2nd-cours-ensembles-de-nombres-et-intervalles-fig-5.png)\r\n\r\n$\\\\quad$\r\n\r\n**Exemple :** On considère l’intervalle $I=\\[6;9\\]$. Le centre de l’intervalle est donc $a=\\\\dfrac{6+9}{2}=7,5$.  \r\nAinsi $r=9-7,5=1,5$.  \r\nPar conséquent $x\\\\in \\[6;9\\] \\\\ssi |x-7,5|\\\\pp 1,5$\r\n\r\n$\\\\quad$\r\n\r\n[Exercices sur la valeur absolue](https://www.annales2maths.com/2nd-exercices-corriges-valeur-absolue/)\r\n\r\n$\\\\quad$\r\n\r\n**IV Notations**\r\n----------------\r\n\r\nOn utilise parfois, seulement dans un contexte mathématique et donc jamais au sein d’une phrase, quelques symboles dits mathématiques :\r\n\r\n*   $\\\\in$, qui se lit « appartient à » et $\\\\notin$ qui se lit « n’appartient pas à ».  \r\n    On peut écrire $x\\\\in \\[2;3\\]$ ou $A\\\\in (AB)$ et $-3\\\\notin \\[1;2\\]$  \r\n    $\\\\quad$\r\n*   $\\\\forall$ qui se lit « pour tout » ou « quel que soit ».  \r\n    On peut écrire $\\\\forall x\\\\in \\[2;3\\]$ pour dire « pour tout réel $x$ de l’intervalle $\\[2;3\\]$ ».  \r\n    $\\\\quad$\r\n*   $\\\\ssi$ qui se lit « si, et seulement si » ou « est équivalent à ».  \r\n    Ce symbole se place par exemple entre deux équations : $x-2=3 \\\\ssi x=5$.  \r\n    Attention à ne pas confondre les symboles $\\\\ssi$ et $=$ .\r\n\r\n$\\\\quad$\r\n\r\n**V Quelques points d’histoire**\r\n--------------------------------\r\n\r\nLe nombre $\\\\sqrt{2}$ était probablement connu des babyloniens (entre, environ, $-2~000$ et $-1~600$ avant notre ère). Sur une [tablette](https://fr.wikipedia.org/wiki/YBC_7289) exposée à l’université de Yale, on peut y voir la plus ancienne représentation connue d’une valeur approchée de $\\\\sqrt{2}$.\r\n\r\nLe [nombre d’or](https://fr.wikipedia.org/wiki/Nombre_d\'or), dont la valeur est $\\\\dfrac{1+\\\\sqrt{5}}{2}$, est un nombre irrationnel connu depuis au moins l’antiquité qui a souvent été utilisé pour son aspect esthétique dans l’art.\r\n\r\nArchimède a été le premier à donner une méthode mathématique fournissant un encadrement du nombre $\\\\pi$. En 2019, Emma Haruka Iwao a trouvé les $3~141~592~653~589$ premières décimales de $\\\\pi$.', '<h1>My Table of content - <a href=\"#id-section1\">Section 1</a> - <a href=\"#id-section2\">Section 2</a></h1>\n<p>## Section 1 \n ## Section 2 </p>\n<h2><strong>I Ensembles de nombres</strong></h2>\n<p>Depuis le début de la scolarité en mathématiques, différents types de nombres ont été manipulés sans forcément donner un nom aux ensembles utilisés.<br />\nVoici donc les différents ensembles de nombres à notre disposition :</p>\n<ul>\n<li><strong>Les entiers naturels</strong><br />\n    Il contient tous les nombres entiers positifs ou nuls : $0, 1, 2, \\ldots, 300, \\ldots$<br />\n    Cet ensemble contient une infinité de valeurs. On le note $\\N$.<br />\n    $\\quad$</li>\n<li><strong>Les entiers relatifs</strong><br />\n    Cet ensemble contient tous les entiers naturels ainsi que leurs opposés. C’est donc l’ensemble des entiers négatifs, positifs ou nuls : $\\ldots, -4, -3, -2, -1, 0, 1, 2, 3, 4, \\ldots$<br />\n    On le note $\\Z$.<br />\n    $\\quad$</li>\n<li><strong>Les nombres décimaux</strong><br />\n    Ce sont tous les nombres qui peuvent s’écrire comme le quotient d’un entier relatif et d’une puissance de $10$.<br />\n    Par exemple : $-2=\\dfrac{-2}{1}$ ; $13=\\dfrac{13}{1}$ ; $-12,7=\\dfrac{-127}{10}$ ; $0,003=\\dfrac{3}{1~000}$ sont des nombres décimaux.<br />\n    On note cet ensemble $\\mathbb{D} $.<br />\n    $\\quad$</li>\n<li><strong>Les nombres rationnels</strong><br />\n    Cet ensemble contient tous les nombres pouvant s’écrire comme le quotient de deux entiers relatifs avec un dénominateur non nul.<br />\n    Il contient donc tous les nombres décimaux.<br />\n    Par exemple : $-\\dfrac{5}{7}$ ; $-12=\\dfrac{-12}{1}$ ; $3=\\dfrac{3}{1}$ ; $\\dfrac{135}{17}$ sont des nombres rationnels.<br />\n    Cet ensemble est noté $  \\mathbb{Q}$.</li>\n</ul>\n<p>$\\quad$</p>\n<p><strong>Définition 1</strong><br />\nOn considère une droite graduée munie d’une origine $O$.<br />\nL’ensemble des abscisses des points de cette droite est appelé <strong>l’ensemble des nombres réels</strong>.<br />\nOn le note $\\R$.  </p>\n<p>$\\quad$</p>\n<p><a href=\"https://www.annales2maths.com/wp-content/uploads/2019/08/2nd-cours-ensembles-de-nombres-et-intervalles-fig-1.png\"><img alt=\"\" src=\"https://www.annales2maths.com/wp-content/uploads/2019/08/2nd-cours-ensembles-de-nombres-et-intervalles-fig-1.png\" /></a></p>\n<p><strong>Remarques :</strong></p>\n<ul>\n<li>Les nombres $\\sqrt{2}$ et $\\pi$ ne sont ni entiers, ni décimaux ni rationnels.</li>\n<li>On dit qu’un nombre est <strong>irrationnel</strong> s’il n’est pas rationnel.</li>\n</ul>\n<p>$\\quad$</p>\n<p><strong>Propriété 1</strong><br />\nL’ensemble des entiers naturels est inclus dans celui des entiers relatifs, lui-même inclus dans l’ensemble des nombres décimaux qui est contenu dans l’ensemble des nombres rationnels qui est inclus dans l’ensemble des nombres réels. On note : $$  \\mathbb{N} \\subset  \\mathbb{D} \\subset  \\mathbb{Z} \\subset  \\mathbb{Q} \\subset   \\mathbb{R} $$</p>\n<p><a href=\"https://www.annales2maths.com/wp-content/uploads/2019/08/2nd-cours-ensembles-de-nombres-et-intervalles-fig-2.png\"><img alt=\"\" src=\"https://www.annales2maths.com/wp-content/uploads/2019/08/2nd-cours-ensembles-de-nombres-et-intervalles-fig-2.png\" /></a></p>\n<p>$\\quad$</p>\n<p><strong>Propriété 2</strong></p>\n<p>Le nombre $\\dfrac{1}{3}$ n’est pas un nombre décimal.</p>\n<p>$\\quad$</p>\n<p>Preuve Propriété 2</p>\n<p>Pour montrer cette propriété, nous allons raisonner par l’absurde, c’est-à-dire supposer une propriété vraie et montrer qu’on obtient une contradiction.</p>\n<p>Supposons que $\\dfrac{1}{3}\\in \\D$. Il existe donc un entier relatif $a$ et un entier naturel $n$ tels que $\\dfrac{1}{3}=\\dfrac{a}{10^{n}}$.<br />\nCela signifie donc, en utilisant les produits en croix, que $10^{n}=3a$.<br />\n$3a$ est un multiple de $3$. Par conséquent $10^n=3a$ est également un multiple de $3$.<br />\nDonc $3$ divise $10$ ce qui est absurde puisque les seuls diviseurs positifs de $10$ sont $1$, $2$, $5$ et $10$.</p>\n<p>Cela signifie par conséquent que $\\dfrac{1}{3}$ n’est pas un nombre décimal.</p>\n<p>[collapse]</p>\n<p>$\\quad$</p>\n<p>(adsbygoogle = window.adsbygoogle || []).push({});</p>\n<p>$\\quad$</p>\n<p><a href=\"https://www.annales2maths.com/2nd-exercices-corriges-ensembles-de-nombres/\">Exercices sur les ensembles de nombres</a></p>\n<p>$\\quad$</p>\n<h2><strong>II Intervalles</strong></h2>\n<p><strong>Définition 2<br />\n</strong>On considère deux nombres réels $a$ et $b$ tels que $a &lt; b$.<br />\nOn appelle <strong>intervalle ouvert</strong> $\\boldsymbol{]a;b[}$ l’ensemble des réels $x$ tels que $a &lt; x &lt; b$.<br />\nOn appelle <strong>intervalle fermé</strong> $\\boldsymbol{[a;b]}$ l’ensemble des réels $x$ tels que $a \\pp x \\pp b$.</p>\n<p>$\\quad$</p>\n<p><strong>Exemples :</strong></p>\n<ul>\n<li>$]1;2[$ est l’ensemble des nombres réels compris entre $1$ et $2$, tous les deux exclus.</li>\n<li>$[-2;7]$ est l’ensemble des nombres réels compris entre $-2$ et $7$, tous les deux inclus.</li>\n</ul>\n<p>$\\quad$</p>\n<p><strong>Remarques :</strong></p>\n<ul>\n<li>On peut ouvrir un intervalle d’un côté et le fermer de l’autre. Ainsi :<br />\n    $\\quad$ $[a;b[$ est l’ensemble des réels $x$ tels que $a \\pp x &lt; b$<br />\n    $\\quad$ $]a;b]$ est l’ensemble des réels $x$ tels que $a &lt; x \\pp b$</li>\n<li>La borne gauche d’un intervalle est toujours inférieure à sa borne droite.</li>\n</ul>\n<p>$\\quad$</p>\n<p><strong>Exemple :</strong> $[-2;5[$ est l’ensemble des nombres réels compris entre $-2$ inclus et $5$ exclu.</p>\n<p>$\\quad$</p>\n<p>On veut pouvoir définir sous la forme d’intervalle des inégalités de la forme $2 \\pp x$ ou $x &lt; 3$. Pour cela on va utiliser les symboles $+\\infty$, qui se lit « plus l’infini », et $-\\infty$, qui se lit « moins l’infini ».</p>\n<p><strong>Définition 3<br />\n</strong>Soit $a$ un nombre réel.<br />\n$\\quad$ $]-\\infty;a[$ est l’ensemble des réels $x$ vérifiant $x&lt;a$.<br />\n$\\quad$ $]-\\infty;a]$ est l’ensemble des réels $x$ vérifiant $x\\pp a$.<br />\n$\\quad$ $]a;+\\infty[$ est l’ensemble des réels $x$ vérifiant $a&lt;x$.<br />\n$\\quad$ $[a;+\\infty[$ est l’ensemble des réels $x$ vérifiant $a \\pp x$.</p>\n<p>$\\quad$</p>\n<p><strong>Remarque 1:</strong> L’intervalle est toujours ouvert du côté des symboles $\\pm \\infty$.</p>\n<p><strong>Exemples :</strong></p>\n<ul>\n<li>l’intervalle $]-\\infty;8]$ est l’ensemble des nombres inférieurs ou égaux à $8$;</li>\n<li>l’intervalle $[3;+\\infty[$ est l’ensemble des nombres supérieurs ou égaux à $3$;</li>\n</ul>\n<p><strong>Remarque 2:</strong> On a les notations suivantes :</p>\n<ul>\n<li>$\\R = ]-\\infty;+\\infty[$</li>\n<li>$\\R^* = ]-\\infty;0[ \\cup ]0;+\\infty[ = \\R \\setminus\\lbrace 0\\rbrace$ (où $\\cup$ signifie « union »)</li>\n<li>$\\R_+ = [0;+\\infty[$</li>\n<li>$\\R_-=]-\\infty;0]$</li>\n</ul>\n<p>Voici des exemples illustrant les différents cas de figure qu’on peut rencontrer :</p>\n<p><a href=\"https://www.annales2maths.com/wp-content/uploads/2019/08/2nd-cours-intervalles-exemples.png\"><img alt=\"\" src=\"https://www.annales2maths.com/wp-content/uploads/2019/08/2nd-cours-intervalles-exemples.png\" /></a></p>\n<p><strong>Définition 4</strong><br />\nOn considère deux intervalles $I$ et $J$.</p>\n<ul>\n<li>$I\\cup J$ (on lit « $I$ union $J$ ») est l’ensemble des nombres qui appartiennent à l’intervalle $I$ ou à l’intervalle $J$ (éventuellement aux deux).</li>\n<li>$I\\cap J$ (on lit « $I$ inter $J$ ») est l’ensemble des nombres qui appartiennent à la fois à l’intervalle $I$ et à l’intervalle $J$.</li>\n</ul>\n<p>$\\quad$</p>\n<p><strong>Exemples :</strong></p>\n<ul>\n<li>$[-2;6]\\cup[3;8] = [-2;8]$;</li>\n<li>$[-2;6]\\cap[3;8] = [3;6]$;</li>\n<li>$[-4;1]\\cap[2;3] = \\emptyset$ : les deux intervalles n’ont aucun nombres en commun.</li>\n</ul>\n<p><strong>Propriété 3</strong><br />\nOn considère deux réels $a$ et $b$.</p>\n<ul>\n<li>$a&lt;b$ est équivalent à $a-b&lt;0$</li>\n<li>$a&gt;b$ est équivalent à $a-b&gt;0$</li>\n</ul>\n<p>$\\quad$</p>\n<p><strong>Remarque :</strong> On peut écrire les mêmes inégalités en utilisant les symboles $\\pp$ et $\\pg$.</p>\n<p>Ainsi si on veut déterminer lequel des deux nombres $a$ et $b$ est le plus grand on peut étudier le signe de $a-b$.</p>\n<p><strong>Définition 5</strong><br />\nEncadrer un nombre $x$ revient à déterminer deux réels $a$ et $b$ tels que $a\\pp x\\pp b$.<br />\nLe nombre $b-a$ est appelé <strong>l’amplitude</strong> de cet encadrement.</p>\n<p>$\\quad$</p>\n<p><strong>Exemple :</strong> $1,41 \\pp \\sqrt{2} \\pp 1,42$. L’amplitude de cet encadrement de $\\sqrt{2}$ est $1,42-1,41=0,01$.</p>\n<p><strong>Définition 6</strong><br />\nOn considère un entier naturel $n$ et nombre réel $x$.<br />\nFournir un encadrement à $10^{-n}$ près du nombre $x$ consiste à donner un encadrement d’amplitude $10^{-n}$ contenant le réel $x$.</p>\n<p>$\\quad$</p>\n<p><strong>Exemple :</strong> $3,141 \\pp \\pi \\pp 3,142$ est un encadrement à $10^{-3}$ près de $\\pi$.</p>\n<p>$\\quad$</p>\n<p><a href=\"https://www.annales2maths.com/2nd-exercices-corriges-intervalles/\">Exercices sur les intervalles</a></p>\n<p><a href=\"https://www.annales2maths.com/2nd-exercices-corriges-encadrements/\">Exercices sur les encadrements</a></p>\n<p>$\\quad$</p>\n<h2><strong>III Valeur absolue d’un nombre réel</strong></h2>\n<p><strong>Définition 7</strong><br />\nOn considère deux points $A$ et $B$ d’une droite graduée dont les abscisses respectives sont $a$ et $b$ avec $a&lt;b$.<br />\nOn appelle distance entre les deux points $A$ et $B$ le nombre $b-a$.</p>\n<p>$\\quad$</p>\n<p><strong>Exemple :<a href=\"https://www.annales2maths.com/wp-content/uploads/2019/08/2nd-cours-ensembles-de-nombres-et-intervalles-fig-4.png\"><img alt=\"\" src=\"https://www.annales2maths.com/wp-content/uploads/2019/08/2nd-cours-ensembles-de-nombres-et-intervalles-fig-4.png\" /></a><br />\n</strong>La distance entre les points $A$ et $B$ est égale à $3-(-2)=5$.</p>\n<p><strong>Définition 8</strong><br />\nOn considère un point $A$ d’abscisse $a$ d’une droite graduée d’origine $O$. On appelle <strong>valeur absolue</strong> de $a$, notée $|a|$ , la distance entre les points $A$ et $O$.</p>\n<p>$\\quad$</p>\n<p><strong>Propriété 4</strong><br />\nOn considère un nombre réel $x$. On a alors $|x|=\\begin{cases}\\phantom{-}x &amp;\\text{ si } x\\pg 0\\\\-x&amp;\\text{ si } x&lt;0\\end{cases}$.</p>\n<p>$\\quad$</p>\n<p><strong>Exemples :</strong> $|2,5|=2,5-0=2,5$ ; $|-3,2|=0-(-3,2)=3,2$.</p>\n<p><strong>Propriété 5</strong><br />\nOn considère un nombre réel $a$ positif ou nul.</p>\n<ul>\n<li>L’ensemble des nombres réels $x$ vérifiant $|x|=a$ est $\\left\\{ -a;a\\right\\}$;</li>\n<li>L’ensemble des nombres réels $x$ vérifiant $|x|&lt;a$ est $]-a;a[$;</li>\n<li>L’ensemble des nombres réels $x$ vérifiant $|x|\\pp a$ est $[-a;a]$;</li>\n<li>L’ensemble des nombres réels $x$ vérifiant $|x|&gt;a$ est $]-\\infty;-a[~\\cup~ ]a;+\\infty[$;</li>\n<li>L’ensemble des nombres réels $x$ vérifiant $|x|\\pg a$ est $]-\\infty;-a]\\cup [a;+\\infty[$.</li>\n</ul>\n<p>$\\quad$</p>\n<p><strong>Exemples :</strong></p>\n<ul>\n<li>L’ensemble des nombres réels vérifiant $|x|=1$ est $\\left\\{-1;1\\right\\}$;</li>\n<li>L’ensemble des nombres réels vérifiant $|x|&lt;2$ est $]-2;2[$;</li>\n<li>L’ensemble des nombres réels vérifiant $|x|\\pg 5$ est $]-\\infty;-5]\\cup[5;+\\infty[$.</li>\n</ul>\n<p><strong>Propriété 6</strong><br />\nOn considère deux nombres $A$ et $B$ d’une droite graduée d’abscisses respectives $a$ et $B$.<br />\nOn a alors $AB=|a-b|$.</p>\n<p>$\\quad$</p>\n<p>Preuve Propriété 6</p>\n<ul>\n<li>Si $a\\pg b$ alors $AB=a-b$.<br />\n    Puisque $a\\pg b$, cela signifie que $a-b\\pg 0$ donc $|a-b|=a-b=AB$.</li>\n<li>Si $a\\pp b$ alors $AB=b-a$.<br />\n    Puisque $a\\pp b$, cela signifie que $a-b\\pp 0$ donc $|a-b|=-(a-b)=b-a=AB$.</li>\n</ul>\n<p>[collapse]</p>\n<p>$\\quad$</p>\n<p><strong>Exemple :</strong> La distance entre le point $A$ d’abscisse $-4$ et le point $B$ d’abscisse $5$ est $|-4-5|=9$.</p>\n<p><strong>Propriété 7</strong><br />\nOn considère un nombre réel $a$ et un nombre réel strictement positif $r$.<br />\nOn a alors $x\\in [a-r;a+r] \\ssi |x-a| \\pp r$.</p>\n<p><a href=\"https://www.annales2maths.com/wp-content/uploads/2019/08/2nd-cours-ensembles-de-nombres-et-intervalles-fig-5.png\"><img alt=\"\" src=\"https://www.annales2maths.com/wp-content/uploads/2019/08/2nd-cours-ensembles-de-nombres-et-intervalles-fig-5.png\" /></a></p>\n<p>$\\quad$</p>\n<p><strong>Exemple :</strong> On considère l’intervalle $I=[6;9]$. Le centre de l’intervalle est donc $a=\\dfrac{6+9}{2}=7,5$.<br />\nAinsi $r=9-7,5=1,5$.<br />\nPar conséquent $x\\in [6;9] \\ssi |x-7,5|\\pp 1,5$</p>\n<p>$\\quad$</p>\n<p><a href=\"https://www.annales2maths.com/2nd-exercices-corriges-valeur-absolue/\">Exercices sur la valeur absolue</a></p>\n<p>$\\quad$</p>\n<h2><strong>IV Notations</strong></h2>\n<p>On utilise parfois, seulement dans un contexte mathématique et donc jamais au sein d’une phrase, quelques symboles dits mathématiques :</p>\n<ul>\n<li>$\\in$, qui se lit « appartient à » et $\\notin$ qui se lit « n’appartient pas à ».<br />\n    On peut écrire $x\\in [2;3]$ ou $A\\in (AB)$ et $-3\\notin [1;2]$<br />\n    $\\quad$</li>\n<li>$\\forall$ qui se lit « pour tout » ou « quel que soit ».<br />\n    On peut écrire $\\forall x\\in [2;3]$ pour dire « pour tout réel $x$ de l’intervalle $[2;3]$ ».<br />\n    $\\quad$</li>\n<li>$\\ssi$ qui se lit « si, et seulement si » ou « est équivalent à ».<br />\n    Ce symbole se place par exemple entre deux équations : $x-2=3 \\ssi x=5$.<br />\n    Attention à ne pas confondre les symboles $\\ssi$ et $=$ .</li>\n</ul>\n<p>$\\quad$</p>\n<h2><strong>V Quelques points d’histoire</strong></h2>\n<p>Le nombre $\\sqrt{2}$ était probablement connu des babyloniens (entre, environ, $-2~000$ et $-1~600$ avant notre ère). Sur une <a href=\"https://fr.wikipedia.org/wiki/YBC_7289\">tablette</a> exposée à l’université de Yale, on peut y voir la plus ancienne représentation connue d’une valeur approchée de $\\sqrt{2}$.</p>\n<p>Le <a href=\"https://fr.wikipedia.org/wiki/Nombre_d\'or\">nombre d’or</a>, dont la valeur est $\\dfrac{1+\\sqrt{5}}{2}$, est un nombre irrationnel connu depuis au moins l’antiquité qui a souvent été utilisé pour son aspect esthétique dans l’art.</p>\n<p>Archimède a été le premier à donner une méthode mathématique fournissant un encadrement du nombre $\\pi$. En 2019, Emma Haruka Iwao a trouvé les $3~141~592~653~589$ premières décimales de $\\pi$.</p>', 6, 1, '', NULL),
(2, 'Demo Lesson', 'Demo Lesson\n<br>\n<center>\n<div id=\"iframe_div\">\n  <div style=\"width: 640px; height: 480px; position: relative;\">\n    <iframe id=\"video_frame\" src=\"https://www.youtube.com/embed/oHmm3mPxg6Y\" width=\"640\" height=\"480\" frameborder=\"0\" allowfullscreen>\n    </iframe>\n    <div style=\"width: 80px; height: 80px; position: absolute; opacity: 0; right: 0px; top: 0px;\">&nbsp;\n    </div>\n  </div>\n</div>\n</center>', 'Demo Lesson\n<br>\n<center>\n<div id=\"iframe_div\">\n  <div style=\"width: 640px; height: 480px; position: relative;\">\n    <iframe id=\"video_frame\" src=\"https://www.youtube.com/embed/oHmm3mPxg6Y\" width=\"640\" height=\"480\" frameborder=\"0\" allowfullscreen>\n    </iframe>\n    <div style=\"width: 80px; height: 80px; position: absolute; opacity: 0; right: 0px; top: 0px;\">&nbsp;\n    </div>\n  </div>\n</div>\n</center>', 6, 1, '', NULL),
(3, 'ggggggg', '[COT]\r\n\r\n# Section 1\r\n## Sous-section 1\r\n# Section 2\r\n\r\n<div class=\"quizdown\">\r\n	---\r\n	primaryColor: steelblue\r\n	shuffleQuestions: false\r\n	shuffleAnswers: true\r\n	---\r\n\r\n	### Select your superpowers!\r\n\r\n	- [ ] Enhanced Strength\r\n	- [ ] Levitation\r\n	- [x] Shapeshifting\r\n\r\n	### What\'s the capital of Germany?\r\n\r\n	> Hint: The _largest_ city in Germany...\r\n\r\n	1. [x] Berlin\r\n	1. [ ] Frankfurt\r\n	1. [ ] Paris\r\n	1. [ ] Cologne\r\n</div>', '<p>[COT]</p>\n<h1>Section 1</h1>\n<h2>Sous-section 1</h2>\n<h1>Section 2</h1>\n<div class=\"quizdown\">\n    ---\n    primaryColor: steelblue\n    shuffleQuestions: false\n    shuffleAnswers: true\n    ---\n\n    ### Select your superpowers!\n\n    - [ ] Enhanced Strength\n    - [ ] Levitation\n    - [x] Shapeshifting\n\n    ### What\'s the capital of Germany?\n\n    > Hint: The _largest_ city in Germany...\n\n    1. [x] Berlin\n    1. [ ] Frankfurt\n    1. [ ] Paris\n    1. [ ] Cologne\n</div>', 6, 1, '', '{\'youtube\': \'kO0gjH-4Tpk\'}'),
(4, 'Méthodes :  Effectuer des calculs sans priorité', 'Méthodes :  Effectuer des calculs sans priorité', '<p>Méthodes :  Effectuer des calculs sans priorité</p>', 6, 1, '', '{\'youtube\': \'https://youtu.be/idB0-F7b1Yk\'}'),
(5, 'Méthodes : Effectuer des calculs avec des priorités (1)', 'Méthodes : Effectuer des calculs avec des priorités (1)', '<p>Méthodes : Effectuer des calculs avec des priorités (1)</p>', 6, 1, '', '{\'youtube\': \'https://youtu.be/TJH-fiwAt5s\'}'),
(6, 'Méthodes : Effectuer des calculs avec des priorités (2)', 'Méthodes : Effectuer des calculs avec des priorités (2)', '<p>Méthodes : Effectuer des calculs avec des priorités (2)</p>', 6, 1, '', '{\'youtube\': \'https://youtu.be/kNOR38ZuBRc\'}'),
(7, 'Méthodes : Effectuer des calculs avec des priorités (3)', 'Méthodes : Effectuer des calculs avec des priorités (3)', '<p>Méthodes : Effectuer des calculs avec des priorités (3)</p>', 6, 1, '', '{\'youtube\': \'https://youtu.be/fCDe27qL4Ko\'}'),
(8, 'Méthodes : Effectuer des calculs avec des priorités (4)', 'Méthodes : Effectuer des calculs avec des priorités (4)', '<p>Méthodes : Effectuer des calculs avec des priorités (4)</p>', 6, 1, '', '{\'youtube\': \'https://youtu.be/mLlLNM5D66M\'}'),
(9, 'Méthodes :  Effectuer des calculs avec des quotients', 'Méthodes :  Effectuer des calculs avec des quotients', '<p>Méthodes :  Effectuer des calculs avec des quotients</p>', 6, 1, '', '{\'youtube\': \'https://youtu.be/yr1anMpCoSM\'}'),
(10, 'Méthodes : Traduire une expression numérique par une phrase', 'Méthodes : Traduire une expression numérique par une phrase', '<p>Méthodes : Traduire une expression numérique par une phrase</p>', 6, 1, '', '{\'youtube\': \'https://youtu.be/_yF5ItbcN28\'}');
INSERT INTO `yaksh_lesson` (`id`, `name`, `description`, `html_data`, `creator_id`, `active`, `video_file`, `video_path`) VALUES
(11, 'cours : Configurations du plan', 'Configurations du plan\r\n======================\r\n\r\n**Configurations du plan**\r\n==========================\r\n\r\n**I Parallélogramme**\r\n---------------------\r\n\r\n### **1\\. Généralités**\r\n\r\n**Définition 1 :** Un quadrilatère ayant ses côtés opposés deux à deux parallèles est **un parallélogramme**.\r\n\r\n[![](https://www.annales2maths.com/wp-content/uploads/2017/07/2nd-cours-configurations-du-plan-1.png)](https://www.annales2maths.com/wp-content/uploads/2017/07/2nd-cours-configurations-du-plan-1.png)\r\n\r\n**Propriété 1 :**\r\n\r\n*   Les diagonales d’un parallélogramme se coupent en leur milieu.\r\n*   Les côtés opposés d’un parallélogramme ont la même longueur.\r\n*   Les angles opposés d’un parallélogramme ont la même mesure.\r\n*   Le point d’intersection des diagonales d’un parallélogramme est son centre de symétrie.\r\n\r\n**[![](https://www.annales2maths.com/wp-content/uploads/2015/08/Main-méthode.png)](https://www.annales2maths.com/wp-content/uploads/2015/08/Main-méthode.png)Comment prouver qu’un quadrilatère est un parallélogramme ?**\r\n\r\n*   Les diagonales du quadrilatère se coupent en leur milieu.\r\n*   Les côtés opposés du quadrilatère non croisé sont de même longueur.\r\n*   Deux côtés opposés du quadrilatère non croisé sont parallèles et de même longueur.\r\n\r\n$\\\\quad$\r\n\r\n### **2\\. Rectangle**\r\n\r\n**Définition 2 :** Un quadrilatère ayant quatre angles droits est **un rectangle**.\r\n\r\n[![](https://www.annales2maths.com/wp-content/uploads/2017/07/2nd-cours-configurations-du-plan-2.png)](https://www.annales2maths.com/wp-content/uploads/2017/07/2nd-cours-configurations-du-plan-2.png)\r\n\r\n**Propriété 2 :**\r\n\r\n*   Un rectangle possède toutes les propriétés des parallélogramme.\r\n*   Les diagonales d’un rectangle ont la même longueur.\r\n\r\n**[![](https://www.annales2maths.com/wp-content/uploads/2015/08/Main-méthode.png)](https://www.annales2maths.com/wp-content/uploads/2015/08/Main-méthode.png)Comment montrer qu’un quadrilatère est un rectangle?**\r\n\r\n*   Le quadrilatère possède trois angles droits.\r\n*   Le quadrilatère est un parallélogramme qui possède un angle droit.\r\n*   Le quadrilatère est un parallélogramme dont les diagonales ont la même longueur.\r\n\r\n$\\\\quad$\r\n\r\n### **3\\. Losange**\r\n\r\n**Définition 3 :** Un quadrilatère dont les quatre côtés ont la même longueur est **un losange**.\r\n\r\n[![](https://www.annales2maths.com/wp-content/uploads/2017/07/2nd-cours-configurations-du-plan-3.png)](https://www.annales2maths.com/wp-content/uploads/2017/07/2nd-cours-configurations-du-plan-3.png)\r\n\r\n**Propriété 3 :**\r\n\r\n*   Un losange possède toutes les propriétés des parallélogramme.\r\n*   Les diagonales d’un losange sont perpendiculaires.\r\n\r\n**[![](https://www.annales2maths.com/wp-content/uploads/2015/08/Main-méthode.png)](https://www.annales2maths.com/wp-content/uploads/2015/08/Main-méthode.png)Comment montrer qu’un quadrilatère est un losange?**\r\n\r\n*   Le quadrilatère est un parallélogramme qui possède deux côtés consécutifs de même longueur.\r\n*   Le quadrilatère est un parallélogramme dont les diagonales sont perpendiculaires.\r\n\r\n$\\\\quad$\r\n\r\n### **4\\. Carré**\r\n\r\n**Définition 4 :** Un quadrilatère qui possède quatre côtés de même longueur et quatre angles droits est **un carré**.\r\n\r\n[![](https://www.annales2maths.com/wp-content/uploads/2017/07/2nd-cours-configurations-du-plan-4.png)](https://www.annales2maths.com/wp-content/uploads/2017/07/2nd-cours-configurations-du-plan-4.png)\r\n\r\n**Propriété 4 :** Un carré est à la fois un rectangle et un losange.\r\n\r\n**Remarque :** Pour montrer qu’un quadrilatère est un carré, on montre que c’est un rectangle **et** un losange.\r\n\r\n$\\\\quad$\r\n\r\n(adsbygoogle = window.adsbygoogle || \\[\\]).push({});\r\n\r\n  \r\n$\\\\quad$\r\n\r\n**II Dans un triangle**\r\n-----------------------\r\n\r\n### **1\\. Médiatrices**\r\n\r\n**Définition 5 : La médiatrice** d’un segment $\\[AB\\]$ est la droite constituée des points $M$ équidistants (à la même distance) des extrémités du segment.\r\n\r\n[![](https://www.annales2maths.com/wp-content/uploads/2017/07/2nd-cours-configurations-du-plan-5.png)](https://www.annales2maths.com/wp-content/uploads/2017/07/2nd-cours-configurations-du-plan-5.png)\r\n\r\n**Propriété 5 :** La médiatrice d’un segment coupe ce segment perpendiculairement en son milieu.\r\n\r\n**Propriété 6 :** Les médiatrices d’un triangle sont concourantes (se coupent en un même point) en un point $O$ appelé **centre du cercle circonscrit** à ce triangle.\r\n\r\n[![](https://www.annales2maths.com/wp-content/uploads/2017/07/2nd-cours-configurations-du-plan-6.png)](https://www.annales2maths.com/wp-content/uploads/2017/07/2nd-cours-configurations-du-plan-6.png)\r\n\r\n$\\\\quad$\r\n\r\n### **2\\. Hauteurs**\r\n\r\n**Définition 6 :** Dans un triangle, **une hauteur** est une droite passant par un sommet et perpendiculaire au côté opposé à ce sommet.\r\n\r\n[![](https://www.annales2maths.com/wp-content/uploads/2017/07/2nd-cours-configurations-du-plan-7.png)](https://www.annales2maths.com/wp-content/uploads/2017/07/2nd-cours-configurations-du-plan-7.png)\r\n\r\n**Propriété 7 :** Les trois hauteurs d’un triangle sont concourantes en un point $H$ appelé **l’orthocentre** de ce triangle.\r\n\r\n$\\\\quad$\r\n\r\n### **3\\. Bissectrices**\r\n\r\n**Définition 7 : La bissectrice** d’un angle est la demi-droite qui partage cet angle en deux angles de même mesure.\r\n\r\n[![](https://www.annales2maths.com/wp-content/uploads/2017/07/2nd-cours-configurations-du-plan-8.png)](https://www.annales2maths.com/wp-content/uploads/2017/07/2nd-cours-configurations-du-plan-8.png)\r\n\r\n**Propriété 8 :** Les trois bissectrices d’un triangle sont concourantes en un point $I$ appelé **le centre du cercle inscrit** dans ce triangle.\r\n\r\n### [![](https://www.annales2maths.com/wp-content/uploads/2017/07/2nd-cours-configurations-du-plan-9.png)](https://www.annales2maths.com/wp-content/uploads/2017/07/2nd-cours-configurations-du-plan-9.png)\r\n\r\n$\\\\quad$\r\n\r\n### **4\\. Médianes**\r\n\r\n**Définition 8 :** Dans un triangle, **une médiane** est une droite passant par sommet et le milieu du côté opposé à ce sommet.\r\n\r\n[![](https://www.annales2maths.com/wp-content/uploads/2017/07/2nd-cours-configurations-du-plan-10.png)](https://www.annales2maths.com/wp-content/uploads/2017/07/2nd-cours-configurations-du-plan-10.png)\r\n\r\n**Propriété 9 :** Les trois médianes d’un triangle sont concourantes en un point $G$ appelé **centre de gravité** de ce triangle.\r\n\r\n**Propriété 10 :** Le centre de gravité d’un triangle est situé au deux tiers de chaque médiane à partir du sommet correspondant.\r\n\r\n$\\\\quad$\r\n\r\n### **5\\. Dans les triangles isocèles et équilatéraux**\r\n\r\n**Définition 9 :**\r\n\r\n*   Un triangle est dit **isocèle** s’il possède deux côtés de même longueur.\r\n*   Un triangle est dit **équilatéral** si ses trois côtés ont la même longueur.  \r\n    \r\n\r\n**Remarque :** Un triangle équilatéral est également isocèle.\r\n\r\n**Propriété 11 :**Dans un triangle $ABC$ isocèle en $A$, la hauteur, la médiatrice, la bissectrice et la médiane issue du sommet $A$ sont confondues.\r\n\r\n**Remarque :** Dans un triangle équilatéral, cette propriété est vraie pour chacun des trois sommets.\r\n\r\n$\\\\quad$\r\n\r\n### **6\\. Théorème de Pythagore**\r\n\r\n**Théorème 1 :** Si $ABC$ est un triangle rectangle en $A$ alors $BC^2=AB^2+AC^2$.\r\n\r\n[![](https://www.annales2maths.com/wp-content/uploads/2017/07/2nd-cours-configurations-du-plan-11.png)](https://www.annales2maths.com/wp-content/uploads/2017/07/2nd-cours-configurations-du-plan-11.png)\r\n\r\n**Remarque (contraposée) :** Si dans un triangle $ABC$ on a $BC^2\\\\neq AB^2+AC^2$ alors le triangle $ABC$ n’est pas rectangle en $A$.\r\n\r\n**Propriété 12 (Réciproque) :** Si dans un triangle $ABC$ on a la relation $BC^2=AB^2+AC^2$ alors le triangle $ABC$ est rectangle en $A$.\r\n\r\n$\\\\quad$\r\n\r\n### **7\\. Théorème de Thalès**\r\n\r\n**Théorème 2 :**On considère un triangle $ABC$, un point $D$ appartenant à la droite $(AB)$ distinct de $A$ et un point $E$ appartenant à la droite $(AC)$ distinct de $A$.  \r\nSi les droites $(BC)$ et $(DE)$ sont parallèles alors $\\\\dfrac{AD}{AB}=\\\\dfrac{AE}{AC}=\\\\dfrac{DE}{BC}$.\r\n\r\n[![](https://www.annales2maths.com/wp-content/uploads/2017/07/2nd-cours-configurations-du-plan-12.png)](https://www.annales2maths.com/wp-content/uploads/2017/07/2nd-cours-configurations-du-plan-12.png)  \r\n**Remarque (contraposée) :** Si, dans les configurations ci-dessus, $\\\\dfrac{AD}{AB}\\\\neq \\\\dfrac{AE}{AC}$ alors les droites $(BC)$ et $(DE)$ ne sont pas parallèles.\r\n\r\n**Propriété 13 (Réciproque) :** On considère un triangle $ABC$, un point $D$ appartenant à la droite $(AB)$ distinct de $A$ et un point $E$ appartenant à la droite $(AC)$ distinct de $A$ tels que les points $A,B,D$ et $A,B,E$ soient alignés dans le même ordre.  \r\nSi $\\\\dfrac{AD}{AB}=\\\\dfrac{AE}{AC}$ alors les droites $(BC)$ et $(DE)$ sont parallèles.\r\n\r\nUn cas particulier du théorème de Thalès et de sa réciproque.  \r\n\r\n**Propriété 14 (Théorème des milieux) :**\r\n\r\n*   Dans un triangle $ABC$ on considère les points $D$ et $E$ respectivement milieux des segments $\\[AB\\]$ et $\\[AC\\]$ alors les droites $(DE)$ et $(BC)$ sont parallèles.\r\n*   Dans un triangle $ABC$ on considère le point $D$ milieu du segment $\\[AB\\]$ alors la droite parallèle à $(BC)$ passant par $D$ coupe le segment $\\[AC\\]$ en son milieu $E$.  \r\n    \r\n\r\n$\\\\quad$\r\n\r\n### **8\\. Triangle rectangle et cercle**\r\n\r\n**Théorème 3 :** On considère un cercle de diamètre $\\[AB\\]$. Pour tout point $C$ (distinct de $A$ et de $B$), le triangle $ABC$ est rectangle en $C$.\r\n\r\n[![](https://www.annales2maths.com/wp-content/uploads/2017/07/2nd-cours-configurations-du-plan-13.png)](https://www.annales2maths.com/wp-content/uploads/2017/07/2nd-cours-configurations-du-plan-13.png)\r\n\r\n**Propriété 15 (Réciproque) :** Si un triangle $ABC$ est inscrit dans un cercle de diamètre $\\[AB\\]$ alors il est rectangle en $C$.\r\n\r\n$\\\\quad$\r\n\r\n### **9\\. Triangle rectangle et médiane**\r\n\r\n**Propriété 16 :** On considère un triangle $ABC$ rectangle en $A$. La longueur de la médiane issue de $A$ est égale à la moitié de l’hypoténuse $\\[BC\\]$.\r\n\r\n$\\\\quad$\r\n\r\n[![](https://www.annales2maths.com/wp-content/uploads/2017/07/2nd-cours-configuration-du-plan-triangle-rectangle-et-médiane-1.png)](https://www.annales2maths.com/wp-content/uploads/2017/07/2nd-cours-configuration-du-plan-triangle-rectangle-et-médiane-1.png)\r\n\r\n$\\\\quad$\r\n\r\n**Propriété 17 (Réciproque) :** On considère un triangle $ABC$. Si la médiane issue de $A$ a une longueur égale à la moitié du segment $\\[BC\\]$ alors le triangle $ABC$ est rectangle en $A$.\r\n\r\n$\\\\quad$\r\n\r\n### **10\\. Trigonométrie dans un triangle rectangle**\r\n\r\n**Définition 10 :** Dans un triangle $ABC$ rectangle en $A$ on définit :\r\n\r\n*   $\\\\cos \\\\widehat{B}=\\\\dfrac{\\\\text{côté adjacent}}{\\\\text{hypténuse}}$\r\n*   $\\\\sin \\\\widehat{B}=\\\\dfrac{\\\\text{côté opposé}}{\\\\text{hypténuse}}$\r\n*   $\\\\tan \\\\widehat{B}=\\\\dfrac{\\\\text{côté opposé}}{\\\\text{côté adjacent}}$\r\n\r\n[![](https://www.annales2maths.com/wp-content/uploads/2017/07/2nd-cours-configurations-du-plan-14.png)](https://www.annales2maths.com/wp-content/uploads/2017/07/2nd-cours-configurations-du-plan-14.png)\r\n\r\n$\\\\quad$\r\n\r\n**III Angles**\r\n--------------\r\n\r\nCes définitions et propriétés étaient au programme du collège avant la réforme mise en place en 2016 et sont parfois encore vues par certains enseignants.\r\n\r\n### **1\\. Différents types d’angles**\r\n\r\n**Définition 11 :** Deux angles sont dits **opposés par le sommet** s’ils ont le même sommet et que leurs côtés sont dans le prolongement l’un de l’autre.\r\n\r\n[![](https://www.annales2maths.com/wp-content/uploads/2017/07/2nd-cours-configurations-du-plan-15.png)](https://www.annales2maths.com/wp-content/uploads/2017/07/2nd-cours-configurations-du-plan-15.png)\r\n\r\n**Propriété 18 :** Deux angles opposés par le sommet ont la même mesure.\r\n\r\n**Définition 12 :** Deux angles sont dits **adjacents** s’ils vérifient les trois propriétés suivantes : :\r\n\r\n*   ils ont le même sommet;\r\n*   ils ont un côté en commun;\r\n*   ils sont situés de part et d’autre de ce côté commun.\r\n\r\n[![](https://www.annales2maths.com/wp-content/uploads/2017/07/2nd-cours-configurations-du-plan-16.png)](https://www.annales2maths.com/wp-content/uploads/2017/07/2nd-cours-configurations-du-plan-16.png)  \r\n\r\n**Définition 13 :** Deux angles sont dits **complémentaires** si la somme de leur mesure vaut $90$°.\r\n\r\n[![](https://www.annales2maths.com/wp-content/uploads/2017/07/2nd-cours-configurations-du-plan-17.png)](https://www.annales2maths.com/wp-content/uploads/2017/07/2nd-cours-configurations-du-plan-17.png)\r\n\r\n**Définition 14 :** Deux angles sont dits **supplémentaires** si la somme de leur mesure vaut $180$°.\r\n\r\n[![](https://www.annales2maths.com/wp-content/uploads/2017/07/2nd-cours-configurations-du-plan-18.png)](https://www.annales2maths.com/wp-content/uploads/2017/07/2nd-cours-configurations-du-plan-18.png)  \r\n\r\n**Définition 15 :** Deux angles sont dits **correspondants** lorsqu’ils sont situés :\r\n\r\n*   du même côté de la droite $\\\\Delta$;\r\n*   l’un entre les droites $d\\_1$ et $d\\_2$ et l’autre ne l’est pas.  \r\n    \r\n\r\n[![](https://www.annales2maths.com/wp-content/uploads/2017/07/2nd-cours-configurations-du-plan-19.png)](https://www.annales2maths.com/wp-content/uploads/2017/07/2nd-cours-configurations-du-plan-19.png)\r\n\r\n**Propriété 19 :** Les droites $d\\_1$ et $d\\_2$ sont parallèles si, et seulement si, les angles correspondants $\\\\alpha$ et $\\\\beta$ ont la même mesure.\r\n\r\n**Définition 16 :** Deux angles sont dits **alternes-internes** lorsqu’ils sont situés :\r\n\r\n*   de part et d’autre de la droite $\\\\Delta$;\r\n*   entre les droites $d\\_1$ et $d\\_2$.  \r\n    \r\n\r\n[![](https://www.annales2maths.com/wp-content/uploads/2017/07/2nd-cours-configurations-du-plan-20.png)](https://www.annales2maths.com/wp-content/uploads/2017/07/2nd-cours-configurations-du-plan-20.png)\r\n\r\n**Propriété 20 :** Les droites $d\\_1$ et $d\\_2$ sont parallèles si, et seulement si, les angles alternes-internes $\\\\alpha$ et $\\\\beta$ ont la même mesure.\r\n\r\n$\\\\quad$\r\n\r\n### **2\\. Angles au centre et angles inscrits**\r\n\r\n**Définition 17 :** On appelle **angle au centre** tout angle dont le sommet est le centre d’un cercle.\r\n\r\n[![](https://www.annales2maths.com/wp-content/uploads/2017/07/2nd-cours-configurations-du-plan-21.png)](https://www.annales2maths.com/wp-content/uploads/2017/07/2nd-cours-configurations-du-plan-21.png)\r\n\r\n**Définition 18 :** On appelle **angle inscrit** tout angle dont le sommet est un point du cercle et les côtés sont sécants avec le cercle.\r\n\r\n[![](https://www.annales2maths.com/wp-content/uploads/2017/07/2nd-cours-configurations-du-plan-22.png)](https://www.annales2maths.com/wp-content/uploads/2017/07/2nd-cours-configurations-du-plan-22.png)\r\n\r\n**Propriété 21 :** Si, dans un cercle, un angle au centre et un angle inscrit intercepte le même arc alors la mesure de l’angle au centre est le double de la mesure de l’angle inscrit.\r\n\r\n[![](https://www.annales2maths.com/wp-content/uploads/2017/07/2nd-cours-configurations-du-plan-23.png)](https://www.annales2maths.com/wp-content/uploads/2017/07/2nd-cours-configurations-du-plan-23.png)  \r\n\r\n**Propriété 22 :** Si, dans un cercle, deux angles inscrits interceptent le même arc de cercle alors ils ont la même mesure.\r\n\r\n[![](https://www.annales2maths.com/wp-content/uploads/2017/07/2nd-cours-configurations-du-plan-24.png)](https://www.annales2maths.com/wp-content/uploads/2017/07/2nd-cours-configurations-du-plan-24.png)', '<h1>Configurations du plan</h1>\n<h1><strong>Configurations du plan</strong></h1>\n<h2><strong>I Parallélogramme</strong></h2>\n<h3><strong>1. Généralités</strong></h3>\n<p><strong>Définition 1 :</strong> Un quadrilatère ayant ses côtés opposés deux à deux parallèles est <strong>un parallélogramme</strong>.</p>\n<p><a href=\"https://www.annales2maths.com/wp-content/uploads/2017/07/2nd-cours-configurations-du-plan-1.png\"><img alt=\"\" src=\"https://www.annales2maths.com/wp-content/uploads/2017/07/2nd-cours-configurations-du-plan-1.png\" /></a></p>\n<p><strong>Propriété 1 :</strong></p>\n<ul>\n<li>Les diagonales d’un parallélogramme se coupent en leur milieu.</li>\n<li>Les côtés opposés d’un parallélogramme ont la même longueur.</li>\n<li>Les angles opposés d’un parallélogramme ont la même mesure.</li>\n<li>Le point d’intersection des diagonales d’un parallélogramme est son centre de symétrie.</li>\n</ul>\n<p><strong><a href=\"https://www.annales2maths.com/wp-content/uploads/2015/08/Main-méthode.png\"><img alt=\"\" src=\"https://www.annales2maths.com/wp-content/uploads/2015/08/Main-méthode.png\" /></a>Comment prouver qu’un quadrilatère est un parallélogramme ?</strong></p>\n<ul>\n<li>Les diagonales du quadrilatère se coupent en leur milieu.</li>\n<li>Les côtés opposés du quadrilatère non croisé sont de même longueur.</li>\n<li>Deux côtés opposés du quadrilatère non croisé sont parallèles et de même longueur.</li>\n</ul>\n<p>$\\quad$</p>\n<h3><strong>2. Rectangle</strong></h3>\n<p><strong>Définition 2 :</strong> Un quadrilatère ayant quatre angles droits est <strong>un rectangle</strong>.</p>\n<p><a href=\"https://www.annales2maths.com/wp-content/uploads/2017/07/2nd-cours-configurations-du-plan-2.png\"><img alt=\"\" src=\"https://www.annales2maths.com/wp-content/uploads/2017/07/2nd-cours-configurations-du-plan-2.png\" /></a></p>\n<p><strong>Propriété 2 :</strong></p>\n<ul>\n<li>Un rectangle possède toutes les propriétés des parallélogramme.</li>\n<li>Les diagonales d’un rectangle ont la même longueur.</li>\n</ul>\n<p><strong><a href=\"https://www.annales2maths.com/wp-content/uploads/2015/08/Main-méthode.png\"><img alt=\"\" src=\"https://www.annales2maths.com/wp-content/uploads/2015/08/Main-méthode.png\" /></a>Comment montrer qu’un quadrilatère est un rectangle?</strong></p>\n<ul>\n<li>Le quadrilatère possède trois angles droits.</li>\n<li>Le quadrilatère est un parallélogramme qui possède un angle droit.</li>\n<li>Le quadrilatère est un parallélogramme dont les diagonales ont la même longueur.</li>\n</ul>\n<p>$\\quad$</p>\n<h3><strong>3. Losange</strong></h3>\n<p><strong>Définition 3 :</strong> Un quadrilatère dont les quatre côtés ont la même longueur est <strong>un losange</strong>.</p>\n<p><a href=\"https://www.annales2maths.com/wp-content/uploads/2017/07/2nd-cours-configurations-du-plan-3.png\"><img alt=\"\" src=\"https://www.annales2maths.com/wp-content/uploads/2017/07/2nd-cours-configurations-du-plan-3.png\" /></a></p>\n<p><strong>Propriété 3 :</strong></p>\n<ul>\n<li>Un losange possède toutes les propriétés des parallélogramme.</li>\n<li>Les diagonales d’un losange sont perpendiculaires.</li>\n</ul>\n<p><strong><a href=\"https://www.annales2maths.com/wp-content/uploads/2015/08/Main-méthode.png\"><img alt=\"\" src=\"https://www.annales2maths.com/wp-content/uploads/2015/08/Main-méthode.png\" /></a>Comment montrer qu’un quadrilatère est un losange?</strong></p>\n<ul>\n<li>Le quadrilatère est un parallélogramme qui possède deux côtés consécutifs de même longueur.</li>\n<li>Le quadrilatère est un parallélogramme dont les diagonales sont perpendiculaires.</li>\n</ul>\n<p>$\\quad$</p>\n<h3><strong>4. Carré</strong></h3>\n<p><strong>Définition 4 :</strong> Un quadrilatère qui possède quatre côtés de même longueur et quatre angles droits est <strong>un carré</strong>.</p>\n<p><a href=\"https://www.annales2maths.com/wp-content/uploads/2017/07/2nd-cours-configurations-du-plan-4.png\"><img alt=\"\" src=\"https://www.annales2maths.com/wp-content/uploads/2017/07/2nd-cours-configurations-du-plan-4.png\" /></a></p>\n<p><strong>Propriété 4 :</strong> Un carré est à la fois un rectangle et un losange.</p>\n<p><strong>Remarque :</strong> Pour montrer qu’un quadrilatère est un carré, on montre que c’est un rectangle <strong>et</strong> un losange.</p>\n<p>$\\quad$</p>\n<p>(adsbygoogle = window.adsbygoogle || []).push({});</p>\n<p>$\\quad$</p>\n<h2><strong>II Dans un triangle</strong></h2>\n<h3><strong>1. Médiatrices</strong></h3>\n<p><strong>Définition 5 : La médiatrice</strong> d’un segment $[AB]$ est la droite constituée des points $M$ équidistants (à la même distance) des extrémités du segment.</p>\n<p><a href=\"https://www.annales2maths.com/wp-content/uploads/2017/07/2nd-cours-configurations-du-plan-5.png\"><img alt=\"\" src=\"https://www.annales2maths.com/wp-content/uploads/2017/07/2nd-cours-configurations-du-plan-5.png\" /></a></p>\n<p><strong>Propriété 5 :</strong> La médiatrice d’un segment coupe ce segment perpendiculairement en son milieu.</p>\n<p><strong>Propriété 6 :</strong> Les médiatrices d’un triangle sont concourantes (se coupent en un même point) en un point $O$ appelé <strong>centre du cercle circonscrit</strong> à ce triangle.</p>\n<p><a href=\"https://www.annales2maths.com/wp-content/uploads/2017/07/2nd-cours-configurations-du-plan-6.png\"><img alt=\"\" src=\"https://www.annales2maths.com/wp-content/uploads/2017/07/2nd-cours-configurations-du-plan-6.png\" /></a></p>\n<p>$\\quad$</p>\n<h3><strong>2. Hauteurs</strong></h3>\n<p><strong>Définition 6 :</strong> Dans un triangle, <strong>une hauteur</strong> est une droite passant par un sommet et perpendiculaire au côté opposé à ce sommet.</p>\n<p><a href=\"https://www.annales2maths.com/wp-content/uploads/2017/07/2nd-cours-configurations-du-plan-7.png\"><img alt=\"\" src=\"https://www.annales2maths.com/wp-content/uploads/2017/07/2nd-cours-configurations-du-plan-7.png\" /></a></p>\n<p><strong>Propriété 7 :</strong> Les trois hauteurs d’un triangle sont concourantes en un point $H$ appelé <strong>l’orthocentre</strong> de ce triangle.</p>\n<p>$\\quad$</p>\n<h3><strong>3. Bissectrices</strong></h3>\n<p><strong>Définition 7 : La bissectrice</strong> d’un angle est la demi-droite qui partage cet angle en deux angles de même mesure.</p>\n<p><a href=\"https://www.annales2maths.com/wp-content/uploads/2017/07/2nd-cours-configurations-du-plan-8.png\"><img alt=\"\" src=\"https://www.annales2maths.com/wp-content/uploads/2017/07/2nd-cours-configurations-du-plan-8.png\" /></a></p>\n<p><strong>Propriété 8 :</strong> Les trois bissectrices d’un triangle sont concourantes en un point $I$ appelé <strong>le centre du cercle inscrit</strong> dans ce triangle.</p>\n<h3><a href=\"https://www.annales2maths.com/wp-content/uploads/2017/07/2nd-cours-configurations-du-plan-9.png\"><img alt=\"\" src=\"https://www.annales2maths.com/wp-content/uploads/2017/07/2nd-cours-configurations-du-plan-9.png\" /></a></h3>\n<p>$\\quad$</p>\n<h3><strong>4. Médianes</strong></h3>\n<p><strong>Définition 8 :</strong> Dans un triangle, <strong>une médiane</strong> est une droite passant par sommet et le milieu du côté opposé à ce sommet.</p>\n<p><a href=\"https://www.annales2maths.com/wp-content/uploads/2017/07/2nd-cours-configurations-du-plan-10.png\"><img alt=\"\" src=\"https://www.annales2maths.com/wp-content/uploads/2017/07/2nd-cours-configurations-du-plan-10.png\" /></a></p>\n<p><strong>Propriété 9 :</strong> Les trois médianes d’un triangle sont concourantes en un point $G$ appelé <strong>centre de gravité</strong> de ce triangle.</p>\n<p><strong>Propriété 10 :</strong> Le centre de gravité d’un triangle est situé au deux tiers de chaque médiane à partir du sommet correspondant.</p>\n<p>$\\quad$</p>\n<h3><strong>5. Dans les triangles isocèles et équilatéraux</strong></h3>\n<p><strong>Définition 9 :</strong></p>\n<ul>\n<li>Un triangle est dit <strong>isocèle</strong> s’il possède deux côtés de même longueur.</li>\n<li>Un triangle est dit <strong>équilatéral</strong> si ses trois côtés ont la même longueur.  </li>\n</ul>\n<p><strong>Remarque :</strong> Un triangle équilatéral est également isocèle.</p>\n<p><strong>Propriété 11 :</strong>Dans un triangle $ABC$ isocèle en $A$, la hauteur, la médiatrice, la bissectrice et la médiane issue du sommet $A$ sont confondues.</p>\n<p><strong>Remarque :</strong> Dans un triangle équilatéral, cette propriété est vraie pour chacun des trois sommets.</p>\n<p>$\\quad$</p>\n<h3><strong>6. Théorème de Pythagore</strong></h3>\n<p><strong>Théorème 1 :</strong> Si $ABC$ est un triangle rectangle en $A$ alors $BC^2=AB^2+AC^2$.</p>\n<p><a href=\"https://www.annales2maths.com/wp-content/uploads/2017/07/2nd-cours-configurations-du-plan-11.png\"><img alt=\"\" src=\"https://www.annales2maths.com/wp-content/uploads/2017/07/2nd-cours-configurations-du-plan-11.png\" /></a></p>\n<p><strong>Remarque (contraposée) :</strong> Si dans un triangle $ABC$ on a $BC^2\\neq AB^2+AC^2$ alors le triangle $ABC$ n’est pas rectangle en $A$.</p>\n<p><strong>Propriété 12 (Réciproque) :</strong> Si dans un triangle $ABC$ on a la relation $BC^2=AB^2+AC^2$ alors le triangle $ABC$ est rectangle en $A$.</p>\n<p>$\\quad$</p>\n<h3><strong>7. Théorème de Thalès</strong></h3>\n<p><strong>Théorème 2 :</strong>On considère un triangle $ABC$, un point $D$ appartenant à la droite $(AB)$ distinct de $A$ et un point $E$ appartenant à la droite $(AC)$ distinct de $A$.<br />\nSi les droites $(BC)$ et $(DE)$ sont parallèles alors $\\dfrac{AD}{AB}=\\dfrac{AE}{AC}=\\dfrac{DE}{BC}$.</p>\n<p><a href=\"https://www.annales2maths.com/wp-content/uploads/2017/07/2nd-cours-configurations-du-plan-12.png\"><img alt=\"\" src=\"https://www.annales2maths.com/wp-content/uploads/2017/07/2nd-cours-configurations-du-plan-12.png\" /></a><br />\n<strong>Remarque (contraposée) :</strong> Si, dans les configurations ci-dessus, $\\dfrac{AD}{AB}\\neq \\dfrac{AE}{AC}$ alors les droites $(BC)$ et $(DE)$ ne sont pas parallèles.</p>\n<p><strong>Propriété 13 (Réciproque) :</strong> On considère un triangle $ABC$, un point $D$ appartenant à la droite $(AB)$ distinct de $A$ et un point $E$ appartenant à la droite $(AC)$ distinct de $A$ tels que les points $A,B,D$ et $A,B,E$ soient alignés dans le même ordre.<br />\nSi $\\dfrac{AD}{AB}=\\dfrac{AE}{AC}$ alors les droites $(BC)$ et $(DE)$ sont parallèles.</p>\n<p>Un cas particulier du théorème de Thalès et de sa réciproque.  </p>\n<p><strong>Propriété 14 (Théorème des milieux) :</strong></p>\n<ul>\n<li>Dans un triangle $ABC$ on considère les points $D$ et $E$ respectivement milieux des segments $[AB]$ et $[AC]$ alors les droites $(DE)$ et $(BC)$ sont parallèles.</li>\n<li>Dans un triangle $ABC$ on considère le point $D$ milieu du segment $[AB]$ alors la droite parallèle à $(BC)$ passant par $D$ coupe le segment $[AC]$ en son milieu $E$.  </li>\n</ul>\n<p>$\\quad$</p>\n<h3><strong>8. Triangle rectangle et cercle</strong></h3>\n<p><strong>Théorème 3 :</strong> On considère un cercle de diamètre $[AB]$. Pour tout point $C$ (distinct de $A$ et de $B$), le triangle $ABC$ est rectangle en $C$.</p>\n<p><a href=\"https://www.annales2maths.com/wp-content/uploads/2017/07/2nd-cours-configurations-du-plan-13.png\"><img alt=\"\" src=\"https://www.annales2maths.com/wp-content/uploads/2017/07/2nd-cours-configurations-du-plan-13.png\" /></a></p>\n<p><strong>Propriété 15 (Réciproque) :</strong> Si un triangle $ABC$ est inscrit dans un cercle de diamètre $[AB]$ alors il est rectangle en $C$.</p>\n<p>$\\quad$</p>\n<h3><strong>9. Triangle rectangle et médiane</strong></h3>\n<p><strong>Propriété 16 :</strong> On considère un triangle $ABC$ rectangle en $A$. La longueur de la médiane issue de $A$ est égale à la moitié de l’hypoténuse $[BC]$.</p>\n<p>$\\quad$</p>\n<p><a href=\"https://www.annales2maths.com/wp-content/uploads/2017/07/2nd-cours-configuration-du-plan-triangle-rectangle-et-médiane-1.png\"><img alt=\"\" src=\"https://www.annales2maths.com/wp-content/uploads/2017/07/2nd-cours-configuration-du-plan-triangle-rectangle-et-médiane-1.png\" /></a></p>\n<p>$\\quad$</p>\n<p><strong>Propriété 17 (Réciproque) :</strong> On considère un triangle $ABC$. Si la médiane issue de $A$ a une longueur égale à la moitié du segment $[BC]$ alors le triangle $ABC$ est rectangle en $A$.</p>\n<p>$\\quad$</p>\n<h3><strong>10. Trigonométrie dans un triangle rectangle</strong></h3>\n<p><strong>Définition 10 :</strong> Dans un triangle $ABC$ rectangle en $A$ on définit :</p>\n<ul>\n<li>$\\cos \\widehat{B}=\\dfrac{\\text{côté adjacent}}{\\text{hypténuse}}$</li>\n<li>$\\sin \\widehat{B}=\\dfrac{\\text{côté opposé}}{\\text{hypténuse}}$</li>\n<li>$\\tan \\widehat{B}=\\dfrac{\\text{côté opposé}}{\\text{côté adjacent}}$</li>\n</ul>\n<p><a href=\"https://www.annales2maths.com/wp-content/uploads/2017/07/2nd-cours-configurations-du-plan-14.png\"><img alt=\"\" src=\"https://www.annales2maths.com/wp-content/uploads/2017/07/2nd-cours-configurations-du-plan-14.png\" /></a></p>\n<p>$\\quad$</p>\n<h2><strong>III Angles</strong></h2>\n<p>Ces définitions et propriétés étaient au programme du collège avant la réforme mise en place en 2016 et sont parfois encore vues par certains enseignants.</p>\n<h3><strong>1. Différents types d’angles</strong></h3>\n<p><strong>Définition 11 :</strong> Deux angles sont dits <strong>opposés par le sommet</strong> s’ils ont le même sommet et que leurs côtés sont dans le prolongement l’un de l’autre.</p>\n<p><a href=\"https://www.annales2maths.com/wp-content/uploads/2017/07/2nd-cours-configurations-du-plan-15.png\"><img alt=\"\" src=\"https://www.annales2maths.com/wp-content/uploads/2017/07/2nd-cours-configurations-du-plan-15.png\" /></a></p>\n<p><strong>Propriété 18 :</strong> Deux angles opposés par le sommet ont la même mesure.</p>\n<p><strong>Définition 12 :</strong> Deux angles sont dits <strong>adjacents</strong> s’ils vérifient les trois propriétés suivantes : :</p>\n<ul>\n<li>ils ont le même sommet;</li>\n<li>ils ont un côté en commun;</li>\n<li>ils sont situés de part et d’autre de ce côté commun.</li>\n</ul>\n<p><a href=\"https://www.annales2maths.com/wp-content/uploads/2017/07/2nd-cours-configurations-du-plan-16.png\"><img alt=\"\" src=\"https://www.annales2maths.com/wp-content/uploads/2017/07/2nd-cours-configurations-du-plan-16.png\" /></a>  </p>\n<p><strong>Définition 13 :</strong> Deux angles sont dits <strong>complémentaires</strong> si la somme de leur mesure vaut $90$°.</p>\n<p><a href=\"https://www.annales2maths.com/wp-content/uploads/2017/07/2nd-cours-configurations-du-plan-17.png\"><img alt=\"\" src=\"https://www.annales2maths.com/wp-content/uploads/2017/07/2nd-cours-configurations-du-plan-17.png\" /></a></p>\n<p><strong>Définition 14 :</strong> Deux angles sont dits <strong>supplémentaires</strong> si la somme de leur mesure vaut $180$°.</p>\n<p><a href=\"https://www.annales2maths.com/wp-content/uploads/2017/07/2nd-cours-configurations-du-plan-18.png\"><img alt=\"\" src=\"https://www.annales2maths.com/wp-content/uploads/2017/07/2nd-cours-configurations-du-plan-18.png\" /></a>  </p>\n<p><strong>Définition 15 :</strong> Deux angles sont dits <strong>correspondants</strong> lorsqu’ils sont situés :</p>\n<ul>\n<li>du même côté de la droite $\\Delta$;</li>\n<li>l’un entre les droites $d_1$ et $d_2$ et l’autre ne l’est pas.  </li>\n</ul>\n<p><a href=\"https://www.annales2maths.com/wp-content/uploads/2017/07/2nd-cours-configurations-du-plan-19.png\"><img alt=\"\" src=\"https://www.annales2maths.com/wp-content/uploads/2017/07/2nd-cours-configurations-du-plan-19.png\" /></a></p>\n<p><strong>Propriété 19 :</strong> Les droites $d_1$ et $d_2$ sont parallèles si, et seulement si, les angles correspondants $\\alpha$ et $\\beta$ ont la même mesure.</p>\n<p><strong>Définition 16 :</strong> Deux angles sont dits <strong>alternes-internes</strong> lorsqu’ils sont situés :</p>\n<ul>\n<li>de part et d’autre de la droite $\\Delta$;</li>\n<li>entre les droites $d_1$ et $d_2$.  </li>\n</ul>\n<p><a href=\"https://www.annales2maths.com/wp-content/uploads/2017/07/2nd-cours-configurations-du-plan-20.png\"><img alt=\"\" src=\"https://www.annales2maths.com/wp-content/uploads/2017/07/2nd-cours-configurations-du-plan-20.png\" /></a></p>\n<p><strong>Propriété 20 :</strong> Les droites $d_1$ et $d_2$ sont parallèles si, et seulement si, les angles alternes-internes $\\alpha$ et $\\beta$ ont la même mesure.</p>\n<p>$\\quad$</p>\n<h3><strong>2. Angles au centre et angles inscrits</strong></h3>\n<p><strong>Définition 17 :</strong> On appelle <strong>angle au centre</strong> tout angle dont le sommet est le centre d’un cercle.</p>\n<p><a href=\"https://www.annales2maths.com/wp-content/uploads/2017/07/2nd-cours-configurations-du-plan-21.png\"><img alt=\"\" src=\"https://www.annales2maths.com/wp-content/uploads/2017/07/2nd-cours-configurations-du-plan-21.png\" /></a></p>\n<p><strong>Définition 18 :</strong> On appelle <strong>angle inscrit</strong> tout angle dont le sommet est un point du cercle et les côtés sont sécants avec le cercle.</p>\n<p><a href=\"https://www.annales2maths.com/wp-content/uploads/2017/07/2nd-cours-configurations-du-plan-22.png\"><img alt=\"\" src=\"https://www.annales2maths.com/wp-content/uploads/2017/07/2nd-cours-configurations-du-plan-22.png\" /></a></p>\n<p><strong>Propriété 21 :</strong> Si, dans un cercle, un angle au centre et un angle inscrit intercepte le même arc alors la mesure de l’angle au centre est le double de la mesure de l’angle inscrit.</p>\n<p><a href=\"https://www.annales2maths.com/wp-content/uploads/2017/07/2nd-cours-configurations-du-plan-23.png\"><img alt=\"\" src=\"https://www.annales2maths.com/wp-content/uploads/2017/07/2nd-cours-configurations-du-plan-23.png\" /></a>  </p>\n<p><strong>Propriété 22 :</strong> Si, dans un cercle, deux angles inscrits interceptent le même arc de cercle alors ils ont la même mesure.</p>\n<p><a href=\"https://www.annales2maths.com/wp-content/uploads/2017/07/2nd-cours-configurations-du-plan-24.png\"><img alt=\"\" src=\"https://www.annales2maths.com/wp-content/uploads/2017/07/2nd-cours-configurations-du-plan-24.png\" /></a></p>', 6, 1, '', NULL),
(12, 'Les variables', 'Première partie : Les variables\r\n-------------------------------\r\n\r\nUne variable en informatique permet de garder en mémoire (le temps que le programme s\'exécute) des données comme par exemple le résultat d\'un calcul ou un mot, une liste ou bien d\'autres choses.  \r\nPour stocker en mémoire une valeur dans une variable, on utilise simplement le signe égal =.  \r\nPar exemple :\r\n\r\n    a=3\r\n    b=7\r\n    c=b+a+2\r\n    \r\n\r\nDans cet exemple, on a mis en mémoire 3 variables. Dans a, on a stocké la valeur 3, dans b la valeur 7 et dans c la valeur 12. Remarque importante : ce qui est stocké est le résultat du calcul et non le calcul. Ce qui veut dire que si on modifie la valeur de a, la variable c elle restera à 12.\r\n\r\nPour afficher la valeur d\'une variable, on utilise la fonction `print`. Appuyez sur le bouton Run pour voir l\'effet du code ci-dessous :\r\n\r\n1\r\n\r\n2\r\n\r\n3\r\n\r\n4\r\n\r\n5\r\n\r\na=3\r\n\r\nb=7\r\n\r\nc=b+a+2\r\n\r\nprint(c)\r\n\r\nEnter to Rename, Shift+Enter to Preview\r\n\r\nRun\r\n\r\nOn voit s\'afficher la valeur de c.\r\n\r\nPetite subtilité avec les variables : On peut utiliser une certaine variable a pour faire un calcul et stocker la réponse de nouveau dans a ce qui aura pour effet de faire disparaitre la première valeur de a. C\'est très pratique pour éviter d\'utiliser trop de variables différentes par exemple.\r\n\r\n1\r\n\r\n2\r\n\r\n3\r\n\r\n4\r\n\r\n5\r\n\r\n6\r\n\r\na=3\r\n\r\na=a+2\r\n\r\nprint(a)\r\n\r\na=a+a\r\n\r\nprint(a)\r\n\r\nEnter to Rename, Shift+Enter to Preview\r\n\r\nRun\r\n\r\nPetite explication des résultats affichés : Au début _a_ vaut 3, on lui ajoute 2 et on stocke dans _a_ donc maintenant _a_ vaut 5, ce qu\'on affiche en premier. Ensuite on calcule _a+a_ donc 5+5=10 qu\'on stocke de nouveau dans _a_, d\'où l\'affichage du 10 en deuxième.\r\n\r\nDeuxième partie : Les opérations sur les variables numériques\r\n-------------------------------------------------------------\r\n\r\nDans cette partie, nous allons voir les opérations de base que l\'on peut effectuer en python sur des nombres.\r\n\r\n*   Il y a bien sur les quatre opérations classiques +, -, \\*, / avec les priorités opératoires habituelles. Par exemple :\r\n    \r\n    1\r\n    \r\n    2\r\n    \r\n    3\r\n    \r\n    4\r\n    \r\n    5\r\n    \r\n    6\r\n    \r\n    7\r\n    \r\n    a=5\r\n    \r\n    b=3\r\n    \r\n    print(a+b)\r\n    \r\n    print(a-b)\r\n    \r\n    print(a\\*b)\r\n    \r\n    print(a/b)\r\n    \r\n    Enter to Rename, Shift+Enter to Preview\r\n    \r\n    Run\r\n    \r\n*   Les deux autres opérations qu\'on utilise couramment sont les puissances et la racine carrée.\r\n    \r\n    *   Pour les _**puissances**_, on double simplement la multiplication. Ainsi xnxnx^n s\'obtiendra en écrivant `x**n`.\r\n    *   Pour la _**racine carrée**_, on va simplement utiliser une propriété mathématique : ?x\\=x0.5x\\=x0.5\\\\sqrt x = x^{0.5}. Donc pour calculer la racine carrée d\'un nombre x, il suffit d\'écrire `x**0.5`.  \r\n        Voici quelques exemples. On a rajouté des commentaires à coté des instructions d\'affichage des calculs pour que ces instructions soient plus claires. Pour écrire un commentaire, il suffit de mettre un # devant. Tout ce qui suit le # ne sera pas executé par l\'ordinateur et ne sert donc qu\'à la personne qui lit le programme.\r\n    \r\n    1\r\n    \r\n    2\r\n    \r\n    3\r\n    \r\n    4\r\n    \r\n    5\r\n    \r\n    print(2\\*\\*3) # Affiche le résultat de 2 puissance 3\r\n    \r\n    print(3\\*\\*2) # Affiche le résultat de 3 puissance 2\r\n    \r\n    print(9\\*\\*0.5) # Affiche la racine carrée de 9\r\n    \r\n    print(2\\*\\*0.5) # Affiche la racine carrée de 2\r\n    \r\n    Enter to Rename, Shift+Enter to Preview\r\n    \r\n    Run\r\n    \r\n*   On peut aussi réaliser facilement des divisions euclidiennes (c\'est à dire les divisions posées comme au primaire).\r\n    \r\n    *   Pour obtenir le _**quotient**_ de la division de a par b, il suffit d\'écrire `a//b`.\r\n    *   Pour obtenir le _**reste**_ de la division de a par b, il suffit d\'écrire `a%b`.  \r\n        Remarque : La différence entre `a/b`et `a//b`est que le premier donne une valeur approchée décimale à 16 chiffres après la virgule alors que la deuxième nous donne l\'_**entier**_ q tel que 0 <= a-bq < b.  \r\n        Voici quelques exemples que vous pouvez modifier pour vérifier que vous avez bien compris.\r\n    \r\n    1\r\n    \r\n    2\r\n    \r\n    3\r\n    \r\n    4\r\n    \r\n    5\r\n    \r\n    a=17\r\n    \r\n    b=3\r\n    \r\n    print(a//b) # Affiche le quotient de la division euclidienne de a par b\r\n    \r\n    print(a%b) # Affiche le reste de la division euclidienne de a par b\r\n    \r\n    Enter to Rename, Shift+Enter to Preview\r\n    \r\n    Run\r\n    \r\n    Remarque : Même si ces opérations sont finalement assez peu utilisée en cours de mathématiques, elles le sont beaucoup plus en informatique, principalement le calcul du reste de la division euclidienne. Par exemple pour déterminer si un nombre est pair, il suffit de regarder si `x%2` vaut 0. En effet, un nombre est pair si et seulement si son reste par la division par 2 est nul. On l\'utilisera régulièrement dans les exercices.', '<h2>Première partie : Les variables</h2>\n<p>Une variable en informatique permet de garder en mémoire (le temps que le programme s\'exécute) des données comme par exemple le résultat d\'un calcul ou un mot, une liste ou bien d\'autres choses.<br />\nPour stocker en mémoire une valeur dans une variable, on utilise simplement le signe égal =.<br />\nPar exemple :</p>\n<pre><code>a=3\nb=7\nc=b+a+2\n</code></pre>\n<p>Dans cet exemple, on a mis en mémoire 3 variables. Dans a, on a stocké la valeur 3, dans b la valeur 7 et dans c la valeur 12. Remarque importante : ce qui est stocké est le résultat du calcul et non le calcul. Ce qui veut dire que si on modifie la valeur de a, la variable c elle restera à 12.</p>\n<p>Pour afficher la valeur d\'une variable, on utilise la fonction <code>print</code>. Appuyez sur le bouton Run pour voir l\'effet du code ci-dessous :</p>\n<p>1</p>\n<p>2</p>\n<p>3</p>\n<p>4</p>\n<p>5</p>\n<p>a=3</p>\n<p>b=7</p>\n<p>c=b+a+2</p>\n<p>print(c)</p>\n<p>Enter to Rename, Shift+Enter to Preview</p>\n<p>Run</p>\n<p>On voit s\'afficher la valeur de c.</p>\n<p>Petite subtilité avec les variables : On peut utiliser une certaine variable a pour faire un calcul et stocker la réponse de nouveau dans a ce qui aura pour effet de faire disparaitre la première valeur de a. C\'est très pratique pour éviter d\'utiliser trop de variables différentes par exemple.</p>\n<p>1</p>\n<p>2</p>\n<p>3</p>\n<p>4</p>\n<p>5</p>\n<p>6</p>\n<p>a=3</p>\n<p>a=a+2</p>\n<p>print(a)</p>\n<p>a=a+a</p>\n<p>print(a)</p>\n<p>Enter to Rename, Shift+Enter to Preview</p>\n<p>Run</p>\n<p>Petite explication des résultats affichés : Au début <em>a</em> vaut 3, on lui ajoute 2 et on stocke dans <em>a</em> donc maintenant <em>a</em> vaut 5, ce qu\'on affiche en premier. Ensuite on calcule <em>a+a</em> donc 5+5=10 qu\'on stocke de nouveau dans <em>a</em>, d\'où l\'affichage du 10 en deuxième.</p>\n<h2>Deuxième partie : Les opérations sur les variables numériques</h2>\n<p>Dans cette partie, nous allons voir les opérations de base que l\'on peut effectuer en python sur des nombres.</p>\n<ul>\n<li>\n<p>Il y a bien sur les quatre opérations classiques +, -, *, / avec les priorités opératoires habituelles. Par exemple :</p>\n<p>1</p>\n<p>2</p>\n<p>3</p>\n<p>4</p>\n<p>5</p>\n<p>6</p>\n<p>7</p>\n<p>a=5</p>\n<p>b=3</p>\n<p>print(a+b)</p>\n<p>print(a-b)</p>\n<p>print(a*b)</p>\n<p>print(a/b)</p>\n<p>Enter to Rename, Shift+Enter to Preview</p>\n<p>Run</p>\n</li>\n<li>\n<p>Les deux autres opérations qu\'on utilise couramment sont les puissances et la racine carrée.</p>\n<ul>\n<li>Pour les <em><strong>puissances</strong></em>, on double simplement la multiplication. Ainsi xnxnx^n s\'obtiendra en écrivant <code>x**n</code>.</li>\n<li>Pour la <em><strong>racine carrée</strong></em>, on va simplement utiliser une propriété mathématique : ?x\\=x0.5x\\=x0.5\\sqrt x = x^{0.5}. Donc pour calculer la racine carrée d\'un nombre x, il suffit d\'écrire <code>x**0.5</code>.<br />\n    Voici quelques exemples. On a rajouté des commentaires à coté des instructions d\'affichage des calculs pour que ces instructions soient plus claires. Pour écrire un commentaire, il suffit de mettre un # devant. Tout ce qui suit le # ne sera pas executé par l\'ordinateur et ne sert donc qu\'à la personne qui lit le programme.</li>\n</ul>\n<p>1</p>\n<p>2</p>\n<p>3</p>\n<p>4</p>\n<p>5</p>\n<p>print(2**3) # Affiche le résultat de 2 puissance 3</p>\n<p>print(3**2) # Affiche le résultat de 3 puissance 2</p>\n<p>print(9**0.5) # Affiche la racine carrée de 9</p>\n<p>print(2**0.5) # Affiche la racine carrée de 2</p>\n<p>Enter to Rename, Shift+Enter to Preview</p>\n<p>Run</p>\n</li>\n<li>\n<p>On peut aussi réaliser facilement des divisions euclidiennes (c\'est à dire les divisions posées comme au primaire).</p>\n<ul>\n<li>Pour obtenir le <em><strong>quotient</strong></em> de la division de a par b, il suffit d\'écrire <code>a//b</code>.</li>\n<li>Pour obtenir le <em><strong>reste</strong></em> de la division de a par b, il suffit d\'écrire <code>a%b</code>.<br />\n    Remarque : La différence entre <code>a/b</code>et <code>a//b</code>est que le premier donne une valeur approchée décimale à 16 chiffres après la virgule alors que la deuxième nous donne l\'<em><strong>entier</strong></em> q tel que 0 &lt;= a-bq &lt; b.<br />\n    Voici quelques exemples que vous pouvez modifier pour vérifier que vous avez bien compris.</li>\n</ul>\n<p>1</p>\n<p>2</p>\n<p>3</p>\n<p>4</p>\n<p>5</p>\n<p>a=17</p>\n<p>b=3</p>\n<p>print(a//b) # Affiche le quotient de la division euclidienne de a par b</p>\n<p>print(a%b) # Affiche le reste de la division euclidienne de a par b</p>\n<p>Enter to Rename, Shift+Enter to Preview</p>\n<p>Run</p>\n<p>Remarque : Même si ces opérations sont finalement assez peu utilisée en cours de mathématiques, elles le sont beaucoup plus en informatique, principalement le calcul du reste de la division euclidienne. Par exemple pour déterminer si un nombre est pair, il suffit de regarder si <code>x%2</code> vaut 0. En effet, un nombre est pair si et seulement si son reste par la division par 2 est nul. On l\'utilisera régulièrement dans les exercices.</p>\n</li>\n</ul>', 6, 1, '', NULL);

-- --------------------------------------------------------

--
-- Structure de la table `yaksh_lessonfile`
--

CREATE TABLE `yaksh_lessonfile` (
  `id` int(11) NOT NULL,
  `file` varchar(100) NOT NULL,
  `lesson_id` int(11) NOT NULL
) ENGINE=InnoDB DEFAULT CHARSET=latin1;

--
-- Déchargement des données de la table `yaksh_lessonfile`
--

INSERT INTO `yaksh_lessonfile` (`id`, `file`, `lesson_id`) VALUES
(1, 'Lesson_3/3_2008_CHAP8_Cours_Vecteurs_1.doc', 3);

-- --------------------------------------------------------

--
-- Structure de la table `yaksh_lessonquizanswer`
--

CREATE TABLE `yaksh_lessonquizanswer` (
  `id` int(11) NOT NULL,
  `answer_id` int(11) NOT NULL,
  `student_id` int(11) NOT NULL,
  `toc_id` int(11) NOT NULL
) ENGINE=InnoDB DEFAULT CHARSET=latin1;

--
-- Déchargement des données de la table `yaksh_lessonquizanswer`
--

INSERT INTO `yaksh_lessonquizanswer` (`id`, `answer_id`, `student_id`, `toc_id`) VALUES
(1, 20, 5, 2),
(2, 21, 5, 3),
(3, 22, 5, 5),
(4, 23, 5, 4),
(5, 24, 5, 5),
(6, 25, 5, 4),
(7, 26, 5, 5),
(8, 27, 5, 5),
(9, 28, 5, 5),
(10, 29, 5, 6),
(11, 30, 5, 7),
(12, 31, 5, 8),
(13, 32, 5, 4),
(14, 33, 5, 5);

-- --------------------------------------------------------

--
-- Structure de la table `yaksh_mcqtestcase`
--

CREATE TABLE `yaksh_mcqtestcase` (
  `testcase_ptr_id` int(11) NOT NULL,
  `options` longtext NOT NULL,
  `correct` tinyint(1) NOT NULL
) ENGINE=InnoDB DEFAULT CHARSET=latin1;

--
-- Déchargement des données de la table `yaksh_mcqtestcase`
--

INSERT INTO `yaksh_mcqtestcase` (`testcase_ptr_id`, `options`, `correct`) VALUES
(1, '1111111111', 0),
(2, '22222222', 1),
(3, '3333333', 0),
(22, 's.reverse()', 0),
(23, 's[::-1]', 1),
(24, 'reversed(s)', 0),
(25, '\"\'\'.join(reversed(s))', 1),
(34, 'tunis', 0),
(35, 'xyz', 0),
(36, '11111', 1),
(37, '222222', 0),
(38, 'hhhhhhh', 1),
(39, 'kkkkkk', 0);

-- --------------------------------------------------------

--
-- Structure de la table `yaksh_micromanager`
--

CREATE TABLE `yaksh_micromanager` (
  `id` int(11) NOT NULL,
  `special_attempt` tinyint(1) NOT NULL,
  `attempts_permitted` int(11) NOT NULL,
  `permitted_time` datetime(6) NOT NULL,
  `attempts_utilised` int(11) NOT NULL,
  `wait_time` int(11) NOT NULL,
  `attempt_valid_for` int(11) NOT NULL,
  `course_id` int(11) NOT NULL,
  `manager_id` int(11) DEFAULT NULL,
  `quiz_id` int(11) DEFAULT NULL,
  `student_id` int(11) NOT NULL
) ENGINE=InnoDB DEFAULT CHARSET=latin1;

-- --------------------------------------------------------

--
-- Structure de la table `yaksh_post`
--

CREATE TABLE `yaksh_post` (
  `forumbase_ptr_id` int(11) NOT NULL,
  `title` varchar(200) NOT NULL,
  `target_ct_id` int(11) DEFAULT NULL,
  `target_id` int(10) UNSIGNED DEFAULT NULL CHECK (`target_id` >= 0)
) ENGINE=InnoDB DEFAULT CHARSET=latin1;

--
-- Déchargement des données de la table `yaksh_post`
--

INSERT INTO `yaksh_post` (`forumbase_ptr_id`, `title`, `target_ct_id`, `target_id`) VALUES
(1, 'test', 11, 1),
(2, 'Cours : Ensembles de nombres et intervalles', 29, 1),
(3, 'chapitre 1', 11, 2),
(4, 'Demo Lesson', 29, 2),
(5, 'Édification sur le nouveau site', 11, 15),
(6, 'ggggggg', 29, 3),
(7, 'Méthodes :  Effectuer des calculs sans priorité', 29, 4),
(8, 'Méthodes : Effectuer des calculs avec des priorités (1)', 29, 5),
(9, 'cours : Configurations du plan', 29, 11),
(10, 'Les variables', 29, 12);

-- --------------------------------------------------------

--
-- Structure de la table `yaksh_profile`
--

CREATE TABLE `yaksh_profile` (
  `id` int(11) NOT NULL,
  `roll_number` varchar(20) NOT NULL,
  `institute` varchar(128) NOT NULL,
  `department` varchar(64) NOT NULL,
  `position` varchar(64) NOT NULL,
  `timezone` varchar(64) NOT NULL,
  `user_id` int(11) NOT NULL,
  `activation_key` varchar(255) DEFAULT NULL,
  `is_email_verified` tinyint(1) NOT NULL,
  `key_expiry_time` datetime(6) DEFAULT NULL,
  `is_moderator` tinyint(1) NOT NULL
) ENGINE=InnoDB DEFAULT CHARSET=latin1;

--
-- Déchargement des données de la table `yaksh_profile`
--

INSERT INTO `yaksh_profile` (`id`, `roll_number`, `institute`, `department`, `position`, `timezone`, `user_id`, `activation_key`, `is_email_verified`, `key_expiry_time`, `is_moderator`) VALUES
(1, '12345', 'Demo', 'Demo', 'Faculty', 'UTC', 2, NULL, 0, NULL, 1),
(2, '1234', 'demo', 'demo', 'Student', 'UTC', 3, NULL, 0, NULL, 0),
(3, '400', 'EPT', 'GIT', 'Ingeneer', 'Africa/Dakar', 4, NULL, 1, NULL, 1),
(4, '400', 'EPT', 'GIT', 'Ingeneer', 'Africa/Abidjan', 1, NULL, 0, NULL, 0),
(5, '25', 'lftm', '5eme asure', '', 'UTC', 5, NULL, 1, NULL, 0),
(6, '01', 'LFTM', 'Maths', '01', 'Africa/Nouakchott', 6, NULL, 0, NULL, 1),
(7, '14011987', 'GED, École internationale,porte du savoir.', 'Histoire-géographie', 'Professeur', 'Africa/Nouakchott', 8, NULL, 1, NULL, 1),
(8, '', 'LFTM', '2nd_marine', '', 'UTC', 9, NULL, 1, NULL, 0),
(9, '', 'LFTM', '2nd_marine', '', 'UTC', 10, NULL, 1, NULL, 0),
(10, '', 'LFTM', '2nd_marine', '', 'UTC', 11, NULL, 1, NULL, 0),
(11, '', 'LFTM', '2nd_marine', '', 'UTC', 12, NULL, 1, NULL, 0),
(12, '', 'LFTM', '2nd_marine', '', 'UTC', 13, NULL, 1, NULL, 0),
(13, '', 'LFTM', '2nd_marine', '', 'UTC', 14, NULL, 1, NULL, 0),
(14, '', 'LFTM', '2nd_marine', '', 'UTC', 15, NULL, 1, NULL, 0),
(15, '', 'LFTM', '2nd_marine', '', 'UTC', 16, NULL, 1, NULL, 0),
(16, '', 'LFTM', '2nd_marine', '', 'UTC', 17, NULL, 1, NULL, 0),
(17, '', 'LFTM', '2nd_marine', '', 'UTC', 18, NULL, 1, NULL, 0),
(18, '', 'LFTM', '2nd_marine', '', 'UTC', 19, NULL, 1, NULL, 0),
(19, '', 'LFTM', '2nd_marine', '', 'UTC', 20, NULL, 1, NULL, 0),
(20, '', 'LFTM', '2nd_marine', '', 'UTC', 21, NULL, 1, NULL, 0),
(21, '', 'LFTM', '2nd_marine', '', 'UTC', 22, NULL, 1, NULL, 0),
(22, '', 'LFTM', '2nd_marine', '', 'UTC', 23, NULL, 1, NULL, 0),
(23, '', 'LFTM', '2nd_marine', '', 'UTC', 24, NULL, 1, NULL, 0),
(24, '', 'LFTM', '2nd_marine', '', 'UTC', 25, NULL, 1, NULL, 0),
(25, '', 'LFTM', '2nd_marine', '', 'UTC', 26, NULL, 1, NULL, 0),
(26, '', 'LFTM', '2nd_marine', '', 'UTC', 27, NULL, 1, NULL, 0),
(27, '', 'LFTM', '2nd_marine', '', 'UTC', 28, NULL, 1, NULL, 0),
(28, '', 'LFTM', '2nd_marine', '', 'UTC', 29, NULL, 1, NULL, 0),
(29, '', 'LFTM', '2nd_marine', '', 'UTC', 30, NULL, 1, NULL, 0),
(30, '', 'LFTM', '2nd_marine', '', 'UTC', 31, NULL, 1, NULL, 0),
(31, '', 'LFTM', '2nd_marine', '', 'UTC', 32, NULL, 1, NULL, 0),
(32, '', 'LFTM', '2nd_marine', '', 'UTC', 33, NULL, 1, NULL, 0);

-- --------------------------------------------------------

--
-- Structure de la table `yaksh_qrcode`
--

CREATE TABLE `yaksh_qrcode` (
  `id` int(11) NOT NULL,
  `random_key` varchar(128) NOT NULL,
  `short_key` varchar(128) DEFAULT NULL,
  `image` varchar(100) NOT NULL,
  `used` tinyint(1) NOT NULL,
  `active` tinyint(1) NOT NULL,
  `handler_id` int(11) NOT NULL
) ENGINE=InnoDB DEFAULT CHARSET=latin1;

-- --------------------------------------------------------

--
-- Structure de la table `yaksh_qrcodehandler`
--

CREATE TABLE `yaksh_qrcodehandler` (
  `id` int(11) NOT NULL,
  `answerpaper_id` int(11) NOT NULL,
  `question_id` int(11) NOT NULL,
  `user_id` int(11) NOT NULL
) ENGINE=InnoDB DEFAULT CHARSET=latin1;

-- --------------------------------------------------------

--
-- Structure de la table `yaksh_question`
--

CREATE TABLE `yaksh_question` (
  `id` int(11) NOT NULL,
  `summary` varchar(256) NOT NULL,
  `description` longtext NOT NULL,
  `points` double NOT NULL,
  `language` varchar(24) NOT NULL,
  `type` varchar(24) NOT NULL,
  `active` tinyint(1) NOT NULL,
  `snippet` longtext NOT NULL,
  `partial_grading` tinyint(1) NOT NULL,
  `grade_assignment_upload` tinyint(1) NOT NULL,
  `user_id` int(11) NOT NULL,
  `min_time` int(11) NOT NULL,
  `solution` longtext NOT NULL,
  `topic` varchar(50) DEFAULT NULL
) ENGINE=InnoDB DEFAULT CHARSET=latin1;

--
-- Déchargement des données de la table `yaksh_question`
--

INSERT INTO `yaksh_question` (`id`, `summary`, `description`, `points`, `language`, `type`, `active`, `snippet`, `partial_grading`, `grade_assignment_upload`, `user_id`, `min_time`, `solution`, `topic`) VALUES
(1, 'question1', '<p>description test</p>', 1, 'other', 'mcq', 1, '', 0, 0, 6, 0, '', 'sujetttt'),
(2, 'question2', '<p>description question2</p>', 2, 'other', 'upload', 1, '', 0, 0, 6, 0, '', 'topic question 2'),
(3, 'question3', '<p>description question 3:</p>\r\n<p>7+3 = ????</p>', 4, 'other', 'integer', 1, '', 0, 0, 6, 0, '', 'topic question 3'),
(4, 'question 4', '<p>description question 4</p>', 3, 'other', 'arrange', 1, '', 0, 0, 6, 0, '', 'qquestion4'),
(5, 'question5', '<p>question 5</p>', 3, 'other', 'string', 1, '', 0, 0, 6, 0, '', 'question 5'),
(6, 'Find the value of n', 'Write the value of <i>n</i> for the following equation -\n$$\\ 3  = \\frac{n^2}{3}$$', 1, 'python', 'integer', 1, '', 0, 0, 6, 0, '', NULL),
(7, 'Print Output in Python2.x', 'What is the output for the following code in <b>Python 2.x</b>:\n<br>\n<code>\nprint(\"Hello\"*2)\n</code>', 1, 'python', 'string', 1, '', 0, 0, 6, 0, '', NULL),
(8, 'Adding decimals', 'Write down the resultant value of the following -\n<pre>1.1+2.2\n</pre><br/>', 1, 'python', 'float', 1, '', 0, 0, 6, 0, '', NULL),
(9, 'Check Palindrome', 'Write a function <code>is_palindrome(arg)</code> which will take one string argument.\n<br>\nReturn True if the argument is palindrome & False otherwise.\n <br>\nThe function should be case sensitive.\n<br><br>\nFor Example:<br><code>is_palindrome(\"Hello\")</code> should return <code>False</code><br>', 2, 'python', 'code', 1, 'def is_palindrome(s):', 0, 0, 6, 0, '', NULL),
(10, 'For Loop over String', 'Write a python script that accepts a <b>string</b> as input\n<br>\nThe script must print each character of the string using a for loop.\n\nFor example;\n<pre>\n<b>Input:</b>\nbox\n<b>Output</b>\nb\no\nx\n</pre>', 1, 'python', 'code', 1, '', 1, 0, 6, 0, '', NULL),
(11, 'Add 3 numbers', 'Write a program to add 3 numbers. \n<br>\nFunction Name is to be called <b>add</b>\n<br>\n<br><br>\n<pre>\n<b>Note:</b><i> You do not have to print anything, neither you have to make the function call. \nJust define the function to perform the required operation, return the output & click on check answer.\nAlso, note that the function name should exactly be as mentioned above.</i>\n</pre>', 2, 'c', 'code', 1, '', 0, 0, 6, 0, '', NULL),
(12, 'Hello World in File', 'Upload a file called <code>new.txt</code> which contains the string <code>Hello, World!</code>  in it.', 1, 'python', 'upload', 1, '', 0, 1, 6, 0, '', NULL),
(13, 'Reverse a string', 'Which of the following options would reverse the string?', 2, 'python', 'mcc', 1, '', 0, 0, 6, 0, '', NULL),
(14, 'Arrange code to convert km to miles', 'Arrange the following code such that it takes a value in <b>kilometers </b> as input and prints the value in <b>miles</b> -', 1, 'python', 'arrange', 1, '', 0, 0, 6, 0, '', NULL),
(15, 'Print Hello, World!', 'Write a bash script to print <code>Hello, World!</code> -', 1, 'bash', 'code', 1, '', 0, 0, 8, 0, '', NULL),
(16, 'Square of two numbers', 'Write a Java code which will take an <b>integer as input</b> and <b>print the square</b> of the integer -', 1, 'java', 'code', 1, 'import java.util.Scanner;\nclass Test{\npublic static void main(String args[]){\n// Write your code here\n}\n}', 1, 0, 6, 0, '', NULL),
(17, 'question', '<p>capitale du cameroune</p>', 2, 'other', 'mcq', 1, '', 0, 0, 8, 20, '', 'qiestion 1'),
(18, 'question1', '<p>description question1&nbsp;</p>', 1, 'other', 'mcq', 1, '', 0, 0, 6, 0, '', 'question11'),
(19, 'ghfhgfhgf', '<p>ghgfhgfh</p>', 1, 'other', 'mcq', 1, '', 0, 0, 6, 0, '', 'hgfhgfhgf'),
(20, 'a = ??', '<p>a =25+6-5+7= ?</p>', 1, 'other', 'integer', 1, '', 0, 0, 6, 0, '', 'a =25+6-5+7= ?'),
(21, 'b = ??', '<p>b= 45 : 5 *2 : 4&nbsp; = ?</p>', 1, 'other', 'float', 1, '', 0, 0, 6, 0, '', 'b= 45 : 5 *2 : 4  = ?'),
(22, 'a = ??', '<p>a = 25 + 4 * 6 = ??</p>', 1, 'other', 'integer', 1, '', 0, 0, 6, 0, '', 'a = 25 + 4 * 6 = ??'),
(23, 'b = ??', '<p>&nbsp;B = 4*7 -3*2 = ??</p>', 1, 'other', 'integer', 1, '', 0, 0, 6, 0, '', 'B = 4*7 -3*2 = ??'),
(24, 'c = ??', '<p>c = 52 - 8 : 2 = ??</p>', 1, 'other', 'integer', 1, '', 0, 0, 6, 0, '', 'c = 52 - 8 : 2 = ??');

-- --------------------------------------------------------

--
-- Structure de la table `yaksh_questionpaper`
--

CREATE TABLE `yaksh_questionpaper` (
  `id` int(11) NOT NULL,
  `shuffle_questions` tinyint(1) NOT NULL,
  `total_marks` double NOT NULL,
  `quiz_id` int(11) NOT NULL,
  `fixed_question_order` longtext NOT NULL,
  `shuffle_testcases` tinyint(1) NOT NULL
) ENGINE=InnoDB DEFAULT CHARSET=latin1;

--
-- Déchargement des données de la table `yaksh_questionpaper`
--

INSERT INTO `yaksh_questionpaper` (`id`, `shuffle_questions`, `total_marks`, `quiz_id`, `fixed_question_order`, `shuffle_testcases`) VALUES
(1, 0, 0, 1, '', 1),
(2, 1, 13, 2, '1,2,3,4,5', 1),
(3, 0, 1, 3, '1', 1),
(4, 0, 2, 4, '2', 1),
(5, 0, 1, 5, '1', 1),
(6, 0, 4, 6, '3', 1),
(7, 0, 3, 7, '4', 1),
(8, 0, 3, 8, '4', 1),
(9, 0, 3, 9, '4', 1),
(10, 0, 3, 10, '5', 1),
(11, 0, 3, 11, '5', 1),
(12, 0, 3, 12, '5', 1),
(14, 0, 0, 14, '', 1),
(16, 1, 13, 13, '1,2,3,4,5', 1),
(17, 0, 0, 15, '', 1),
(18, 0, 14, 16, '6,7,8,9,10,11,12,13,14,15,16', 1),
(19, 0, 0, 17, '', 1),
(20, 0, 0, 18, '', 1),
(21, 0, 0, 19, '', 1),
(22, 0, 1, 20, '17', 1),
(23, 0, 6, 21, '5,4,5,4', 1);

-- --------------------------------------------------------

--
-- Structure de la table `yaksh_questionpaper_fixed_questions`
--

CREATE TABLE `yaksh_questionpaper_fixed_questions` (
  `id` int(11) NOT NULL,
  `questionpaper_id` int(11) NOT NULL,
  `question_id` int(11) NOT NULL
) ENGINE=InnoDB DEFAULT CHARSET=latin1;

--
-- Déchargement des données de la table `yaksh_questionpaper_fixed_questions`
--

INSERT INTO `yaksh_questionpaper_fixed_questions` (`id`, `questionpaper_id`, `question_id`) VALUES
(11, 2, 1),
(12, 2, 2),
(13, 2, 3),
(14, 2, 4),
(15, 2, 5),
(1, 3, 1),
(2, 4, 2),
(3, 5, 1),
(4, 6, 3),
(5, 7, 4),
(6, 8, 4),
(7, 9, 4),
(8, 10, 5),
(9, 11, 5),
(10, 12, 5),
(16, 16, 1),
(17, 16, 2),
(18, 16, 3),
(19, 16, 4),
(20, 16, 5),
(21, 18, 6),
(22, 18, 7),
(23, 18, 8),
(24, 18, 9),
(25, 18, 10),
(26, 18, 11),
(27, 18, 12),
(28, 18, 13),
(29, 18, 14),
(30, 18, 15),
(31, 18, 16),
(32, 22, 17),
(33, 23, 4),
(34, 23, 5);

-- --------------------------------------------------------

--
-- Structure de la table `yaksh_questionpaper_random_questions`
--

CREATE TABLE `yaksh_questionpaper_random_questions` (
  `id` int(11) NOT NULL,
  `questionpaper_id` int(11) NOT NULL,
  `questionset_id` int(11) NOT NULL
) ENGINE=InnoDB DEFAULT CHARSET=latin1;

-- --------------------------------------------------------

--
-- Structure de la table `yaksh_questionset`
--

CREATE TABLE `yaksh_questionset` (
  `id` int(11) NOT NULL,
  `marks` double NOT NULL,
  `num_questions` int(11) NOT NULL
) ENGINE=InnoDB DEFAULT CHARSET=latin1;

-- --------------------------------------------------------

--
-- Structure de la table `yaksh_questionset_questions`
--

CREATE TABLE `yaksh_questionset_questions` (
  `id` int(11) NOT NULL,
  `questionset_id` int(11) NOT NULL,
  `question_id` int(11) NOT NULL
) ENGINE=InnoDB DEFAULT CHARSET=latin1;

-- --------------------------------------------------------

--
-- Structure de la table `yaksh_quiz`
--

CREATE TABLE `yaksh_quiz` (
  `id` int(11) NOT NULL,
  `start_date_time` datetime(6) DEFAULT NULL,
  `end_date_time` datetime(6) DEFAULT NULL,
  `duration` int(11) NOT NULL,
  `active` tinyint(1) NOT NULL,
  `description` varchar(256) NOT NULL,
  `pass_criteria` double NOT NULL,
  `attempts_allowed` int(11) NOT NULL,
  `time_between_attempts` double NOT NULL,
  `is_trial` tinyint(1) NOT NULL,
  `instructions` longtext DEFAULT NULL,
  `view_answerpaper` tinyint(1) NOT NULL,
  `allow_skip` tinyint(1) NOT NULL,
  `creator_id` int(11) DEFAULT NULL,
  `is_exercise` tinyint(1) NOT NULL,
  `weightage` double NOT NULL
) ENGINE=InnoDB DEFAULT CHARSET=latin1;

--
-- Déchargement des données de la table `yaksh_quiz`
--

INSERT INTO `yaksh_quiz` (`id`, `start_date_time`, `end_date_time`, `duration`, `active`, `description`, `pass_criteria`, `attempts_allowed`, `time_between_attempts`, `is_trial`, `instructions`, `view_answerpaper`, `allow_skip`, `creator_id`, `is_exercise`, `weightage`) VALUES
(1, '2021-07-16 12:19:19.000000', '2199-01-01 00:00:00.000000', 20, 1, 'test1', 40, 1, 0, 0, '<p>Ce syst&egrave;me d\'examen a &eacute;t&eacute; d&eacute;velopp&eacute; dans le but de vous faire apprendre la programmation et d\'&ecirc;tre &eacute;valu&eacute; de mani&egrave;re interactive et amusante. Une s&eacute;rie de questions et de probl&egrave;mes de programmation auxquels vous r&eacute;pondrez en ligne et pour lesquels vous obtiendrez des commentaires imm&eacute;diats vous seront pr&eacute;sent&eacute;s.</p>\r\n<p>Voici quelques instructions et r&egrave;gles importantes que vous devez comprendre attentivement.</p>\r\n<ul>\r\n<li>Pour toute question de programmation, vous pouvez soumettre des solutions autant de fois que vous le souhaitez sans p&eacute;nalit&eacute;. Vous pouvez ignorer les questions et les r&eacute;soudre plus tard.</li>\r\n<li>Vous <strong>pouvez</strong> utiliser le shell Python/IPython de votre ordinateur ou un &eacute;diteur pour r&eacute;soudre le probl&egrave;me et copier/coller la solution dans l\'interface Web.</li>\r\n<li><strong>Vous n\'&ecirc;tes pas autoris&eacute; &agrave; utiliser des ressources Internet, c\'est-&agrave;-dire pas de google, etc.</strong></li>\r\n<li>Ne copiez ni ne partagez les questions ou les r&eacute;ponses avec qui que ce soit avant la fin de l\'examen. compl&eacute;tez <strong>pour tout le monde</strong>.</li>\r\n<li><strong>Tous</strong> vos tentatives pour les questions sont enregistr&eacute;es. N\'essayez pas de d&eacute;jouer et de casser le syst&egrave;me de test. Si vous le faites, nous savons qui vous &ecirc;tes et nous vous expulserons du cours. Vous &ecirc;tes pr&eacute;venu.</li>\r\n</ul>\r\n<p>Nous esp&eacute;rons que cet examen vous plaira !!!</p>', 0, 1, 2, 0, 100),
(2, '2021-07-21 19:33:22.000000', '2199-01-01 00:00:00.000000', 30, 1, 'Quiz  ! chapitre 1', 40, 5, 0, 0, '<p>Ce syst&egrave;me d\'examen a &eacute;t&eacute; d&eacute;velopp&eacute; dans le but de vous faire apprendre la programmation et d\'&ecirc;tre &eacute;valu&eacute; de mani&egrave;re interactive et amusante. Une s&eacute;rie de questions et de probl&egrave;mes de programmation auxquels vous r&eacute;pondrez en ligne et pour lesquels vous obtiendrez des commentaires imm&eacute;diats vous seront pr&eacute;sent&eacute;s.</p>\r\n<p>Voici quelques instructions et r&egrave;gles importantes que vous devez comprendre attentivement.</p>\r\n<ul>\r\n<li>Pour toute question de programmation, vous pouvez soumettre des solutions autant de fois que vous le souhaitez sans p&eacute;nalit&eacute;. Vous pouvez ignorer les questions et les r&eacute;soudre plus tard.</li>\r\n<li>Vous <strong>pouvez</strong> utiliser le shell Python/IPython de votre ordinateur ou un &eacute;diteur pour r&eacute;soudre le probl&egrave;me et copier/coller la solution dans l\'interface Web.</li>\r\n<li><strong>Vous n\'&ecirc;tes pas autoris&eacute; &agrave; utiliser des ressources Internet, c\'est-&agrave;-dire pas de google, etc.</strong></li>\r\n<li>Ne copiez ni ne partagez les questions ou les r&eacute;ponses avec qui que ce soit avant la fin de l\'examen. compl&eacute;tez <strong>pour tout le monde</strong>.</li>\r\n<li><strong>Tous</strong> vos tentatives pour les questions sont enregistr&eacute;es. N\'essayez pas de d&eacute;jouer et de casser le syst&egrave;me de test. Si vous le faites, nous savons qui vous &ecirc;tes et nous vous expulserons du cours. Vous &ecirc;tes pr&eacute;venu.</li>\r\n</ul>\r\n<p>Nous esp&eacute;rons que cet examen vous plaira !!!</p>', 1, 1, 6, 0, 100),
(3, '2021-07-21 22:13:48.067557', '2199-01-01 00:00:00.000000', 1000, 1, 'trial_questions', 40, 1, 0, 1, NULL, 0, 1, 6, 0, 100),
(4, '2021-07-21 22:45:31.989222', '2199-01-01 00:00:00.000000', 1000, 1, 'trial_questions', 40, 1, 0, 1, NULL, 0, 1, 6, 0, 100),
(5, '2021-07-21 22:47:58.935088', '2199-01-01 00:00:00.000000', 1000, 1, 'trial_questions', 40, 1, 0, 1, NULL, 0, 1, 6, 0, 100),
(6, '2021-07-21 22:48:11.093575', '2199-01-01 00:00:00.000000', 1000, 1, 'trial_questions', 40, 1, 0, 1, NULL, 0, 1, 6, 0, 100),
(7, '2021-07-21 22:50:20.802179', '2199-01-01 00:00:00.000000', 1000, 1, 'trial_questions', 40, 1, 0, 1, NULL, 0, 1, 6, 0, 100),
(8, '2021-07-21 22:51:18.933260', '2199-01-01 00:00:00.000000', 1000, 1, 'trial_questions', 40, 1, 0, 1, NULL, 0, 1, 6, 0, 100),
(9, '2021-07-21 22:52:14.358591', '2199-01-01 00:00:00.000000', 1000, 1, 'trial_questions', 40, 1, 0, 1, NULL, 0, 1, 6, 0, 100),
(10, '2021-07-21 22:55:11.937713', '2199-01-01 00:00:00.000000', 1000, 1, 'trial_questions', 40, 1, 0, 1, NULL, 0, 1, 6, 0, 100),
(11, '2021-07-21 22:56:08.716843', '2199-01-01 00:00:00.000000', 1000, 1, 'trial_questions', 40, 1, 0, 1, NULL, 0, 1, 6, 0, 100),
(12, '2021-07-21 22:56:35.980880', '2199-01-01 00:00:00.000000', 1000, 1, 'trial_questions', 40, 1, 0, 1, NULL, 0, 1, 6, 0, 100),
(13, '2021-07-21 19:33:22.000000', '2199-01-01 00:00:00.000000', 30, 1, 'Trial_orig_id_2_usermode', 40, 1, 0, 1, '<p>Ce syst&egrave;me d\'examen a &eacute;t&eacute; d&eacute;velopp&eacute; dans le but de vous faire apprendre la programmation et d\'&ecirc;tre &eacute;valu&eacute; de mani&egrave;re interactive et amusante. Une s&eacute;rie de questions et de probl&egrave;mes de programmation auxquels vous r&eacute;pondrez en ligne et pour lesquels vous obtiendrez des commentaires imm&eacute;diats vous seront pr&eacute;sent&eacute;s.</p>\r\n<p>Voici quelques instructions et r&egrave;gles importantes que vous devez comprendre attentivement.</p>\r\n<ul>\r\n<li>Pour toute question de programmation, vous pouvez soumettre des solutions autant de fois que vous le souhaitez sans p&eacute;nalit&eacute;. Vous pouvez ignorer les questions et les r&eacute;soudre plus tard.</li>\r\n<li>Vous <strong>pouvez</strong> utiliser le shell Python/IPython de votre ordinateur ou un &eacute;diteur pour r&eacute;soudre le probl&egrave;me et copier/coller la solution dans l\'interface Web.</li>\r\n<li><strong>Vous n\'&ecirc;tes pas autoris&eacute; &agrave; utiliser des ressources Internet, c\'est-&agrave;-dire pas de google, etc.</strong></li>\r\n<li>Ne copiez ni ne partagez les questions ou les r&eacute;ponses avec qui que ce soit avant la fin de l\'examen. compl&eacute;tez <strong>pour tout le monde</strong>.</li>\r\n<li><strong>Tous</strong> vos tentatives pour les questions sont enregistr&eacute;es. N\'essayez pas de d&eacute;jouer et de casser le syst&egrave;me de test. Si vous le faites, nous savons qui vous &ecirc;tes et nous vous expulserons du cours. Vous &ecirc;tes pr&eacute;venu.</li>\r\n</ul>\r\n<p>Nous esp&eacute;rons que cet examen vous plaira !!!</p>', 0, 1, 6, 0, 100),
(14, '2021-07-21 22:58:55.831471', '2199-01-01 00:00:00.000000', 1000, 1, 'Trial_orig_id_2_godmode', 40, -1, 0, 1, '<p>Ce syst&egrave;me d\'examen a &eacute;t&eacute; d&eacute;velopp&eacute; dans le but de vous faire apprendre la programmation et d\'&ecirc;tre &eacute;valu&eacute; de mani&egrave;re interactive et amusante. Une s&eacute;rie de questions et de probl&egrave;mes de programmation auxquels vous r&eacute;pondrez en ligne et pour lesquels vous obtiendrez des commentaires imm&eacute;diats vous seront pr&eacute;sent&eacute;s.</p>\r\n<p>Voici quelques instructions et r&egrave;gles importantes que vous devez comprendre attentivement.</p>\r\n<ul>\r\n<li>Pour toute question de programmation, vous pouvez soumettre des solutions autant de fois que vous le souhaitez sans p&eacute;nalit&eacute;. Vous pouvez ignorer les questions et les r&eacute;soudre plus tard.</li>\r\n<li>Vous <strong>pouvez</strong> utiliser le shell Python/IPython de votre ordinateur ou un &eacute;diteur pour r&eacute;soudre le probl&egrave;me et copier/coller la solution dans l\'interface Web.</li>\r\n<li><strong>Vous n\'&ecirc;tes pas autoris&eacute; &agrave; utiliser des ressources Internet, c\'est-&agrave;-dire pas de google, etc.</strong></li>\r\n<li>Ne copiez ni ne partagez les questions ou les r&eacute;ponses avec qui que ce soit avant la fin de l\'examen. compl&eacute;tez <strong>pour tout le monde</strong>.</li>\r\n<li><strong>Tous</strong> vos tentatives pour les questions sont enregistr&eacute;es. N\'essayez pas de d&eacute;jouer et de casser le syst&egrave;me de test. Si vous le faites, nous savons qui vous &ecirc;tes et nous vous expulserons du cours. Vous &ecirc;tes pr&eacute;venu.</li>\r\n</ul>\r\n<p>Nous esp&eacute;rons que cet examen vous plaira !!!</p>', 0, 1, 6, 0, 100),
(15, '2021-07-21 23:28:32.191363', '2199-01-01 00:00:00.000000', 1000, 1, 'exercice', 0, -1, 0, 0, NULL, 1, 0, 6, 1, 0),
(16, '2021-07-22 04:25:01.311140', '2505-01-16 04:25:01.311150', 30, 1, 'Yaksh Demo quiz', 0, -1, 0, 0, '<b>This is a demo quiz.</b>', 0, 1, 6, 0, 100),
(17, '2021-07-23 15:01:03.000000', '2199-01-01 00:00:00.000000', 20, 1, 'La démocratie participative', 50, 1, 0, 0, '<p>Ce syst&egrave;me d\'examen a &eacute;t&eacute; d&eacute;velopp&eacute; dans le but de vous faire apprendre la programmation et d\'&ecirc;tre &eacute;valu&eacute; de mani&egrave;re interactive et amusante. Une s&eacute;rie de questions et de probl&egrave;mes de programmation auxquels vous r&eacute;pondrez en ligne et pour lesquels vous obtiendrez des commentaires imm&eacute;diats vous seront pr&eacute;sent&eacute;s.</p>\r\n<p>Voici quelques instructions et r&egrave;gles importantes que vous devez comprendre attentivement.</p>\r\n<ul>\r\n<li>Pour toute question de programmation, vous pouvez soumettre des solutions autant de fois que vous le souhaitez sans p&eacute;nalit&eacute;. Vous pouvez ignorer les questions et les r&eacute;soudre plus tard.</li>\r\n<li>Vous <strong>pouvez</strong> utiliser le shell Python/IPython de votre ordinateur ou un &eacute;diteur pour r&eacute;soudre le probl&egrave;me et copier/coller la solution dans l\'interface Web.</li>\r\n<li><strong>Vous n\'&ecirc;tes pas autoris&eacute; &agrave; utiliser des ressources Internet, c\'est-&agrave;-dire pas de google, etc.</strong></li>\r\n<li>Ne copiez ni ne partagez les questions ou les r&eacute;ponses avec qui que ce soit avant la fin de l\'examen. compl&eacute;tez <strong>pour tout le monde</strong>.</li>\r\n<li><strong>Tous</strong> vos tentatives pour les questions sont enregistr&eacute;es. N\'essayez pas de d&eacute;jouer et de casser le syst&egrave;me de test. Si vous le faites, nous savons qui vous &ecirc;tes et nous vous expulserons du cours. Vous &ecirc;tes pr&eacute;venu.</li>\r\n</ul>\r\n<p>Nous esp&eacute;rons que cet examen vous plaira !!!</p>', 0, 1, 8, 0, 100),
(18, '2021-07-23 16:01:48.000000', '2199-01-01 00:00:00.000000', 20, 1, 'Devoir : La démocratie participative', 40, 1, 0, 0, '<p>Ce syst&egrave;me d\'examen a &eacute;t&eacute; d&eacute;velopp&eacute; dans le but de vous faire apprendre la programmation et d\'&ecirc;tre &eacute;valu&eacute; de mani&egrave;re interactive et amusante. Une s&eacute;rie de questions et de probl&egrave;mes de programmation auxquels vous r&eacute;pondrez en ligne et pour lesquels vous obtiendrez des commentaires imm&eacute;diats vous seront pr&eacute;sent&eacute;s.</p>\r\n<p>Voici quelques instructions et r&egrave;gles importantes que vous devez comprendre attentivement.</p>\r\n<ul>\r\n<li>Pour toute question de programmation, vous pouvez soumettre des solutions autant de fois que vous le souhaitez sans p&eacute;nalit&eacute;. Vous pouvez ignorer les questions et les r&eacute;soudre plus tard.</li>\r\n<li>Vous <strong>pouvez</strong> utiliser le shell Python/IPython de votre ordinateur ou un &eacute;diteur pour r&eacute;soudre le probl&egrave;me et copier/coller la solution dans l\'interface Web.</li>\r\n<li><strong>Vous n\'&ecirc;tes pas autoris&eacute; &agrave; utiliser des ressources Internet, c\'est-&agrave;-dire pas de google, etc.</strong></li>\r\n<li>Ne copiez ni ne partagez les questions ou les r&eacute;ponses avec qui que ce soit avant la fin de l\'examen. compl&eacute;tez <strong>pour tout le monde</strong>.</li>\r\n<li><strong>Tous</strong> vos tentatives pour les questions sont enregistr&eacute;es. N\'essayez pas de d&eacute;jouer et de casser le syst&egrave;me de test. Si vous le faites, nous savons qui vous &ecirc;tes et nous vous expulserons du cours. Vous &ecirc;tes pr&eacute;venu.</li>\r\n</ul>\r\n<p>Nous esp&eacute;rons que cet examen vous plaira !!!</p>', 0, 1, 8, 0, 100),
(19, '2021-07-23 16:03:46.605478', '2199-01-01 00:00:00.000000', 1000, 1, 'Exercice Maison1', 0, -1, 0, 0, NULL, 1, 0, 8, 1, 0),
(20, '2021-07-23 16:20:42.647935', '2199-01-01 00:00:00.000000', 1000, 1, 'trial_questions', 40, 1, 0, 1, NULL, 0, 1, 8, 0, 100),
(21, '2021-07-25 17:13:46.000000', '2199-01-01 00:00:00.000000', 20, 1, 'bvcv', 40, 1, 0, 0, '<p>Ce syst&egrave;me d\'examen a &eacute;t&eacute; d&eacute;velopp&eacute; dans le but de vous faire apprendre la programmation et d\'&ecirc;tre &eacute;valu&eacute; de mani&egrave;re interactive et amusante. Une s&eacute;rie de questions et de probl&egrave;mes de programmation auxquels vous r&eacute;pondrez en ligne et pour lesquels vous obtiendrez des commentaires imm&eacute;diats vous seront pr&eacute;sent&eacute;s.</p>\r\n<p>Voici quelques instructions et r&egrave;gles importantes que vous devez comprendre attentivement.</p>\r\n<ul>\r\n<li>Pour toute question de programmation, vous pouvez soumettre des solutions autant de fois que vous le souhaitez sans p&eacute;nalit&eacute;. Vous pouvez ignorer les questions et les r&eacute;soudre plus tard.</li>\r\n<li>Vous <strong>pouvez</strong> utiliser le shell Python/IPython de votre ordinateur ou un &eacute;diteur pour r&eacute;soudre le probl&egrave;me et copier/coller la solution dans l\'interface Web.</li>\r\n<li><strong>Vous n\'&ecirc;tes pas autoris&eacute; &agrave; utiliser des ressources Internet, c\'est-&agrave;-dire pas de google, etc.</strong></li>\r\n<li>Ne copiez ni ne partagez les questions ou les r&eacute;ponses avec qui que ce soit avant la fin de l\'examen. compl&eacute;tez <strong>pour tout le monde</strong>.</li>\r\n<li><strong>Tous</strong> vos tentatives pour les questions sont enregistr&eacute;es. N\'essayez pas de d&eacute;jouer et de casser le syst&egrave;me de test. Si vous le faites, nous savons qui vous &ecirc;tes et nous vous expulserons du cours. Vous &ecirc;tes pr&eacute;venu.</li>\r\n</ul>\r\n<p>Nous esp&eacute;rons que cet examen vous plaira !!!</p>', 0, 1, 6, 0, 100);

-- --------------------------------------------------------

--
-- Structure de la table `yaksh_standardtestcase`
--

CREATE TABLE `yaksh_standardtestcase` (
  `testcase_ptr_id` int(11) NOT NULL,
  `test_case` longtext NOT NULL,
  `weight` double NOT NULL,
  `test_case_args` longtext NOT NULL,
  `hidden` tinyint(1) NOT NULL
) ENGINE=InnoDB DEFAULT CHARSET=latin1;

--
-- Déchargement des données de la table `yaksh_standardtestcase`
--

INSERT INTO `yaksh_standardtestcase` (`testcase_ptr_id`, `test_case`, `weight`, `test_case_args`, `hidden`) VALUES
(14, 'assert is_palindrome(\"hello\") == False', 1, '', 0),
(15, 'assert is_palindrome(\"nitin\") == True', 1, '', 0),
(16, 'assert is_palindrome(\"madaM\") == False', 1, '', 0),
(20, '#include <stdio.h>\n#include <stdlib.h>\n\nextern int add(int, int, int);\n\ntemplate <class T>\nvoid check(T expect,T result)\n{\n    if (expect == result)\n    {\n  printf(\"\\nCorrect:\\n Expected %d got %d \\n\",expect,result);\n    }\n    else \n    {\n  printf(\"\\nIncorrect:\\n Expected %d got %d \\n\",expect,result);\n  exit (1);\n   }\n}\n\nint main(void)\n{\n  int result;\n  result = add(0,0,0);\n        printf(\"Input submitted to the function: 0, 0, 0\");\n  check(0, result);\n  result = add(2,3,3);\n        printf(\"Input submitted to the function: 2, 3, 3\");\n  check(8,result);\n  printf(\"All Correct\\n\");\n}', 1, '', 0);

-- --------------------------------------------------------

--
-- Structure de la table `yaksh_stdiobasedtestcase`
--

CREATE TABLE `yaksh_stdiobasedtestcase` (
  `testcase_ptr_id` int(11) NOT NULL,
  `expected_input` longtext DEFAULT NULL,
  `expected_output` longtext NOT NULL,
  `weight` int(11) NOT NULL,
  `hidden` tinyint(1) NOT NULL
) ENGINE=InnoDB DEFAULT CHARSET=latin1;

--
-- Déchargement des données de la table `yaksh_stdiobasedtestcase`
--

INSERT INTO `yaksh_stdiobasedtestcase` (`testcase_ptr_id`, `expected_input`, `expected_output`, `weight`, `hidden`) VALUES
(17, 'string', 's\nt\nr\ni\nn\ng', 1, 0),
(18, 's t o p s i g n', 's\n \nt\n \no\n \np\n \ns\n \ni\n \ng\n \nn', 1, 0),
(29, '', 'Hello, World!', 1, 0),
(30, '2', '4', 1, 0),
(31, '4', '16', 1, 0),
(32, '0', '0', 1, 0),
(33, '-3', '9', 1, 0);

-- --------------------------------------------------------

--
-- Structure de la table `yaksh_stringtestcase`
--

CREATE TABLE `yaksh_stringtestcase` (
  `testcase_ptr_id` int(11) NOT NULL,
  `correct` longtext NOT NULL,
  `string_check` varchar(200) NOT NULL
) ENGINE=InnoDB DEFAULT CHARSET=latin1;

--
-- Déchargement des données de la table `yaksh_stringtestcase`
--

INSERT INTO `yaksh_stringtestcase` (`testcase_ptr_id`, `correct`, `string_check`) VALUES
(9, 'chaieb', 'lower'),
(12, 'HelloHello', 'exact');

-- --------------------------------------------------------

--
-- Structure de la table `yaksh_tableofcontents`
--

CREATE TABLE `yaksh_tableofcontents` (
  `id` int(11) NOT NULL,
  `time` varchar(100) NOT NULL,
  `content` int(11) NOT NULL,
  `object_id` int(10) UNSIGNED NOT NULL CHECK (`object_id` >= 0),
  `content_type_id` int(11) NOT NULL,
  `course_id` int(11) NOT NULL,
  `lesson_id` int(11) NOT NULL
) ENGINE=InnoDB DEFAULT CHARSET=latin1;

--
-- Déchargement des données de la table `yaksh_tableofcontents`
--

INSERT INTO `yaksh_tableofcontents` (`id`, `time`, `content`, `object_id`, `content_type_id`, `course_id`, `lesson_id`) VALUES
(1, '0', 1, 1, 29, 2, 1),
(2, '00:1:00', 2, 18, 14, 2, 3),
(3, '00:02:00', 3, 19, 14, 2, 3),
(4, '00:00:39', 3, 20, 14, 18, 4),
(5, '00:01:45', 3, 21, 14, 18, 4),
(6, '00:01:39', 2, 22, 14, 18, 5),
(7, '00:02:56', 2, 23, 14, 18, 5),
(8, '00:03:46', 2, 24, 14, 18, 5);

-- --------------------------------------------------------

--
-- Structure de la table `yaksh_testcase`
--

CREATE TABLE `yaksh_testcase` (
  `id` int(11) NOT NULL,
  `type` varchar(24) DEFAULT NULL,
  `question_id` int(11) DEFAULT NULL
) ENGINE=InnoDB DEFAULT CHARSET=latin1;

--
-- Déchargement des données de la table `yaksh_testcase`
--

INSERT INTO `yaksh_testcase` (`id`, `type`, `question_id`) VALUES
(1, 'mcqtestcase', 1),
(2, 'mcqtestcase', 1),
(3, 'mcqtestcase', 1),
(4, 'hooktestcase', 2),
(5, 'integertestcase', 3),
(6, 'arrangetestcase', 4),
(7, 'arrangetestcase', 4),
(8, 'arrangetestcase', 4),
(9, 'stringtestcase', 5),
(10, 'integertestcase', 6),
(11, 'integertestcase', 6),
(12, 'stringtestcase', 7),
(13, 'floattestcase', 8),
(14, 'standardtestcase', 9),
(15, 'standardtestcase', 9),
(16, 'standardtestcase', 9),
(17, 'stdiobasedtestcase', 10),
(18, 'stdiobasedtestcase', 10),
(19, 'hooktestcase', 10),
(20, 'standardtestcase', 11),
(21, 'hooktestcase', 12),
(22, 'mcqtestcase', 13),
(23, 'mcqtestcase', 13),
(24, 'mcqtestcase', 13),
(25, 'mcqtestcase', 13),
(26, 'arrangetestcase', 14),
(27, 'arrangetestcase', 14),
(28, 'arrangetestcase', 14),
(29, 'stdiobasedtestcase', 15),
(30, 'stdiobasedtestcase', 16),
(31, 'stdiobasedtestcase', 16),
(32, 'stdiobasedtestcase', 16),
(33, 'stdiobasedtestcase', 16),
(34, 'mcqtestcase', 17),
(35, 'mcqtestcase', 17),
(36, 'mcqtestcase', 18),
(37, 'mcqtestcase', 18),
(38, 'mcqtestcase', 19),
(39, 'mcqtestcase', 19),
(40, 'integertestcase', 20),
(41, 'floattestcase', 21),
(43, 'integertestcase', 22),
(44, 'integertestcase', 23),
(45, 'integertestcase', 24);

-- --------------------------------------------------------

--
-- Structure de la table `yaksh_testcaseorder`
--

CREATE TABLE `yaksh_testcaseorder` (
  `id` int(11) NOT NULL,
  `order` longtext NOT NULL,
  `answer_paper_id` int(11) NOT NULL,
  `question_id` int(11) NOT NULL
) ENGINE=InnoDB DEFAULT CHARSET=latin1;

--
-- Déchargement des données de la table `yaksh_testcaseorder`
--

INSERT INTO `yaksh_testcaseorder` (`id`, `order`, `answer_paper_id`, `question_id`) VALUES
(1, '1,3,2', 1, 1),
(2, '2,1,3', 3, 1),
(3, '6', 5, 4),
(4, '6', 6, 4),
(5, '7,8,6', 7, 4),
(6, '2,1,3', 11, 1),
(7, '7,8,6', 11, 4),
(8, '3,1,2', 12, 1),
(9, '7,8,6', 12, 4),
(10, '22,25,24,23', 13, 13),
(11, '26,27,28', 13, 14),
(12, '23,22,25,24', 14, 13),
(13, '28,26,27', 14, 14),
(14, '34,35', 15, 17),
(15, '6,7,8', 16, 4);

-- --------------------------------------------------------

--
-- Structure de la table `yaksh_topic`
--

CREATE TABLE `yaksh_topic` (
  `id` int(11) NOT NULL,
  `name` varchar(255) NOT NULL,
  `description` longtext DEFAULT NULL
) ENGINE=InnoDB DEFAULT CHARSET=latin1;

--
-- Index pour les tables déchargées
--

--
-- Index pour la table `authtoken_token`
--
ALTER TABLE `authtoken_token`
  ADD PRIMARY KEY (`key`),
  ADD UNIQUE KEY `user_id` (`user_id`);

--
-- Index pour la table `auth_group`
--
ALTER TABLE `auth_group`
  ADD PRIMARY KEY (`id`),
  ADD UNIQUE KEY `name` (`name`);

--
-- Index pour la table `auth_group_permissions`
--
ALTER TABLE `auth_group_permissions`
  ADD PRIMARY KEY (`id`),
  ADD UNIQUE KEY `auth_group_permissions_group_id_permission_id_0cd325b0_uniq` (`group_id`,`permission_id`),
  ADD KEY `auth_group_permissio_permission_id_84c5c92e_fk_auth_perm` (`permission_id`);

--
-- Index pour la table `auth_permission`
--
ALTER TABLE `auth_permission`
  ADD PRIMARY KEY (`id`),
  ADD UNIQUE KEY `auth_permission_content_type_id_codename_01ab375a_uniq` (`content_type_id`,`codename`);

--
-- Index pour la table `auth_user`
--
ALTER TABLE `auth_user`
  ADD PRIMARY KEY (`id`),
  ADD UNIQUE KEY `username` (`username`);

--
-- Index pour la table `auth_user_groups`
--
ALTER TABLE `auth_user_groups`
  ADD PRIMARY KEY (`id`),
  ADD UNIQUE KEY `auth_user_groups_user_id_group_id_94350c0c_uniq` (`user_id`,`group_id`),
  ADD KEY `auth_user_groups_group_id_97559544_fk_auth_group_id` (`group_id`);

--
-- Index pour la table `auth_user_user_permissions`
--
ALTER TABLE `auth_user_user_permissions`
  ADD PRIMARY KEY (`id`),
  ADD UNIQUE KEY `auth_user_user_permissions_user_id_permission_id_14a6b632_uniq` (`user_id`,`permission_id`),
  ADD KEY `auth_user_user_permi_permission_id_1fbb5f2c_fk_auth_perm` (`permission_id`);

--
-- Index pour la table `django_admin_log`
--
ALTER TABLE `django_admin_log`
  ADD PRIMARY KEY (`id`),
  ADD KEY `django_admin_log_content_type_id_c4bce8eb_fk_django_co` (`content_type_id`),
  ADD KEY `django_admin_log_user_id_c564eba6_fk_auth_user_id` (`user_id`);

--
-- Index pour la table `django_celery_beat_clockedschedule`
--
ALTER TABLE `django_celery_beat_clockedschedule`
  ADD PRIMARY KEY (`id`);

--
-- Index pour la table `django_celery_beat_crontabschedule`
--
ALTER TABLE `django_celery_beat_crontabschedule`
  ADD PRIMARY KEY (`id`);

--
-- Index pour la table `django_celery_beat_intervalschedule`
--
ALTER TABLE `django_celery_beat_intervalschedule`
  ADD PRIMARY KEY (`id`);

--
-- Index pour la table `django_celery_beat_periodictask`
--
ALTER TABLE `django_celery_beat_periodictask`
  ADD PRIMARY KEY (`id`),
  ADD UNIQUE KEY `name` (`name`),
  ADD KEY `django_celery_beat_p_crontab_id_d3cba168_fk_django_ce` (`crontab_id`),
  ADD KEY `django_celery_beat_p_interval_id_a8ca27da_fk_django_ce` (`interval_id`),
  ADD KEY `django_celery_beat_p_solar_id_a87ce72c_fk_django_ce` (`solar_id`),
  ADD KEY `django_celery_beat_p_clocked_id_47a69f82_fk_django_ce` (`clocked_id`);

--
-- Index pour la table `django_celery_beat_periodictasks`
--
ALTER TABLE `django_celery_beat_periodictasks`
  ADD PRIMARY KEY (`ident`);

--
-- Index pour la table `django_celery_beat_solarschedule`
--
ALTER TABLE `django_celery_beat_solarschedule`
  ADD PRIMARY KEY (`id`),
  ADD UNIQUE KEY `django_celery_beat_solar_event_latitude_longitude_ba64999a_uniq` (`event`,`latitude`,`longitude`);

--
-- Index pour la table `django_celery_results_taskresult`
--
ALTER TABLE `django_celery_results_taskresult`
  ADD PRIMARY KEY (`id`),
  ADD UNIQUE KEY `task_id` (`task_id`),
  ADD KEY `django_celery_results_taskresult_date_done_49edada6` (`date_done`),
  ADD KEY `django_celery_results_taskresult_status_cbbed23a` (`status`),
  ADD KEY `django_celery_results_taskresult_task_name_90987df3` (`task_name`),
  ADD KEY `django_celery_results_taskresult_worker_f8711389` (`worker`),
  ADD KEY `django_celery_results_taskresult_date_created_099f3424` (`date_created`);

--
-- Index pour la table `django_content_type`
--
ALTER TABLE `django_content_type`
  ADD PRIMARY KEY (`id`),
  ADD UNIQUE KEY `django_content_type_app_label_model_76bd3d3b_uniq` (`app_label`,`model`);

--
-- Index pour la table `django_migrations`
--
ALTER TABLE `django_migrations`
  ADD PRIMARY KEY (`id`);

--
-- Index pour la table `django_session`
--
ALTER TABLE `django_session`
  ADD PRIMARY KEY (`session_key`),
  ADD KEY `django_session_expire_date_a5c62663` (`expire_date`);

--
-- Index pour la table `forum_attachments_attachment`
--
ALTER TABLE `forum_attachments_attachment`
  ADD PRIMARY KEY (`id`),
  ADD KEY `forum_attachments_at_post_id_0476a843_fk_forum_con` (`post_id`);

--
-- Index pour la table `forum_conversation_post`
--
ALTER TABLE `forum_conversation_post`
  ADD PRIMARY KEY (`id`),
  ADD KEY `forum_conversation_p_topic_id_f6aaa418_fk_forum_con` (`topic_id`),
  ADD KEY `forum_conversation_post_updated_by_id_86093355_fk_auth_user_id` (`updated_by_id`),
  ADD KEY `forum_conversation_post_poster_id_19c4e995_fk_auth_user_id` (`poster_id`),
  ADD KEY `forum_conversation_post_approved_a1090910` (`approved`),
  ADD KEY `forum_conversation_post_enable_signature_b1ce8b55` (`enable_signature`);

--
-- Index pour la table `forum_conversation_topic`
--
ALTER TABLE `forum_conversation_topic`
  ADD PRIMARY KEY (`id`),
  ADD KEY `forum_conversation_topic_forum_id_e9cfe592_fk_forum_forum_id` (`forum_id`),
  ADD KEY `forum_conversation_topic_poster_id_0dd4fa07_fk_auth_user_id` (`poster_id`),
  ADD KEY `forum_conversation_topic_slug_c74ce2cc` (`slug`),
  ADD KEY `forum_conversation_topic_type_92971eb5` (`type`),
  ADD KEY `forum_conversation_topic_status_e78d0ae4` (`status`),
  ADD KEY `forum_conversation_topic_approved_ad3fcbf9` (`approved`),
  ADD KEY `forum_conversation_t_last_post_id_e14396a2_fk_forum_con` (`last_post_id`),
  ADD KEY `forum_conversation_t_first_post_id_ca473bd1_fk_forum_con` (`first_post_id`),
  ADD KEY `forum_conversation_topic_created_4e06996f` (`created`),
  ADD KEY `forum_conversation_topic_last_post_on_a287686b` (`last_post_on`),
  ADD KEY `forum_conversation_topic_updated_3a9e00a1` (`updated`),
  ADD KEY `forum_conve_type_cc96d0_idx` (`type`,`last_post_on`);

--
-- Index pour la table `forum_conversation_topic_subscribers`
--
ALTER TABLE `forum_conversation_topic_subscribers`
  ADD PRIMARY KEY (`id`),
  ADD UNIQUE KEY `forum_conversation_topic_topic_id_user_id_b2c961d5_uniq` (`topic_id`,`user_id`),
  ADD KEY `forum_conversation_t_user_id_7e386a79_fk_auth_user` (`user_id`);

--
-- Index pour la table `forum_forum`
--
ALTER TABLE `forum_forum`
  ADD PRIMARY KEY (`id`),
  ADD KEY `forum_forum_slug_b9acc50d` (`slug`),
  ADD KEY `forum_forum_type_30239563` (`type`),
  ADD KEY `forum_forum_tree_id_84a9227d` (`tree_id`),
  ADD KEY `forum_forum_parent_id_22edea05` (`parent_id`),
  ADD KEY `forum_forum_last_post_id_81b59e37_fk_forum_conversation_post_id` (`last_post_id`);

--
-- Index pour la table `forum_member_forumprofile`
--
ALTER TABLE `forum_member_forumprofile`
  ADD PRIMARY KEY (`id`),
  ADD UNIQUE KEY `user_id` (`user_id`);

--
-- Index pour la table `forum_permission_forumpermission`
--
ALTER TABLE `forum_permission_forumpermission`
  ADD PRIMARY KEY (`id`),
  ADD UNIQUE KEY `codename` (`codename`);

--
-- Index pour la table `forum_permission_groupforumpermission`
--
ALTER TABLE `forum_permission_groupforumpermission`
  ADD PRIMARY KEY (`id`),
  ADD UNIQUE KEY `forum_permission_groupfo_permission_id_forum_id_g_a1e477c8_uniq` (`permission_id`,`forum_id`,`group_id`),
  ADD KEY `forum_permission_gro_forum_id_d59d5cac_fk_forum_for` (`forum_id`),
  ADD KEY `forum_permission_gro_group_id_b515635b_fk_auth_grou` (`group_id`),
  ADD KEY `forum_permission_groupforumpermission_has_perm_48cae01d` (`has_perm`);

--
-- Index pour la table `forum_permission_userforumpermission`
--
ALTER TABLE `forum_permission_userforumpermission`
  ADD PRIMARY KEY (`id`),
  ADD UNIQUE KEY `forum_permission_userfor_permission_id_forum_id_u_024a3693_uniq` (`permission_id`,`forum_id`,`user_id`),
  ADD KEY `forum_permission_use_forum_id_f781f4d6_fk_forum_for` (`forum_id`),
  ADD KEY `forum_permission_use_user_id_8106d02d_fk_auth_user` (`user_id`),
  ADD KEY `forum_permission_userforumpermission_anonymous_user_8aabbd9d` (`anonymous_user`),
  ADD KEY `forum_permission_userforumpermission_has_perm_1b5ee7ac` (`has_perm`),
  ADD KEY `forum_permission_userforumpermission_authenticated_user_b677afa4` (`authenticated_user`);

--
-- Index pour la table `forum_polls_topicpoll`
--
ALTER TABLE `forum_polls_topicpoll`
  ADD PRIMARY KEY (`id`),
  ADD UNIQUE KEY `topic_id` (`topic_id`);

--
-- Index pour la table `forum_polls_topicpolloption`
--
ALTER TABLE `forum_polls_topicpolloption`
  ADD PRIMARY KEY (`id`),
  ADD KEY `forum_polls_topicpol_poll_id_a54cbd58_fk_forum_pol` (`poll_id`);

--
-- Index pour la table `forum_polls_topicpollvote`
--
ALTER TABLE `forum_polls_topicpollvote`
  ADD PRIMARY KEY (`id`),
  ADD KEY `forum_polls_topicpol_poll_option_id_a075b665_fk_forum_pol` (`poll_option_id`),
  ADD KEY `forum_polls_topicpollvote_voter_id_0a287559_fk_auth_user_id` (`voter_id`);

--
-- Index pour la table `forum_tracking_forumreadtrack`
--
ALTER TABLE `forum_tracking_forumreadtrack`
  ADD PRIMARY KEY (`id`),
  ADD UNIQUE KEY `forum_tracking_forumreadtrack_user_id_forum_id_3e64777a_uniq` (`user_id`,`forum_id`),
  ADD KEY `forum_tracking_forum_forum_id_bbd3fb47_fk_forum_for` (`forum_id`),
  ADD KEY `forum_tracking_forumreadtrack_mark_time_72eec39e` (`mark_time`);

--
-- Index pour la table `forum_tracking_topicreadtrack`
--
ALTER TABLE `forum_tracking_topicreadtrack`
  ADD PRIMARY KEY (`id`),
  ADD UNIQUE KEY `forum_tracking_topicreadtrack_user_id_topic_id_6fe3e105_uniq` (`user_id`,`topic_id`),
  ADD KEY `forum_tracking_topic_topic_id_9a53bd45_fk_forum_con` (`topic_id`),
  ADD KEY `forum_tracking_topicreadtrack_mark_time_7dafc483` (`mark_time`);

--
-- Index pour la table `grades_graderange`
--
ALTER TABLE `grades_graderange`
  ADD PRIMARY KEY (`id`),
  ADD KEY `grades_graderange_system_id_775318a7_fk_grades_gradingsystem_id` (`system_id`);

--
-- Index pour la table `grades_gradingsystem`
--
ALTER TABLE `grades_gradingsystem`
  ADD PRIMARY KEY (`id`),
  ADD UNIQUE KEY `name` (`name`),
  ADD KEY `grades_gradingsystem_creator_id_b4de4f90_fk_auth_user_id` (`creator_id`);

--
-- Index pour la table `notifications_plugin_notification`
--
ALTER TABLE `notifications_plugin_notification`
  ADD PRIMARY KEY (`id`),
  ADD KEY `notifications_plugin_message_id_a7ec5d15_fk_notificat` (`message_id`),
  ADD KEY `notifications_plugin_receiver_id_5a24d763_fk_auth_user` (`receiver_id`);

--
-- Index pour la table `notifications_plugin_notificationmessage`
--
ALTER TABLE `notifications_plugin_notificationmessage`
  ADD PRIMARY KEY (`id`),
  ADD UNIQUE KEY `uid` (`uid`),
  ADD KEY `notifications_plugin_creator_id_3e5ff33d_fk_auth_user` (`creator_id`);

--
-- Index pour la table `social_auth_association`
--
ALTER TABLE `social_auth_association`
  ADD PRIMARY KEY (`id`),
  ADD UNIQUE KEY `social_auth_association_server_url_handle_078befa2_uniq` (`server_url`,`handle`);

--
-- Index pour la table `social_auth_code`
--
ALTER TABLE `social_auth_code`
  ADD PRIMARY KEY (`id`),
  ADD UNIQUE KEY `social_auth_code_email_code_801b2d02_uniq` (`email`,`code`),
  ADD KEY `social_auth_code_code_a2393167` (`code`),
  ADD KEY `social_auth_code_timestamp_176b341f` (`timestamp`);

--
-- Index pour la table `social_auth_nonce`
--
ALTER TABLE `social_auth_nonce`
  ADD PRIMARY KEY (`id`),
  ADD UNIQUE KEY `social_auth_nonce_server_url_timestamp_salt_f6284463_uniq` (`server_url`,`timestamp`,`salt`);

--
-- Index pour la table `social_auth_partial`
--
ALTER TABLE `social_auth_partial`
  ADD PRIMARY KEY (`id`),
  ADD KEY `social_auth_partial_token_3017fea3` (`token`),
  ADD KEY `social_auth_partial_timestamp_50f2119f` (`timestamp`);

--
-- Index pour la table `social_auth_usersocialauth`
--
ALTER TABLE `social_auth_usersocialauth`
  ADD PRIMARY KEY (`id`),
  ADD UNIQUE KEY `social_auth_usersocialauth_provider_uid_e6b5e668_uniq` (`provider`,`uid`),
  ADD KEY `social_auth_usersocialauth_user_id_17d28448_fk_auth_user_id` (`user_id`);

--
-- Index pour la table `stats_lessonlog`
--
ALTER TABLE `stats_lessonlog`
  ADD PRIMARY KEY (`id`),
  ADD KEY `stats_lessonlog_track_id_7ebe38fb_fk_stats_tracklesson_id` (`track_id`);

--
-- Index pour la table `stats_tracklesson`
--
ALTER TABLE `stats_tracklesson`
  ADD PRIMARY KEY (`id`),
  ADD UNIQUE KEY `stats_tracklesson_user_id_course_id_lesson_id_c294aa32_uniq` (`user_id`,`course_id`,`lesson_id`),
  ADD KEY `stats_tracklesson_course_id_42f4a4c6_fk_yaksh_course_id` (`course_id`),
  ADD KEY `stats_tracklesson_lesson_id_9660edc8_fk_yaksh_lesson_id` (`lesson_id`);

--
-- Index pour la table `taggit_tag`
--
ALTER TABLE `taggit_tag`
  ADD PRIMARY KEY (`id`),
  ADD UNIQUE KEY `name` (`name`),
  ADD UNIQUE KEY `slug` (`slug`);

--
-- Index pour la table `taggit_taggeditem`
--
ALTER TABLE `taggit_taggeditem`
  ADD PRIMARY KEY (`id`),
  ADD UNIQUE KEY `taggit_taggeditem_content_type_id_object_id_tag_id_4bb97a8e_uniq` (`content_type_id`,`object_id`,`tag_id`),
  ADD KEY `taggit_taggeditem_tag_id_f4f5b767_fk_taggit_tag_id` (`tag_id`),
  ADD KEY `taggit_taggeditem_object_id_e2d7d1df` (`object_id`),
  ADD KEY `taggit_taggeditem_content_type_id_object_id_196cc965_idx` (`content_type_id`,`object_id`);

--
-- Index pour la table `translation_manager_remotetranslationentry`
--
ALTER TABLE `translation_manager_remotetranslationentry`
  ADD PRIMARY KEY (`id`),
  ADD UNIQUE KEY `translation_entry_id` (`translation_entry_id`);

--
-- Index pour la table `translation_manager_translationbackup`
--
ALTER TABLE `translation_manager_translationbackup`
  ADD PRIMARY KEY (`id`),
  ADD KEY `translation_manager_translationbackup_language_432e9686` (`language`),
  ADD KEY `translation_manager_translationbackup_locale_path_074a300b` (`locale_path`),
  ADD KEY `translation_manager_translationbackup_locale_parent_dir_41067be1` (`locale_parent_dir`),
  ADD KEY `translation_manager_translationbackup_domain_3365694c` (`domain`);

--
-- Index pour la table `translation_manager_translationentry`
--
ALTER TABLE `translation_manager_translationentry`
  ADD PRIMARY KEY (`id`),
  ADD KEY `translation_manager_translationentry_language_6686a890` (`language`),
  ADD KEY `translation_manager_translationentry_locale_path_a2c0cb51` (`locale_path`),
  ADD KEY `translation_manager_translationentry_locale_parent_dir_bdccb68e` (`locale_parent_dir`),
  ADD KEY `translation_manager_translationentry_domain_4c731b1c` (`domain`);

--
-- Index pour la table `yaksh_answer`
--
ALTER TABLE `yaksh_answer`
  ADD PRIMARY KEY (`id`),
  ADD KEY `yaksh_answer_question_id_19f505cd_fk_yaksh_question_id` (`question_id`);

--
-- Index pour la table `yaksh_answerpaper`
--
ALTER TABLE `yaksh_answerpaper`
  ADD PRIMARY KEY (`id`),
  ADD UNIQUE KEY `yaksh_answerpaper_user_id_question_paper_i_855b09b0_uniq` (`user_id`,`question_paper_id`,`attempt_number`,`course_id`),
  ADD KEY `yaksh_answerpaper_question_paper_id_fce5c7b3_fk_yaksh_que` (`question_paper_id`),
  ADD KEY `yaksh_answerpaper_course_id_ed02abb1_fk_yaksh_course_id` (`course_id`);

--
-- Index pour la table `yaksh_answerpaper_answers`
--
ALTER TABLE `yaksh_answerpaper_answers`
  ADD PRIMARY KEY (`id`),
  ADD UNIQUE KEY `yaksh_answerpaper_answers_answerpaper_id_answer_id_bd291732_uniq` (`answerpaper_id`,`answer_id`),
  ADD KEY `yaksh_answerpaper_answers_answer_id_9557db02_fk_yaksh_answer_id` (`answer_id`);

--
-- Index pour la table `yaksh_answerpaper_questions`
--
ALTER TABLE `yaksh_answerpaper_questions`
  ADD PRIMARY KEY (`id`),
  ADD UNIQUE KEY `yaksh_answerpaper_questi_answerpaper_id_question__c2ad2c8d_uniq` (`answerpaper_id`,`question_id`),
  ADD KEY `yaksh_answerpaper_qu_question_id_7283526b_fk_yaksh_que` (`question_id`);

--
-- Index pour la table `yaksh_answerpaper_questions_answered`
--
ALTER TABLE `yaksh_answerpaper_questions_answered`
  ADD PRIMARY KEY (`id`),
  ADD UNIQUE KEY `yaksh_answerpaper_questi_answerpaper_id_question__aba67f63_uniq` (`answerpaper_id`,`question_id`),
  ADD KEY `yaksh_answerpaper_qu_question_id_b6ab9bec_fk_yaksh_que` (`question_id`);

--
-- Index pour la table `yaksh_answerpaper_questions_unanswered`
--
ALTER TABLE `yaksh_answerpaper_questions_unanswered`
  ADD PRIMARY KEY (`id`),
  ADD UNIQUE KEY `yaksh_answerpaper_questi_answerpaper_id_question__e83be348_uniq` (`answerpaper_id`,`question_id`),
  ADD KEY `yaksh_answerpaper_qu_question_id_e161b286_fk_yaksh_que` (`question_id`);

--
-- Index pour la table `yaksh_arrangetestcase`
--
ALTER TABLE `yaksh_arrangetestcase`
  ADD PRIMARY KEY (`testcase_ptr_id`);

--
-- Index pour la table `yaksh_assignmentupload`
--
ALTER TABLE `yaksh_assignmentupload`
  ADD PRIMARY KEY (`id`),
  ADD KEY `yaksh_assignmentuplo_assignmentQuestion_i_3cefc133_fk_yaksh_que` (`assignmentQuestion_id`),
  ADD KEY `yaksh_assignmentuplo_answer_paper_id_137d4cdf_fk_yaksh_ans` (`answer_paper_id`);

--
-- Index pour la table `yaksh_comment`
--
ALTER TABLE `yaksh_comment`
  ADD PRIMARY KEY (`forumbase_ptr_id`),
  ADD KEY `yaksh_comment_post_field_id_abf32e23_fk_yaksh_pos` (`post_field_id`);

--
-- Index pour la table `yaksh_concurrentuser`
--
ALTER TABLE `yaksh_concurrentuser`
  ADD PRIMARY KEY (`id`),
  ADD UNIQUE KEY `concurrent_user_id` (`concurrent_user_id`);

--
-- Index pour la table `yaksh_course`
--
ALTER TABLE `yaksh_course`
  ADD PRIMARY KEY (`id`),
  ADD KEY `yaksh_course_creator_id_68d4890e_fk_auth_user_id` (`creator_id`),
  ADD KEY `yaksh_course_grading_system_id_b3f6bf38_fk_grades_gr` (`grading_system_id`);

--
-- Index pour la table `yaksh_coursestatus`
--
ALTER TABLE `yaksh_coursestatus`
  ADD PRIMARY KEY (`id`),
  ADD KEY `yaksh_coursestatus_course_id_1afb0a46_fk_yaksh_course_id` (`course_id`),
  ADD KEY `yaksh_coursestatus_current_unit_id_3b2a4190_fk_yaksh_lea` (`current_unit_id`),
  ADD KEY `yaksh_coursestatus_user_id_2265cea3_fk_auth_user_id` (`user_id`);

--
-- Index pour la table `yaksh_coursestatus_completed_units`
--
ALTER TABLE `yaksh_coursestatus_completed_units`
  ADD PRIMARY KEY (`id`),
  ADD UNIQUE KEY `yaksh_coursestatus_compl_coursestatus_id_learning_6e8b322c_uniq` (`coursestatus_id`,`learningunit_id`),
  ADD KEY `yaksh_coursestatus_c_learningunit_id_38c9c0fd_fk_yaksh_lea` (`learningunit_id`);

--
-- Index pour la table `yaksh_course_learning_module`
--
ALTER TABLE `yaksh_course_learning_module`
  ADD PRIMARY KEY (`id`),
  ADD UNIQUE KEY `yaksh_course_learning_mo_course_id_learningmodule_0625dcdf_uniq` (`course_id`,`learningmodule_id`),
  ADD KEY `yaksh_course_learnin_learningmodule_id_eb019170_fk_yaksh_lea` (`learningmodule_id`);

--
-- Index pour la table `yaksh_course_rejected`
--
ALTER TABLE `yaksh_course_rejected`
  ADD PRIMARY KEY (`id`),
  ADD UNIQUE KEY `yaksh_course_rejected_course_id_user_id_7af05e57_uniq` (`course_id`,`user_id`),
  ADD KEY `yaksh_course_rejected_user_id_ad122145_fk_auth_user_id` (`user_id`);

--
-- Index pour la table `yaksh_course_requests`
--
ALTER TABLE `yaksh_course_requests`
  ADD PRIMARY KEY (`id`),
  ADD UNIQUE KEY `yaksh_course_requests_course_id_user_id_78e5f15e_uniq` (`course_id`,`user_id`),
  ADD KEY `yaksh_course_requests_user_id_4fb8a3bc_fk_auth_user_id` (`user_id`);

--
-- Index pour la table `yaksh_course_students`
--
ALTER TABLE `yaksh_course_students`
  ADD PRIMARY KEY (`id`),
  ADD UNIQUE KEY `yaksh_course_students_course_id_user_id_3e93a02c_uniq` (`course_id`,`user_id`),
  ADD KEY `yaksh_course_students_user_id_86814858_fk_auth_user_id` (`user_id`);

--
-- Index pour la table `yaksh_course_teachers`
--
ALTER TABLE `yaksh_course_teachers`
  ADD PRIMARY KEY (`id`),
  ADD UNIQUE KEY `yaksh_course_teachers_course_id_user_id_14aca246_uniq` (`course_id`,`user_id`),
  ADD KEY `yaksh_course_teachers_user_id_b606996a_fk_auth_user_id` (`user_id`);

--
-- Index pour la table `yaksh_fileupload`
--
ALTER TABLE `yaksh_fileupload`
  ADD PRIMARY KEY (`id`),
  ADD KEY `yaksh_fileupload_question_id_e676e493_fk_yaksh_question_id` (`question_id`);

--
-- Index pour la table `yaksh_floattestcase`
--
ALTER TABLE `yaksh_floattestcase`
  ADD PRIMARY KEY (`testcase_ptr_id`);

--
-- Index pour la table `yaksh_forumbase`
--
ALTER TABLE `yaksh_forumbase`
  ADD PRIMARY KEY (`id`),
  ADD UNIQUE KEY `uid` (`uid`),
  ADD KEY `yaksh_forumbase_creator_id_79d07bbb_fk_auth_user_id` (`creator_id`);

--
-- Index pour la table `yaksh_hooktestcase`
--
ALTER TABLE `yaksh_hooktestcase`
  ADD PRIMARY KEY (`testcase_ptr_id`);

--
-- Index pour la table `yaksh_integertestcase`
--
ALTER TABLE `yaksh_integertestcase`
  ADD PRIMARY KEY (`testcase_ptr_id`);

--
-- Index pour la table `yaksh_learningmodule`
--
ALTER TABLE `yaksh_learningmodule`
  ADD PRIMARY KEY (`id`),
  ADD KEY `yaksh_learningmodule_creator_id_bd6a961f_fk_auth_user_id` (`creator_id`);

--
-- Index pour la table `yaksh_learningmodule_learning_unit`
--
ALTER TABLE `yaksh_learningmodule_learning_unit`
  ADD PRIMARY KEY (`id`),
  ADD UNIQUE KEY `yaksh_learningmodule_lea_learningmodule_id_learni_4641757b_uniq` (`learningmodule_id`,`learningunit_id`),
  ADD KEY `yaksh_learningmodule_learningunit_id_9047c63e_fk_yaksh_lea` (`learningunit_id`);

--
-- Index pour la table `yaksh_learningunit`
--
ALTER TABLE `yaksh_learningunit`
  ADD PRIMARY KEY (`id`),
  ADD KEY `yaksh_learningunit_lesson_id_18598463_fk_yaksh_lesson_id` (`lesson_id`),
  ADD KEY `yaksh_learningunit_quiz_id_477894a5_fk_yaksh_quiz_id` (`quiz_id`);

--
-- Index pour la table `yaksh_lesson`
--
ALTER TABLE `yaksh_lesson`
  ADD PRIMARY KEY (`id`),
  ADD KEY `yaksh_lesson_creator_id_23b2d0aa_fk_auth_user_id` (`creator_id`);

--
-- Index pour la table `yaksh_lessonfile`
--
ALTER TABLE `yaksh_lessonfile`
  ADD PRIMARY KEY (`id`),
  ADD KEY `yaksh_lessonfile_lesson_id_46b0d02a_fk_yaksh_lesson_id` (`lesson_id`);

--
-- Index pour la table `yaksh_lessonquizanswer`
--
ALTER TABLE `yaksh_lessonquizanswer`
  ADD PRIMARY KEY (`id`),
  ADD KEY `yaksh_lessonquizanswer_answer_id_93ad138e_fk_yaksh_answer_id` (`answer_id`),
  ADD KEY `yaksh_lessonquizanswer_student_id_cedeb5ac_fk_auth_user_id` (`student_id`),
  ADD KEY `yaksh_lessonquizansw_toc_id_e7e6f088_fk_yaksh_tab` (`toc_id`);

--
-- Index pour la table `yaksh_mcqtestcase`
--
ALTER TABLE `yaksh_mcqtestcase`
  ADD PRIMARY KEY (`testcase_ptr_id`);

--
-- Index pour la table `yaksh_micromanager`
--
ALTER TABLE `yaksh_micromanager`
  ADD PRIMARY KEY (`id`),
  ADD UNIQUE KEY `yaksh_micromanager_student_id_course_id_quiz_id_efb4b7f5_uniq` (`student_id`,`course_id`,`quiz_id`),
  ADD KEY `yaksh_micromanager_course_id_4d2d4518_fk_yaksh_course_id` (`course_id`),
  ADD KEY `yaksh_micromanager_manager_id_877025e4_fk_auth_user_id` (`manager_id`),
  ADD KEY `yaksh_micromanager_quiz_id_7042b150_fk_yaksh_quiz_id` (`quiz_id`);

--
-- Index pour la table `yaksh_post`
--
ALTER TABLE `yaksh_post`
  ADD PRIMARY KEY (`forumbase_ptr_id`),
  ADD KEY `yaksh_post_target_ct_id_e7713bb9_fk_django_content_type_id` (`target_ct_id`),
  ADD KEY `yaksh_post_target_id_6d065af7` (`target_id`);

--
-- Index pour la table `yaksh_profile`
--
ALTER TABLE `yaksh_profile`
  ADD PRIMARY KEY (`id`),
  ADD UNIQUE KEY `user_id` (`user_id`);

--
-- Index pour la table `yaksh_qrcode`
--
ALTER TABLE `yaksh_qrcode`
  ADD PRIMARY KEY (`id`),
  ADD UNIQUE KEY `short_key` (`short_key`),
  ADD KEY `yaksh_qrcode_handler_id_181a9aa0_fk_yaksh_qrcodehandler_id` (`handler_id`);

--
-- Index pour la table `yaksh_qrcodehandler`
--
ALTER TABLE `yaksh_qrcodehandler`
  ADD PRIMARY KEY (`id`),
  ADD KEY `yaksh_qrcodehandler_answerpaper_id_5894773e_fk_yaksh_ans` (`answerpaper_id`),
  ADD KEY `yaksh_qrcodehandler_question_id_b93d8024_fk_yaksh_question_id` (`question_id`),
  ADD KEY `yaksh_qrcodehandler_user_id_c46fe0cf_fk_auth_user_id` (`user_id`);

--
-- Index pour la table `yaksh_question`
--
ALTER TABLE `yaksh_question`
  ADD PRIMARY KEY (`id`),
  ADD KEY `yaksh_question_user_id_4de97c4f_fk_auth_user_id` (`user_id`);

--
-- Index pour la table `yaksh_questionpaper`
--
ALTER TABLE `yaksh_questionpaper`
  ADD PRIMARY KEY (`id`),
  ADD KEY `yaksh_questionpaper_quiz_id_0cdf5e64_fk_yaksh_quiz_id` (`quiz_id`);

--
-- Index pour la table `yaksh_questionpaper_fixed_questions`
--
ALTER TABLE `yaksh_questionpaper_fixed_questions`
  ADD PRIMARY KEY (`id`),
  ADD UNIQUE KEY `yaksh_questionpaper_fixe_questionpaper_id_questio_6bd98573_uniq` (`questionpaper_id`,`question_id`),
  ADD KEY `yaksh_questionpaper__question_id_59ce8e35_fk_yaksh_que` (`question_id`);

--
-- Index pour la table `yaksh_questionpaper_random_questions`
--
ALTER TABLE `yaksh_questionpaper_random_questions`
  ADD PRIMARY KEY (`id`),
  ADD UNIQUE KEY `yaksh_questionpaper_rand_questionpaper_id_questio_71baf45e_uniq` (`questionpaper_id`,`questionset_id`),
  ADD KEY `yaksh_questionpaper__questionset_id_cba8dcbc_fk_yaksh_que` (`questionset_id`);

--
-- Index pour la table `yaksh_questionset`
--
ALTER TABLE `yaksh_questionset`
  ADD PRIMARY KEY (`id`);

--
-- Index pour la table `yaksh_questionset_questions`
--
ALTER TABLE `yaksh_questionset_questions`
  ADD PRIMARY KEY (`id`),
  ADD UNIQUE KEY `yaksh_questionset_questi_questionset_id_question__f4f9fe1e_uniq` (`questionset_id`,`question_id`),
  ADD KEY `yaksh_questionset_qu_question_id_701c597d_fk_yaksh_que` (`question_id`);

--
-- Index pour la table `yaksh_quiz`
--
ALTER TABLE `yaksh_quiz`
  ADD PRIMARY KEY (`id`),
  ADD KEY `yaksh_quiz_creator_id_ec9e9a6b_fk_auth_user_id` (`creator_id`);

--
-- Index pour la table `yaksh_standardtestcase`
--
ALTER TABLE `yaksh_standardtestcase`
  ADD PRIMARY KEY (`testcase_ptr_id`);

--
-- Index pour la table `yaksh_stdiobasedtestcase`
--
ALTER TABLE `yaksh_stdiobasedtestcase`
  ADD PRIMARY KEY (`testcase_ptr_id`);

--
-- Index pour la table `yaksh_stringtestcase`
--
ALTER TABLE `yaksh_stringtestcase`
  ADD PRIMARY KEY (`testcase_ptr_id`);

--
-- Index pour la table `yaksh_tableofcontents`
--
ALTER TABLE `yaksh_tableofcontents`
  ADD PRIMARY KEY (`id`),
  ADD KEY `yaksh_tableofcontent_content_type_id_e95e096c_fk_django_co` (`content_type_id`),
  ADD KEY `yaksh_tableofcontents_course_id_ec2d879a_fk_yaksh_course_id` (`course_id`),
  ADD KEY `yaksh_tableofcontents_lesson_id_a2f518a1_fk_yaksh_lesson_id` (`lesson_id`);

--
-- Index pour la table `yaksh_testcase`
--
ALTER TABLE `yaksh_testcase`
  ADD PRIMARY KEY (`id`),
  ADD KEY `yaksh_testcase_question_id_936815e6_fk_yaksh_question_id` (`question_id`);

--
-- Index pour la table `yaksh_testcaseorder`
--
ALTER TABLE `yaksh_testcaseorder`
  ADD PRIMARY KEY (`id`),
  ADD KEY `yaksh_testcaseorder_question_id_12fec910_fk_yaksh_question_id` (`question_id`),
  ADD KEY `yaksh_testcaseorder_answer_paper_id_b50c5225_fk_yaksh_ans` (`answer_paper_id`);

--
-- Index pour la table `yaksh_topic`
--
ALTER TABLE `yaksh_topic`
  ADD PRIMARY KEY (`id`);

--
-- AUTO_INCREMENT pour les tables déchargées
--

--
-- AUTO_INCREMENT pour la table `auth_group`
--
ALTER TABLE `auth_group`
  MODIFY `id` int(11) NOT NULL AUTO_INCREMENT, AUTO_INCREMENT=8;

--
-- AUTO_INCREMENT pour la table `auth_group_permissions`
--
ALTER TABLE `auth_group_permissions`
  MODIFY `id` int(11) NOT NULL AUTO_INCREMENT, AUTO_INCREMENT=55;

--
-- AUTO_INCREMENT pour la table `auth_permission`
--
ALTER TABLE `auth_permission`
  MODIFY `id` int(11) NOT NULL AUTO_INCREMENT, AUTO_INCREMENT=319;

--
-- AUTO_INCREMENT pour la table `auth_user`
--
ALTER TABLE `auth_user`
  MODIFY `id` int(11) NOT NULL AUTO_INCREMENT, AUTO_INCREMENT=34;

--
-- AUTO_INCREMENT pour la table `auth_user_groups`
--
ALTER TABLE `auth_user_groups`
  MODIFY `id` int(11) NOT NULL AUTO_INCREMENT, AUTO_INCREMENT=15;

--
-- AUTO_INCREMENT pour la table `auth_user_user_permissions`
--
ALTER TABLE `auth_user_user_permissions`
  MODIFY `id` int(11) NOT NULL AUTO_INCREMENT, AUTO_INCREMENT=267;

--
-- AUTO_INCREMENT pour la table `django_admin_log`
--
ALTER TABLE `django_admin_log`
  MODIFY `id` int(11) NOT NULL AUTO_INCREMENT, AUTO_INCREMENT=88;

--
-- AUTO_INCREMENT pour la table `django_celery_beat_clockedschedule`
--
ALTER TABLE `django_celery_beat_clockedschedule`
  MODIFY `id` int(11) NOT NULL AUTO_INCREMENT;

--
-- AUTO_INCREMENT pour la table `django_celery_beat_crontabschedule`
--
ALTER TABLE `django_celery_beat_crontabschedule`
  MODIFY `id` int(11) NOT NULL AUTO_INCREMENT;

--
-- AUTO_INCREMENT pour la table `django_celery_beat_intervalschedule`
--
ALTER TABLE `django_celery_beat_intervalschedule`
  MODIFY `id` int(11) NOT NULL AUTO_INCREMENT;

--
-- AUTO_INCREMENT pour la table `django_celery_beat_periodictask`
--
ALTER TABLE `django_celery_beat_periodictask`
  MODIFY `id` int(11) NOT NULL AUTO_INCREMENT;

--
-- AUTO_INCREMENT pour la table `django_celery_beat_solarschedule`
--
ALTER TABLE `django_celery_beat_solarschedule`
  MODIFY `id` int(11) NOT NULL AUTO_INCREMENT;

--
-- AUTO_INCREMENT pour la table `django_celery_results_taskresult`
--
ALTER TABLE `django_celery_results_taskresult`
  MODIFY `id` int(11) NOT NULL AUTO_INCREMENT;

--
-- AUTO_INCREMENT pour la table `django_content_type`
--
ALTER TABLE `django_content_type`
  MODIFY `id` int(11) NOT NULL AUTO_INCREMENT, AUTO_INCREMENT=80;

--
-- AUTO_INCREMENT pour la table `django_migrations`
--
ALTER TABLE `django_migrations`
  MODIFY `id` int(11) NOT NULL AUTO_INCREMENT, AUTO_INCREMENT=145;

--
-- AUTO_INCREMENT pour la table `forum_attachments_attachment`
--
ALTER TABLE `forum_attachments_attachment`
  MODIFY `id` int(11) NOT NULL AUTO_INCREMENT, AUTO_INCREMENT=7;

--
-- AUTO_INCREMENT pour la table `forum_conversation_post`
--
ALTER TABLE `forum_conversation_post`
  MODIFY `id` int(11) NOT NULL AUTO_INCREMENT, AUTO_INCREMENT=15;

--
-- AUTO_INCREMENT pour la table `forum_conversation_topic`
--
ALTER TABLE `forum_conversation_topic`
  MODIFY `id` int(11) NOT NULL AUTO_INCREMENT, AUTO_INCREMENT=10;

--
-- AUTO_INCREMENT pour la table `forum_conversation_topic_subscribers`
--
ALTER TABLE `forum_conversation_topic_subscribers`
  MODIFY `id` int(11) NOT NULL AUTO_INCREMENT, AUTO_INCREMENT=2;

--
-- AUTO_INCREMENT pour la table `forum_forum`
--
ALTER TABLE `forum_forum`
  MODIFY `id` int(11) NOT NULL AUTO_INCREMENT, AUTO_INCREMENT=26;

--
-- AUTO_INCREMENT pour la table `forum_member_forumprofile`
--
ALTER TABLE `forum_member_forumprofile`
  MODIFY `id` int(11) NOT NULL AUTO_INCREMENT, AUTO_INCREMENT=3;

--
-- AUTO_INCREMENT pour la table `forum_permission_forumpermission`
--
ALTER TABLE `forum_permission_forumpermission`
  MODIFY `id` int(11) NOT NULL AUTO_INCREMENT, AUTO_INCREMENT=20;

--
-- AUTO_INCREMENT pour la table `forum_permission_groupforumpermission`
--
ALTER TABLE `forum_permission_groupforumpermission`
  MODIFY `id` int(11) NOT NULL AUTO_INCREMENT;

--
-- AUTO_INCREMENT pour la table `forum_permission_userforumpermission`
--
ALTER TABLE `forum_permission_userforumpermission`
  MODIFY `id` int(11) NOT NULL AUTO_INCREMENT;

--
-- AUTO_INCREMENT pour la table `forum_polls_topicpoll`
--
ALTER TABLE `forum_polls_topicpoll`
  MODIFY `id` int(11) NOT NULL AUTO_INCREMENT, AUTO_INCREMENT=10;

--
-- AUTO_INCREMENT pour la table `forum_polls_topicpolloption`
--
ALTER TABLE `forum_polls_topicpolloption`
  MODIFY `id` int(11) NOT NULL AUTO_INCREMENT, AUTO_INCREMENT=3;

--
-- AUTO_INCREMENT pour la table `forum_polls_topicpollvote`
--
ALTER TABLE `forum_polls_topicpollvote`
  MODIFY `id` int(11) NOT NULL AUTO_INCREMENT;

--
-- AUTO_INCREMENT pour la table `forum_tracking_forumreadtrack`
--
ALTER TABLE `forum_tracking_forumreadtrack`
  MODIFY `id` int(11) NOT NULL AUTO_INCREMENT, AUTO_INCREMENT=9;

--
-- AUTO_INCREMENT pour la table `forum_tracking_topicreadtrack`
--
ALTER TABLE `forum_tracking_topicreadtrack`
  MODIFY `id` int(11) NOT NULL AUTO_INCREMENT, AUTO_INCREMENT=19;

--
-- AUTO_INCREMENT pour la table `grades_graderange`
--
ALTER TABLE `grades_graderange`
  MODIFY `id` int(11) NOT NULL AUTO_INCREMENT, AUTO_INCREMENT=7;

--
-- AUTO_INCREMENT pour la table `grades_gradingsystem`
--
ALTER TABLE `grades_gradingsystem`
  MODIFY `id` int(11) NOT NULL AUTO_INCREMENT, AUTO_INCREMENT=2;

--
-- AUTO_INCREMENT pour la table `notifications_plugin_notification`
--
ALTER TABLE `notifications_plugin_notification`
  MODIFY `id` int(11) NOT NULL AUTO_INCREMENT;

--
-- AUTO_INCREMENT pour la table `notifications_plugin_notificationmessage`
--
ALTER TABLE `notifications_plugin_notificationmessage`
  MODIFY `id` int(11) NOT NULL AUTO_INCREMENT;

--
-- AUTO_INCREMENT pour la table `social_auth_association`
--
ALTER TABLE `social_auth_association`
  MODIFY `id` int(11) NOT NULL AUTO_INCREMENT;

--
-- AUTO_INCREMENT pour la table `social_auth_code`
--
ALTER TABLE `social_auth_code`
  MODIFY `id` int(11) NOT NULL AUTO_INCREMENT;

--
-- AUTO_INCREMENT pour la table `social_auth_nonce`
--
ALTER TABLE `social_auth_nonce`
  MODIFY `id` int(11) NOT NULL AUTO_INCREMENT;

--
-- AUTO_INCREMENT pour la table `social_auth_partial`
--
ALTER TABLE `social_auth_partial`
  MODIFY `id` int(11) NOT NULL AUTO_INCREMENT;

--
-- AUTO_INCREMENT pour la table `social_auth_usersocialauth`
--
ALTER TABLE `social_auth_usersocialauth`
  MODIFY `id` int(11) NOT NULL AUTO_INCREMENT;

--
-- AUTO_INCREMENT pour la table `stats_lessonlog`
--
ALTER TABLE `stats_lessonlog`
  MODIFY `id` int(11) NOT NULL AUTO_INCREMENT, AUTO_INCREMENT=16;

--
-- AUTO_INCREMENT pour la table `stats_tracklesson`
--
ALTER TABLE `stats_tracklesson`
  MODIFY `id` int(11) NOT NULL AUTO_INCREMENT, AUTO_INCREMENT=11;

--
-- AUTO_INCREMENT pour la table `taggit_tag`
--
ALTER TABLE `taggit_tag`
  MODIFY `id` int(11) NOT NULL AUTO_INCREMENT, AUTO_INCREMENT=46;

--
-- AUTO_INCREMENT pour la table `taggit_taggeditem`
--
ALTER TABLE `taggit_taggeditem`
  MODIFY `id` int(11) NOT NULL AUTO_INCREMENT, AUTO_INCREMENT=77;

--
-- AUTO_INCREMENT pour la table `translation_manager_remotetranslationentry`
--
ALTER TABLE `translation_manager_remotetranslationentry`
  MODIFY `id` int(11) NOT NULL AUTO_INCREMENT;

--
-- AUTO_INCREMENT pour la table `translation_manager_translationbackup`
--
ALTER TABLE `translation_manager_translationbackup`
  MODIFY `id` int(11) NOT NULL AUTO_INCREMENT;

--
-- AUTO_INCREMENT pour la table `translation_manager_translationentry`
--
ALTER TABLE `translation_manager_translationentry`
  MODIFY `id` int(11) NOT NULL AUTO_INCREMENT, AUTO_INCREMENT=674;

--
-- AUTO_INCREMENT pour la table `yaksh_answer`
--
ALTER TABLE `yaksh_answer`
  MODIFY `id` int(11) NOT NULL AUTO_INCREMENT, AUTO_INCREMENT=34;

--
-- AUTO_INCREMENT pour la table `yaksh_answerpaper`
--
ALTER TABLE `yaksh_answerpaper`
  MODIFY `id` int(11) NOT NULL AUTO_INCREMENT, AUTO_INCREMENT=17;

--
-- AUTO_INCREMENT pour la table `yaksh_answerpaper_answers`
--
ALTER TABLE `yaksh_answerpaper_answers`
  MODIFY `id` int(11) NOT NULL AUTO_INCREMENT, AUTO_INCREMENT=20;

--
-- AUTO_INCREMENT pour la table `yaksh_answerpaper_questions`
--
ALTER TABLE `yaksh_answerpaper_questions`
  MODIFY `id` int(11) NOT NULL AUTO_INCREMENT, AUTO_INCREMENT=46;

--
-- AUTO_INCREMENT pour la table `yaksh_answerpaper_questions_answered`
--
ALTER TABLE `yaksh_answerpaper_questions_answered`
  MODIFY `id` int(11) NOT NULL AUTO_INCREMENT, AUTO_INCREMENT=7;

--
-- AUTO_INCREMENT pour la table `yaksh_answerpaper_questions_unanswered`
--
ALTER TABLE `yaksh_answerpaper_questions_unanswered`
  MODIFY `id` int(11) NOT NULL AUTO_INCREMENT, AUTO_INCREMENT=46;

--
-- AUTO_INCREMENT pour la table `yaksh_assignmentupload`
--
ALTER TABLE `yaksh_assignmentupload`
  MODIFY `id` int(11) NOT NULL AUTO_INCREMENT;

--
-- AUTO_INCREMENT pour la table `yaksh_concurrentuser`
--
ALTER TABLE `yaksh_concurrentuser`
  MODIFY `id` int(11) NOT NULL AUTO_INCREMENT, AUTO_INCREMENT=9;

--
-- AUTO_INCREMENT pour la table `yaksh_course`
--
ALTER TABLE `yaksh_course`
  MODIFY `id` int(11) NOT NULL AUTO_INCREMENT, AUTO_INCREMENT=20;

--
-- AUTO_INCREMENT pour la table `yaksh_coursestatus`
--
ALTER TABLE `yaksh_coursestatus`
  MODIFY `id` int(11) NOT NULL AUTO_INCREMENT, AUTO_INCREMENT=22;

--
-- AUTO_INCREMENT pour la table `yaksh_coursestatus_completed_units`
--
ALTER TABLE `yaksh_coursestatus_completed_units`
  MODIFY `id` int(11) NOT NULL AUTO_INCREMENT, AUTO_INCREMENT=10;

--
-- AUTO_INCREMENT pour la table `yaksh_course_learning_module`
--
ALTER TABLE `yaksh_course_learning_module`
  MODIFY `id` int(11) NOT NULL AUTO_INCREMENT, AUTO_INCREMENT=30;

--
-- AUTO_INCREMENT pour la table `yaksh_course_rejected`
--
ALTER TABLE `yaksh_course_rejected`
  MODIFY `id` int(11) NOT NULL AUTO_INCREMENT, AUTO_INCREMENT=3;

--
-- AUTO_INCREMENT pour la table `yaksh_course_requests`
--
ALTER TABLE `yaksh_course_requests`
  MODIFY `id` int(11) NOT NULL AUTO_INCREMENT, AUTO_INCREMENT=3;

--
-- AUTO_INCREMENT pour la table `yaksh_course_students`
--
ALTER TABLE `yaksh_course_students`
  MODIFY `id` int(11) NOT NULL AUTO_INCREMENT, AUTO_INCREMENT=55;

--
-- AUTO_INCREMENT pour la table `yaksh_course_teachers`
--
ALTER TABLE `yaksh_course_teachers`
  MODIFY `id` int(11) NOT NULL AUTO_INCREMENT, AUTO_INCREMENT=3;

--
-- AUTO_INCREMENT pour la table `yaksh_fileupload`
--
ALTER TABLE `yaksh_fileupload`
  MODIFY `id` int(11) NOT NULL AUTO_INCREMENT;

--
-- AUTO_INCREMENT pour la table `yaksh_forumbase`
--
ALTER TABLE `yaksh_forumbase`
  MODIFY `id` int(11) NOT NULL AUTO_INCREMENT, AUTO_INCREMENT=11;

--
-- AUTO_INCREMENT pour la table `yaksh_learningmodule`
--
ALTER TABLE `yaksh_learningmodule`
  MODIFY `id` int(11) NOT NULL AUTO_INCREMENT, AUTO_INCREMENT=18;

--
-- AUTO_INCREMENT pour la table `yaksh_learningmodule_learning_unit`
--
ALTER TABLE `yaksh_learningmodule_learning_unit`
  MODIFY `id` int(11) NOT NULL AUTO_INCREMENT, AUTO_INCREMENT=36;

--
-- AUTO_INCREMENT pour la table `yaksh_learningunit`
--
ALTER TABLE `yaksh_learningunit`
  MODIFY `id` int(11) NOT NULL AUTO_INCREMENT, AUTO_INCREMENT=36;

--
-- AUTO_INCREMENT pour la table `yaksh_lesson`
--
ALTER TABLE `yaksh_lesson`
  MODIFY `id` int(11) NOT NULL AUTO_INCREMENT, AUTO_INCREMENT=13;

--
-- AUTO_INCREMENT pour la table `yaksh_lessonfile`
--
ALTER TABLE `yaksh_lessonfile`
  MODIFY `id` int(11) NOT NULL AUTO_INCREMENT, AUTO_INCREMENT=2;

--
-- AUTO_INCREMENT pour la table `yaksh_lessonquizanswer`
--
ALTER TABLE `yaksh_lessonquizanswer`
  MODIFY `id` int(11) NOT NULL AUTO_INCREMENT, AUTO_INCREMENT=15;

--
-- AUTO_INCREMENT pour la table `yaksh_micromanager`
--
ALTER TABLE `yaksh_micromanager`
  MODIFY `id` int(11) NOT NULL AUTO_INCREMENT;

--
-- AUTO_INCREMENT pour la table `yaksh_profile`
--
ALTER TABLE `yaksh_profile`
  MODIFY `id` int(11) NOT NULL AUTO_INCREMENT, AUTO_INCREMENT=33;

--
-- AUTO_INCREMENT pour la table `yaksh_qrcode`
--
ALTER TABLE `yaksh_qrcode`
  MODIFY `id` int(11) NOT NULL AUTO_INCREMENT;

--
-- AUTO_INCREMENT pour la table `yaksh_qrcodehandler`
--
ALTER TABLE `yaksh_qrcodehandler`
  MODIFY `id` int(11) NOT NULL AUTO_INCREMENT;

--
-- AUTO_INCREMENT pour la table `yaksh_question`
--
ALTER TABLE `yaksh_question`
  MODIFY `id` int(11) NOT NULL AUTO_INCREMENT, AUTO_INCREMENT=25;

--
-- AUTO_INCREMENT pour la table `yaksh_questionpaper`
--
ALTER TABLE `yaksh_questionpaper`
  MODIFY `id` int(11) NOT NULL AUTO_INCREMENT, AUTO_INCREMENT=24;

--
-- AUTO_INCREMENT pour la table `yaksh_questionpaper_fixed_questions`
--
ALTER TABLE `yaksh_questionpaper_fixed_questions`
  MODIFY `id` int(11) NOT NULL AUTO_INCREMENT, AUTO_INCREMENT=36;

--
-- AUTO_INCREMENT pour la table `yaksh_questionpaper_random_questions`
--
ALTER TABLE `yaksh_questionpaper_random_questions`
  MODIFY `id` int(11) NOT NULL AUTO_INCREMENT;

--
-- AUTO_INCREMENT pour la table `yaksh_questionset`
--
ALTER TABLE `yaksh_questionset`
  MODIFY `id` int(11) NOT NULL AUTO_INCREMENT;

--
-- AUTO_INCREMENT pour la table `yaksh_questionset_questions`
--
ALTER TABLE `yaksh_questionset_questions`
  MODIFY `id` int(11) NOT NULL AUTO_INCREMENT;

--
-- AUTO_INCREMENT pour la table `yaksh_quiz`
--
ALTER TABLE `yaksh_quiz`
  MODIFY `id` int(11) NOT NULL AUTO_INCREMENT, AUTO_INCREMENT=22;

--
-- AUTO_INCREMENT pour la table `yaksh_tableofcontents`
--
ALTER TABLE `yaksh_tableofcontents`
  MODIFY `id` int(11) NOT NULL AUTO_INCREMENT, AUTO_INCREMENT=9;

--
-- AUTO_INCREMENT pour la table `yaksh_testcase`
--
ALTER TABLE `yaksh_testcase`
  MODIFY `id` int(11) NOT NULL AUTO_INCREMENT, AUTO_INCREMENT=46;

--
-- AUTO_INCREMENT pour la table `yaksh_testcaseorder`
--
ALTER TABLE `yaksh_testcaseorder`
  MODIFY `id` int(11) NOT NULL AUTO_INCREMENT, AUTO_INCREMENT=16;

--
-- AUTO_INCREMENT pour la table `yaksh_topic`
--
ALTER TABLE `yaksh_topic`
  MODIFY `id` int(11) NOT NULL AUTO_INCREMENT;

--
-- Contraintes pour les tables déchargées
--

--
-- Contraintes pour la table `authtoken_token`
--
ALTER TABLE `authtoken_token`
  ADD CONSTRAINT `authtoken_token_user_id_35299eff_fk_auth_user_id` FOREIGN KEY (`user_id`) REFERENCES `auth_user` (`id`);

--
-- Contraintes pour la table `auth_group_permissions`
--
ALTER TABLE `auth_group_permissions`
  ADD CONSTRAINT `auth_group_permissio_permission_id_84c5c92e_fk_auth_perm` FOREIGN KEY (`permission_id`) REFERENCES `auth_permission` (`id`),
  ADD CONSTRAINT `auth_group_permissions_group_id_b120cbf9_fk_auth_group_id` FOREIGN KEY (`group_id`) REFERENCES `auth_group` (`id`);

--
-- Contraintes pour la table `auth_permission`
--
ALTER TABLE `auth_permission`
  ADD CONSTRAINT `auth_permission_content_type_id_2f476e4b_fk_django_co` FOREIGN KEY (`content_type_id`) REFERENCES `django_content_type` (`id`);

--
-- Contraintes pour la table `auth_user_groups`
--
ALTER TABLE `auth_user_groups`
  ADD CONSTRAINT `auth_user_groups_group_id_97559544_fk_auth_group_id` FOREIGN KEY (`group_id`) REFERENCES `auth_group` (`id`),
  ADD CONSTRAINT `auth_user_groups_user_id_6a12ed8b_fk_auth_user_id` FOREIGN KEY (`user_id`) REFERENCES `auth_user` (`id`);

--
-- Contraintes pour la table `auth_user_user_permissions`
--
ALTER TABLE `auth_user_user_permissions`
  ADD CONSTRAINT `auth_user_user_permi_permission_id_1fbb5f2c_fk_auth_perm` FOREIGN KEY (`permission_id`) REFERENCES `auth_permission` (`id`),
  ADD CONSTRAINT `auth_user_user_permissions_user_id_a95ead1b_fk_auth_user_id` FOREIGN KEY (`user_id`) REFERENCES `auth_user` (`id`);

--
-- Contraintes pour la table `django_admin_log`
--
ALTER TABLE `django_admin_log`
  ADD CONSTRAINT `django_admin_log_content_type_id_c4bce8eb_fk_django_co` FOREIGN KEY (`content_type_id`) REFERENCES `django_content_type` (`id`),
  ADD CONSTRAINT `django_admin_log_user_id_c564eba6_fk_auth_user_id` FOREIGN KEY (`user_id`) REFERENCES `auth_user` (`id`);

--
-- Contraintes pour la table `django_celery_beat_periodictask`
--
ALTER TABLE `django_celery_beat_periodictask`
  ADD CONSTRAINT `django_celery_beat_p_clocked_id_47a69f82_fk_django_ce` FOREIGN KEY (`clocked_id`) REFERENCES `django_celery_beat_clockedschedule` (`id`),
  ADD CONSTRAINT `django_celery_beat_p_crontab_id_d3cba168_fk_django_ce` FOREIGN KEY (`crontab_id`) REFERENCES `django_celery_beat_crontabschedule` (`id`),
  ADD CONSTRAINT `django_celery_beat_p_interval_id_a8ca27da_fk_django_ce` FOREIGN KEY (`interval_id`) REFERENCES `django_celery_beat_intervalschedule` (`id`),
  ADD CONSTRAINT `django_celery_beat_p_solar_id_a87ce72c_fk_django_ce` FOREIGN KEY (`solar_id`) REFERENCES `django_celery_beat_solarschedule` (`id`);

--
-- Contraintes pour la table `forum_attachments_attachment`
--
ALTER TABLE `forum_attachments_attachment`
  ADD CONSTRAINT `forum_attachments_at_post_id_0476a843_fk_forum_con` FOREIGN KEY (`post_id`) REFERENCES `forum_conversation_post` (`id`);

--
-- Contraintes pour la table `forum_conversation_post`
--
ALTER TABLE `forum_conversation_post`
  ADD CONSTRAINT `forum_conversation_p_topic_id_f6aaa418_fk_forum_con` FOREIGN KEY (`topic_id`) REFERENCES `forum_conversation_topic` (`id`),
  ADD CONSTRAINT `forum_conversation_post_poster_id_19c4e995_fk_auth_user_id` FOREIGN KEY (`poster_id`) REFERENCES `auth_user` (`id`),
  ADD CONSTRAINT `forum_conversation_post_updated_by_id_86093355_fk_auth_user_id` FOREIGN KEY (`updated_by_id`) REFERENCES `auth_user` (`id`);

--
-- Contraintes pour la table `forum_conversation_topic`
--
ALTER TABLE `forum_conversation_topic`
  ADD CONSTRAINT `forum_conversation_t_first_post_id_ca473bd1_fk_forum_con` FOREIGN KEY (`first_post_id`) REFERENCES `forum_conversation_post` (`id`),
  ADD CONSTRAINT `forum_conversation_t_last_post_id_e14396a2_fk_forum_con` FOREIGN KEY (`last_post_id`) REFERENCES `forum_conversation_post` (`id`),
  ADD CONSTRAINT `forum_conversation_topic_forum_id_e9cfe592_fk_forum_forum_id` FOREIGN KEY (`forum_id`) REFERENCES `forum_forum` (`id`),
  ADD CONSTRAINT `forum_conversation_topic_poster_id_0dd4fa07_fk_auth_user_id` FOREIGN KEY (`poster_id`) REFERENCES `auth_user` (`id`);

--
-- Contraintes pour la table `forum_conversation_topic_subscribers`
--
ALTER TABLE `forum_conversation_topic_subscribers`
  ADD CONSTRAINT `forum_conversation_t_topic_id_34ebca87_fk_forum_con` FOREIGN KEY (`topic_id`) REFERENCES `forum_conversation_topic` (`id`),
  ADD CONSTRAINT `forum_conversation_t_user_id_7e386a79_fk_auth_user` FOREIGN KEY (`user_id`) REFERENCES `auth_user` (`id`);

--
-- Contraintes pour la table `forum_forum`
--
ALTER TABLE `forum_forum`
  ADD CONSTRAINT `forum_forum_last_post_id_81b59e37_fk_forum_conversation_post_id` FOREIGN KEY (`last_post_id`) REFERENCES `forum_conversation_post` (`id`),
  ADD CONSTRAINT `forum_forum_parent_id_22edea05_fk_forum_forum_id` FOREIGN KEY (`parent_id`) REFERENCES `forum_forum` (`id`);

--
-- Contraintes pour la table `forum_member_forumprofile`
--
ALTER TABLE `forum_member_forumprofile`
  ADD CONSTRAINT `forum_member_forumprofile_user_id_9d6b9b6b_fk_auth_user_id` FOREIGN KEY (`user_id`) REFERENCES `auth_user` (`id`);

--
-- Contraintes pour la table `forum_permission_groupforumpermission`
--
ALTER TABLE `forum_permission_groupforumpermission`
  ADD CONSTRAINT `forum_permission_gro_forum_id_d59d5cac_fk_forum_for` FOREIGN KEY (`forum_id`) REFERENCES `forum_forum` (`id`),
  ADD CONSTRAINT `forum_permission_gro_group_id_b515635b_fk_auth_grou` FOREIGN KEY (`group_id`) REFERENCES `auth_group` (`id`),
  ADD CONSTRAINT `forum_permission_gro_permission_id_2475fe70_fk_forum_per` FOREIGN KEY (`permission_id`) REFERENCES `forum_permission_forumpermission` (`id`);

--
-- Contraintes pour la table `forum_permission_userforumpermission`
--
ALTER TABLE `forum_permission_userforumpermission`
  ADD CONSTRAINT `forum_permission_use_forum_id_f781f4d6_fk_forum_for` FOREIGN KEY (`forum_id`) REFERENCES `forum_forum` (`id`),
  ADD CONSTRAINT `forum_permission_use_permission_id_9090e930_fk_forum_per` FOREIGN KEY (`permission_id`) REFERENCES `forum_permission_forumpermission` (`id`),
  ADD CONSTRAINT `forum_permission_use_user_id_8106d02d_fk_auth_user` FOREIGN KEY (`user_id`) REFERENCES `auth_user` (`id`);

--
-- Contraintes pour la table `forum_polls_topicpoll`
--
ALTER TABLE `forum_polls_topicpoll`
  ADD CONSTRAINT `forum_polls_topicpol_topic_id_1b827b83_fk_forum_con` FOREIGN KEY (`topic_id`) REFERENCES `forum_conversation_topic` (`id`);

--
-- Contraintes pour la table `forum_polls_topicpolloption`
--
ALTER TABLE `forum_polls_topicpolloption`
  ADD CONSTRAINT `forum_polls_topicpol_poll_id_a54cbd58_fk_forum_pol` FOREIGN KEY (`poll_id`) REFERENCES `forum_polls_topicpoll` (`id`);

--
-- Contraintes pour la table `forum_polls_topicpollvote`
--
ALTER TABLE `forum_polls_topicpollvote`
  ADD CONSTRAINT `forum_polls_topicpol_poll_option_id_a075b665_fk_forum_pol` FOREIGN KEY (`poll_option_id`) REFERENCES `forum_polls_topicpolloption` (`id`),
  ADD CONSTRAINT `forum_polls_topicpollvote_voter_id_0a287559_fk_auth_user_id` FOREIGN KEY (`voter_id`) REFERENCES `auth_user` (`id`);

--
-- Contraintes pour la table `forum_tracking_forumreadtrack`
--
ALTER TABLE `forum_tracking_forumreadtrack`
  ADD CONSTRAINT `forum_tracking_forum_forum_id_bbd3fb47_fk_forum_for` FOREIGN KEY (`forum_id`) REFERENCES `forum_forum` (`id`),
  ADD CONSTRAINT `forum_tracking_forumreadtrack_user_id_932d4605_fk_auth_user_id` FOREIGN KEY (`user_id`) REFERENCES `auth_user` (`id`);

--
-- Contraintes pour la table `forum_tracking_topicreadtrack`
--
ALTER TABLE `forum_tracking_topicreadtrack`
  ADD CONSTRAINT `forum_tracking_topic_topic_id_9a53bd45_fk_forum_con` FOREIGN KEY (`topic_id`) REFERENCES `forum_conversation_topic` (`id`),
  ADD CONSTRAINT `forum_tracking_topicreadtrack_user_id_2762562b_fk_auth_user_id` FOREIGN KEY (`user_id`) REFERENCES `auth_user` (`id`);

--
-- Contraintes pour la table `grades_graderange`
--
ALTER TABLE `grades_graderange`
  ADD CONSTRAINT `grades_graderange_system_id_775318a7_fk_grades_gradingsystem_id` FOREIGN KEY (`system_id`) REFERENCES `grades_gradingsystem` (`id`);

--
-- Contraintes pour la table `grades_gradingsystem`
--
ALTER TABLE `grades_gradingsystem`
  ADD CONSTRAINT `grades_gradingsystem_creator_id_b4de4f90_fk_auth_user_id` FOREIGN KEY (`creator_id`) REFERENCES `auth_user` (`id`);

--
-- Contraintes pour la table `notifications_plugin_notification`
--
ALTER TABLE `notifications_plugin_notification`
  ADD CONSTRAINT `notifications_plugin_message_id_a7ec5d15_fk_notificat` FOREIGN KEY (`message_id`) REFERENCES `notifications_plugin_notificationmessage` (`id`),
  ADD CONSTRAINT `notifications_plugin_receiver_id_5a24d763_fk_auth_user` FOREIGN KEY (`receiver_id`) REFERENCES `auth_user` (`id`);

--
-- Contraintes pour la table `notifications_plugin_notificationmessage`
--
ALTER TABLE `notifications_plugin_notificationmessage`
  ADD CONSTRAINT `notifications_plugin_creator_id_3e5ff33d_fk_auth_user` FOREIGN KEY (`creator_id`) REFERENCES `auth_user` (`id`);

--
-- Contraintes pour la table `social_auth_usersocialauth`
--
ALTER TABLE `social_auth_usersocialauth`
  ADD CONSTRAINT `social_auth_usersocialauth_user_id_17d28448_fk_auth_user_id` FOREIGN KEY (`user_id`) REFERENCES `auth_user` (`id`);

--
-- Contraintes pour la table `stats_lessonlog`
--
ALTER TABLE `stats_lessonlog`
  ADD CONSTRAINT `stats_lessonlog_track_id_7ebe38fb_fk_stats_tracklesson_id` FOREIGN KEY (`track_id`) REFERENCES `stats_tracklesson` (`id`);

--
-- Contraintes pour la table `stats_tracklesson`
--
ALTER TABLE `stats_tracklesson`
  ADD CONSTRAINT `stats_tracklesson_course_id_42f4a4c6_fk_yaksh_course_id` FOREIGN KEY (`course_id`) REFERENCES `yaksh_course` (`id`),
  ADD CONSTRAINT `stats_tracklesson_lesson_id_9660edc8_fk_yaksh_lesson_id` FOREIGN KEY (`lesson_id`) REFERENCES `yaksh_lesson` (`id`),
  ADD CONSTRAINT `stats_tracklesson_user_id_f567e56f_fk_auth_user_id` FOREIGN KEY (`user_id`) REFERENCES `auth_user` (`id`);

--
-- Contraintes pour la table `taggit_taggeditem`
--
ALTER TABLE `taggit_taggeditem`
  ADD CONSTRAINT `taggit_taggeditem_content_type_id_9957a03c_fk_django_co` FOREIGN KEY (`content_type_id`) REFERENCES `django_content_type` (`id`),
  ADD CONSTRAINT `taggit_taggeditem_tag_id_f4f5b767_fk_taggit_tag_id` FOREIGN KEY (`tag_id`) REFERENCES `taggit_tag` (`id`);

--
-- Contraintes pour la table `translation_manager_remotetranslationentry`
--
ALTER TABLE `translation_manager_remotetranslationentry`
  ADD CONSTRAINT `translation_manager__translation_entry_id_66a6848d_fk_translati` FOREIGN KEY (`translation_entry_id`) REFERENCES `translation_manager_translationentry` (`id`);

--
-- Contraintes pour la table `yaksh_answer`
--
ALTER TABLE `yaksh_answer`
  ADD CONSTRAINT `yaksh_answer_question_id_19f505cd_fk_yaksh_question_id` FOREIGN KEY (`question_id`) REFERENCES `yaksh_question` (`id`);

--
-- Contraintes pour la table `yaksh_answerpaper`
--
ALTER TABLE `yaksh_answerpaper`
  ADD CONSTRAINT `yaksh_answerpaper_course_id_ed02abb1_fk_yaksh_course_id` FOREIGN KEY (`course_id`) REFERENCES `yaksh_course` (`id`),
  ADD CONSTRAINT `yaksh_answerpaper_question_paper_id_fce5c7b3_fk_yaksh_que` FOREIGN KEY (`question_paper_id`) REFERENCES `yaksh_questionpaper` (`id`),
  ADD CONSTRAINT `yaksh_answerpaper_user_id_5f25ac92_fk_auth_user_id` FOREIGN KEY (`user_id`) REFERENCES `auth_user` (`id`);

--
-- Contraintes pour la table `yaksh_answerpaper_answers`
--
ALTER TABLE `yaksh_answerpaper_answers`
  ADD CONSTRAINT `yaksh_answerpaper_an_answerpaper_id_55f1a415_fk_yaksh_ans` FOREIGN KEY (`answerpaper_id`) REFERENCES `yaksh_answerpaper` (`id`),
  ADD CONSTRAINT `yaksh_answerpaper_answers_answer_id_9557db02_fk_yaksh_answer_id` FOREIGN KEY (`answer_id`) REFERENCES `yaksh_answer` (`id`);

--
-- Contraintes pour la table `yaksh_answerpaper_questions`
--
ALTER TABLE `yaksh_answerpaper_questions`
  ADD CONSTRAINT `yaksh_answerpaper_qu_answerpaper_id_2c2cabda_fk_yaksh_ans` FOREIGN KEY (`answerpaper_id`) REFERENCES `yaksh_answerpaper` (`id`),
  ADD CONSTRAINT `yaksh_answerpaper_qu_question_id_7283526b_fk_yaksh_que` FOREIGN KEY (`question_id`) REFERENCES `yaksh_question` (`id`);

--
-- Contraintes pour la table `yaksh_answerpaper_questions_answered`
--
ALTER TABLE `yaksh_answerpaper_questions_answered`
  ADD CONSTRAINT `yaksh_answerpaper_qu_answerpaper_id_f92c65ea_fk_yaksh_ans` FOREIGN KEY (`answerpaper_id`) REFERENCES `yaksh_answerpaper` (`id`),
  ADD CONSTRAINT `yaksh_answerpaper_qu_question_id_b6ab9bec_fk_yaksh_que` FOREIGN KEY (`question_id`) REFERENCES `yaksh_question` (`id`);

--
-- Contraintes pour la table `yaksh_answerpaper_questions_unanswered`
--
ALTER TABLE `yaksh_answerpaper_questions_unanswered`
  ADD CONSTRAINT `yaksh_answerpaper_qu_answerpaper_id_4d5e1973_fk_yaksh_ans` FOREIGN KEY (`answerpaper_id`) REFERENCES `yaksh_answerpaper` (`id`),
  ADD CONSTRAINT `yaksh_answerpaper_qu_question_id_e161b286_fk_yaksh_que` FOREIGN KEY (`question_id`) REFERENCES `yaksh_question` (`id`);

--
-- Contraintes pour la table `yaksh_arrangetestcase`
--
ALTER TABLE `yaksh_arrangetestcase`
  ADD CONSTRAINT `yaksh_arrangetestcas_testcase_ptr_id_d954459d_fk_yaksh_tes` FOREIGN KEY (`testcase_ptr_id`) REFERENCES `yaksh_testcase` (`id`);

--
-- Contraintes pour la table `yaksh_assignmentupload`
--
ALTER TABLE `yaksh_assignmentupload`
  ADD CONSTRAINT `yaksh_assignmentuplo_answer_paper_id_137d4cdf_fk_yaksh_ans` FOREIGN KEY (`answer_paper_id`) REFERENCES `yaksh_answerpaper` (`id`),
  ADD CONSTRAINT `yaksh_assignmentuplo_assignmentQuestion_i_3cefc133_fk_yaksh_que` FOREIGN KEY (`assignmentQuestion_id`) REFERENCES `yaksh_question` (`id`);

--
-- Contraintes pour la table `yaksh_comment`
--
ALTER TABLE `yaksh_comment`
  ADD CONSTRAINT `yaksh_comment_forumbase_ptr_id_1f21dbb4_fk_yaksh_forumbase_id` FOREIGN KEY (`forumbase_ptr_id`) REFERENCES `yaksh_forumbase` (`id`),
  ADD CONSTRAINT `yaksh_comment_post_field_id_abf32e23_fk_yaksh_pos` FOREIGN KEY (`post_field_id`) REFERENCES `yaksh_post` (`forumbase_ptr_id`);

--
-- Contraintes pour la table `yaksh_concurrentuser`
--
ALTER TABLE `yaksh_concurrentuser`
  ADD CONSTRAINT `yaksh_concurrentuser_concurrent_user_id_114ae31b_fk_auth_user_id` FOREIGN KEY (`concurrent_user_id`) REFERENCES `auth_user` (`id`);

--
-- Contraintes pour la table `yaksh_course`
--
ALTER TABLE `yaksh_course`
  ADD CONSTRAINT `yaksh_course_creator_id_68d4890e_fk_auth_user_id` FOREIGN KEY (`creator_id`) REFERENCES `auth_user` (`id`),
  ADD CONSTRAINT `yaksh_course_grading_system_id_b3f6bf38_fk_grades_gr` FOREIGN KEY (`grading_system_id`) REFERENCES `grades_gradingsystem` (`id`);

--
-- Contraintes pour la table `yaksh_coursestatus`
--
ALTER TABLE `yaksh_coursestatus`
  ADD CONSTRAINT `yaksh_coursestatus_course_id_1afb0a46_fk_yaksh_course_id` FOREIGN KEY (`course_id`) REFERENCES `yaksh_course` (`id`),
  ADD CONSTRAINT `yaksh_coursestatus_current_unit_id_3b2a4190_fk_yaksh_lea` FOREIGN KEY (`current_unit_id`) REFERENCES `yaksh_learningunit` (`id`),
  ADD CONSTRAINT `yaksh_coursestatus_user_id_2265cea3_fk_auth_user_id` FOREIGN KEY (`user_id`) REFERENCES `auth_user` (`id`);

--
-- Contraintes pour la table `yaksh_coursestatus_completed_units`
--
ALTER TABLE `yaksh_coursestatus_completed_units`
  ADD CONSTRAINT `yaksh_coursestatus_c_coursestatus_id_da1c5ea3_fk_yaksh_cou` FOREIGN KEY (`coursestatus_id`) REFERENCES `yaksh_coursestatus` (`id`),
  ADD CONSTRAINT `yaksh_coursestatus_c_learningunit_id_38c9c0fd_fk_yaksh_lea` FOREIGN KEY (`learningunit_id`) REFERENCES `yaksh_learningunit` (`id`);

--
-- Contraintes pour la table `yaksh_course_learning_module`
--
ALTER TABLE `yaksh_course_learning_module`
  ADD CONSTRAINT `yaksh_course_learnin_course_id_60bff21a_fk_yaksh_cou` FOREIGN KEY (`course_id`) REFERENCES `yaksh_course` (`id`),
  ADD CONSTRAINT `yaksh_course_learnin_learningmodule_id_eb019170_fk_yaksh_lea` FOREIGN KEY (`learningmodule_id`) REFERENCES `yaksh_learningmodule` (`id`);

--
-- Contraintes pour la table `yaksh_course_rejected`
--
ALTER TABLE `yaksh_course_rejected`
  ADD CONSTRAINT `yaksh_course_rejected_course_id_1fd1dbed_fk_yaksh_course_id` FOREIGN KEY (`course_id`) REFERENCES `yaksh_course` (`id`),
  ADD CONSTRAINT `yaksh_course_rejected_user_id_ad122145_fk_auth_user_id` FOREIGN KEY (`user_id`) REFERENCES `auth_user` (`id`);

--
-- Contraintes pour la table `yaksh_course_requests`
--
ALTER TABLE `yaksh_course_requests`
  ADD CONSTRAINT `yaksh_course_requests_course_id_0dd57f91_fk_yaksh_course_id` FOREIGN KEY (`course_id`) REFERENCES `yaksh_course` (`id`),
  ADD CONSTRAINT `yaksh_course_requests_user_id_4fb8a3bc_fk_auth_user_id` FOREIGN KEY (`user_id`) REFERENCES `auth_user` (`id`);

--
-- Contraintes pour la table `yaksh_course_students`
--
ALTER TABLE `yaksh_course_students`
  ADD CONSTRAINT `yaksh_course_students_course_id_e14f0663_fk_yaksh_course_id` FOREIGN KEY (`course_id`) REFERENCES `yaksh_course` (`id`),
  ADD CONSTRAINT `yaksh_course_students_user_id_86814858_fk_auth_user_id` FOREIGN KEY (`user_id`) REFERENCES `auth_user` (`id`);

--
-- Contraintes pour la table `yaksh_course_teachers`
--
ALTER TABLE `yaksh_course_teachers`
  ADD CONSTRAINT `yaksh_course_teachers_course_id_420c264e_fk_yaksh_course_id` FOREIGN KEY (`course_id`) REFERENCES `yaksh_course` (`id`),
  ADD CONSTRAINT `yaksh_course_teachers_user_id_b606996a_fk_auth_user_id` FOREIGN KEY (`user_id`) REFERENCES `auth_user` (`id`);

--
-- Contraintes pour la table `yaksh_fileupload`
--
ALTER TABLE `yaksh_fileupload`
  ADD CONSTRAINT `yaksh_fileupload_question_id_e676e493_fk_yaksh_question_id` FOREIGN KEY (`question_id`) REFERENCES `yaksh_question` (`id`);

--
-- Contraintes pour la table `yaksh_floattestcase`
--
ALTER TABLE `yaksh_floattestcase`
  ADD CONSTRAINT `yaksh_floattestcase_testcase_ptr_id_7809c319_fk_yaksh_tes` FOREIGN KEY (`testcase_ptr_id`) REFERENCES `yaksh_testcase` (`id`);

--
-- Contraintes pour la table `yaksh_forumbase`
--
ALTER TABLE `yaksh_forumbase`
  ADD CONSTRAINT `yaksh_forumbase_creator_id_79d07bbb_fk_auth_user_id` FOREIGN KEY (`creator_id`) REFERENCES `auth_user` (`id`);

--
-- Contraintes pour la table `yaksh_hooktestcase`
--
ALTER TABLE `yaksh_hooktestcase`
  ADD CONSTRAINT `yaksh_hooktestcase_testcase_ptr_id_ad38a8d2_fk_yaksh_testcase_id` FOREIGN KEY (`testcase_ptr_id`) REFERENCES `yaksh_testcase` (`id`);

--
-- Contraintes pour la table `yaksh_integertestcase`
--
ALTER TABLE `yaksh_integertestcase`
  ADD CONSTRAINT `yaksh_integertestcas_testcase_ptr_id_80bfe085_fk_yaksh_tes` FOREIGN KEY (`testcase_ptr_id`) REFERENCES `yaksh_testcase` (`id`);

--
-- Contraintes pour la table `yaksh_learningmodule`
--
ALTER TABLE `yaksh_learningmodule`
  ADD CONSTRAINT `yaksh_learningmodule_creator_id_bd6a961f_fk_auth_user_id` FOREIGN KEY (`creator_id`) REFERENCES `auth_user` (`id`);

--
-- Contraintes pour la table `yaksh_learningmodule_learning_unit`
--
ALTER TABLE `yaksh_learningmodule_learning_unit`
  ADD CONSTRAINT `yaksh_learningmodule_learningmodule_id_17a43375_fk_yaksh_lea` FOREIGN KEY (`learningmodule_id`) REFERENCES `yaksh_learningmodule` (`id`),
  ADD CONSTRAINT `yaksh_learningmodule_learningunit_id_9047c63e_fk_yaksh_lea` FOREIGN KEY (`learningunit_id`) REFERENCES `yaksh_learningunit` (`id`);

--
-- Contraintes pour la table `yaksh_learningunit`
--
ALTER TABLE `yaksh_learningunit`
  ADD CONSTRAINT `yaksh_learningunit_lesson_id_18598463_fk_yaksh_lesson_id` FOREIGN KEY (`lesson_id`) REFERENCES `yaksh_lesson` (`id`),
  ADD CONSTRAINT `yaksh_learningunit_quiz_id_477894a5_fk_yaksh_quiz_id` FOREIGN KEY (`quiz_id`) REFERENCES `yaksh_quiz` (`id`);

--
-- Contraintes pour la table `yaksh_lesson`
--
ALTER TABLE `yaksh_lesson`
  ADD CONSTRAINT `yaksh_lesson_creator_id_23b2d0aa_fk_auth_user_id` FOREIGN KEY (`creator_id`) REFERENCES `auth_user` (`id`);

--
-- Contraintes pour la table `yaksh_lessonfile`
--
ALTER TABLE `yaksh_lessonfile`
  ADD CONSTRAINT `yaksh_lessonfile_lesson_id_46b0d02a_fk_yaksh_lesson_id` FOREIGN KEY (`lesson_id`) REFERENCES `yaksh_lesson` (`id`);

--
-- Contraintes pour la table `yaksh_lessonquizanswer`
--
ALTER TABLE `yaksh_lessonquizanswer`
  ADD CONSTRAINT `yaksh_lessonquizansw_toc_id_e7e6f088_fk_yaksh_tab` FOREIGN KEY (`toc_id`) REFERENCES `yaksh_tableofcontents` (`id`),
  ADD CONSTRAINT `yaksh_lessonquizanswer_answer_id_93ad138e_fk_yaksh_answer_id` FOREIGN KEY (`answer_id`) REFERENCES `yaksh_answer` (`id`),
  ADD CONSTRAINT `yaksh_lessonquizanswer_student_id_cedeb5ac_fk_auth_user_id` FOREIGN KEY (`student_id`) REFERENCES `auth_user` (`id`);

--
-- Contraintes pour la table `yaksh_mcqtestcase`
--
ALTER TABLE `yaksh_mcqtestcase`
  ADD CONSTRAINT `yaksh_mcqtestcase_testcase_ptr_id_9726d31a_fk_yaksh_testcase_id` FOREIGN KEY (`testcase_ptr_id`) REFERENCES `yaksh_testcase` (`id`);

--
-- Contraintes pour la table `yaksh_micromanager`
--
ALTER TABLE `yaksh_micromanager`
  ADD CONSTRAINT `yaksh_micromanager_course_id_4d2d4518_fk_yaksh_course_id` FOREIGN KEY (`course_id`) REFERENCES `yaksh_course` (`id`),
  ADD CONSTRAINT `yaksh_micromanager_manager_id_877025e4_fk_auth_user_id` FOREIGN KEY (`manager_id`) REFERENCES `auth_user` (`id`),
  ADD CONSTRAINT `yaksh_micromanager_quiz_id_7042b150_fk_yaksh_quiz_id` FOREIGN KEY (`quiz_id`) REFERENCES `yaksh_quiz` (`id`),
  ADD CONSTRAINT `yaksh_micromanager_student_id_5b5b5ae7_fk_auth_user_id` FOREIGN KEY (`student_id`) REFERENCES `auth_user` (`id`);

--
-- Contraintes pour la table `yaksh_post`
--
ALTER TABLE `yaksh_post`
  ADD CONSTRAINT `yaksh_post_forumbase_ptr_id_d9db0912_fk_yaksh_forumbase_id` FOREIGN KEY (`forumbase_ptr_id`) REFERENCES `yaksh_forumbase` (`id`),
  ADD CONSTRAINT `yaksh_post_target_ct_id_e7713bb9_fk_django_content_type_id` FOREIGN KEY (`target_ct_id`) REFERENCES `django_content_type` (`id`);

--
-- Contraintes pour la table `yaksh_profile`
--
ALTER TABLE `yaksh_profile`
  ADD CONSTRAINT `yaksh_profile_user_id_5439feeb_fk_auth_user_id` FOREIGN KEY (`user_id`) REFERENCES `auth_user` (`id`);

--
-- Contraintes pour la table `yaksh_qrcode`
--
ALTER TABLE `yaksh_qrcode`
  ADD CONSTRAINT `yaksh_qrcode_handler_id_181a9aa0_fk_yaksh_qrcodehandler_id` FOREIGN KEY (`handler_id`) REFERENCES `yaksh_qrcodehandler` (`id`);

--
-- Contraintes pour la table `yaksh_qrcodehandler`
--
ALTER TABLE `yaksh_qrcodehandler`
  ADD CONSTRAINT `yaksh_qrcodehandler_answerpaper_id_5894773e_fk_yaksh_ans` FOREIGN KEY (`answerpaper_id`) REFERENCES `yaksh_answerpaper` (`id`),
  ADD CONSTRAINT `yaksh_qrcodehandler_question_id_b93d8024_fk_yaksh_question_id` FOREIGN KEY (`question_id`) REFERENCES `yaksh_question` (`id`),
  ADD CONSTRAINT `yaksh_qrcodehandler_user_id_c46fe0cf_fk_auth_user_id` FOREIGN KEY (`user_id`) REFERENCES `auth_user` (`id`);

--
-- Contraintes pour la table `yaksh_question`
--
ALTER TABLE `yaksh_question`
  ADD CONSTRAINT `yaksh_question_user_id_4de97c4f_fk_auth_user_id` FOREIGN KEY (`user_id`) REFERENCES `auth_user` (`id`);

--
-- Contraintes pour la table `yaksh_questionpaper`
--
ALTER TABLE `yaksh_questionpaper`
  ADD CONSTRAINT `yaksh_questionpaper_quiz_id_0cdf5e64_fk_yaksh_quiz_id` FOREIGN KEY (`quiz_id`) REFERENCES `yaksh_quiz` (`id`);

--
-- Contraintes pour la table `yaksh_questionpaper_fixed_questions`
--
ALTER TABLE `yaksh_questionpaper_fixed_questions`
  ADD CONSTRAINT `yaksh_questionpaper__question_id_59ce8e35_fk_yaksh_que` FOREIGN KEY (`question_id`) REFERENCES `yaksh_question` (`id`),
  ADD CONSTRAINT `yaksh_questionpaper__questionpaper_id_dd92e597_fk_yaksh_que` FOREIGN KEY (`questionpaper_id`) REFERENCES `yaksh_questionpaper` (`id`);

--
-- Contraintes pour la table `yaksh_questionpaper_random_questions`
--
ALTER TABLE `yaksh_questionpaper_random_questions`
  ADD CONSTRAINT `yaksh_questionpaper__questionpaper_id_5aef03eb_fk_yaksh_que` FOREIGN KEY (`questionpaper_id`) REFERENCES `yaksh_questionpaper` (`id`),
  ADD CONSTRAINT `yaksh_questionpaper__questionset_id_cba8dcbc_fk_yaksh_que` FOREIGN KEY (`questionset_id`) REFERENCES `yaksh_questionset` (`id`);

--
-- Contraintes pour la table `yaksh_questionset_questions`
--
ALTER TABLE `yaksh_questionset_questions`
  ADD CONSTRAINT `yaksh_questionset_qu_question_id_701c597d_fk_yaksh_que` FOREIGN KEY (`question_id`) REFERENCES `yaksh_question` (`id`),
  ADD CONSTRAINT `yaksh_questionset_qu_questionset_id_de528d72_fk_yaksh_que` FOREIGN KEY (`questionset_id`) REFERENCES `yaksh_questionset` (`id`);

--
-- Contraintes pour la table `yaksh_quiz`
--
ALTER TABLE `yaksh_quiz`
  ADD CONSTRAINT `yaksh_quiz_creator_id_ec9e9a6b_fk_auth_user_id` FOREIGN KEY (`creator_id`) REFERENCES `auth_user` (`id`);

--
-- Contraintes pour la table `yaksh_standardtestcase`
--
ALTER TABLE `yaksh_standardtestcase`
  ADD CONSTRAINT `yaksh_standardtestca_testcase_ptr_id_7f5d55b5_fk_yaksh_tes` FOREIGN KEY (`testcase_ptr_id`) REFERENCES `yaksh_testcase` (`id`);

--
-- Contraintes pour la table `yaksh_stdiobasedtestcase`
--
ALTER TABLE `yaksh_stdiobasedtestcase`
  ADD CONSTRAINT `yaksh_stdiobasedtest_testcase_ptr_id_994e258e_fk_yaksh_tes` FOREIGN KEY (`testcase_ptr_id`) REFERENCES `yaksh_testcase` (`id`);

--
-- Contraintes pour la table `yaksh_stringtestcase`
--
ALTER TABLE `yaksh_stringtestcase`
  ADD CONSTRAINT `yaksh_stringtestcase_testcase_ptr_id_1013f2d6_fk_yaksh_tes` FOREIGN KEY (`testcase_ptr_id`) REFERENCES `yaksh_testcase` (`id`);

--
-- Contraintes pour la table `yaksh_tableofcontents`
--
ALTER TABLE `yaksh_tableofcontents`
  ADD CONSTRAINT `yaksh_tableofcontent_content_type_id_e95e096c_fk_django_co` FOREIGN KEY (`content_type_id`) REFERENCES `django_content_type` (`id`),
  ADD CONSTRAINT `yaksh_tableofcontents_course_id_ec2d879a_fk_yaksh_course_id` FOREIGN KEY (`course_id`) REFERENCES `yaksh_course` (`id`),
  ADD CONSTRAINT `yaksh_tableofcontents_lesson_id_a2f518a1_fk_yaksh_lesson_id` FOREIGN KEY (`lesson_id`) REFERENCES `yaksh_lesson` (`id`);

--
-- Contraintes pour la table `yaksh_testcase`
--
ALTER TABLE `yaksh_testcase`
  ADD CONSTRAINT `yaksh_testcase_question_id_936815e6_fk_yaksh_question_id` FOREIGN KEY (`question_id`) REFERENCES `yaksh_question` (`id`);

--
-- Contraintes pour la table `yaksh_testcaseorder`
--
ALTER TABLE `yaksh_testcaseorder`
  ADD CONSTRAINT `yaksh_testcaseorder_answer_paper_id_b50c5225_fk_yaksh_ans` FOREIGN KEY (`answer_paper_id`) REFERENCES `yaksh_answerpaper` (`id`),
  ADD CONSTRAINT `yaksh_testcaseorder_question_id_12fec910_fk_yaksh_question_id` FOREIGN KEY (`question_id`) REFERENCES `yaksh_question` (`id`);
COMMIT;

/*!40101 SET CHARACTER_SET_CLIENT=@OLD_CHARACTER_SET_CLIENT */;
/*!40101 SET CHARACTER_SET_RESULTS=@OLD_CHARACTER_SET_RESULTS */;
/*!40101 SET COLLATION_CONNECTION=@OLD_COLLATION_CONNECTION */;
